,日期,开盘,收盘,最高,最低,成交量,成交额,振幅,涨跌幅,涨跌额,换手率
0,1997-12-25,5.15,5.08,5.38,5.03,1325988,682980416.0,8.97,30.26,1.18,46.44
1,1997-12-26,5.08,5.02,5.14,4.9,438799,217902656.0,4.72,-1.18,-0.06,15.37
2,1997-12-29,5.01,4.95,5.05,4.92,155690,77625952.0,2.59,-1.39,-0.07,5.45
3,1997-12-30,4.94,4.8,4.94,4.78,164850,80054520.0,3.23,-3.03,-0.15,5.77
4,1997-12-31,4.78,4.74,4.85,4.7,123737,58704408.0,3.13,-1.25,-0.06,4.33
5,1998-01-05,4.74,4.79,4.85,4.62,123193,57968088.0,4.85,1.05,0.05,4.31
6,1998-01-06,4.78,4.68,4.78,4.64,94454,44352800.0,2.92,-2.3,-0.11,3.31
7,1998-01-07,4.67,4.71,4.8,4.6,97897,46098828.0,4.27,0.64,0.03,3.43
8,1998-01-08,4.69,4.65,4.78,4.63,100438,47215024.0,3.18,-1.27,-0.06,3.52
9,1998-01-09,4.68,4.67,4.7,4.62,67745,31485168.0,1.72,0.43,0.02,2.37
10,1998-01-12,4.69,4.54,4.69,4.52,107179,49197144.0,3.64,-2.78,-0.13,3.75
11,1998-01-13,4.5,4.26,4.51,4.09,139522,59331820.0,9.25,-6.17,-0.28,4.89
12,1998-01-14,4.23,4.58,4.59,4.21,124390,55119720.0,8.92,7.51,0.32,4.36
13,1998-01-15,4.55,4.46,4.59,4.3,99008,43949376.0,6.33,-2.62,-0.12,3.47
14,1998-01-16,4.48,4.36,4.48,4.34,48903,21372378.0,3.14,-2.24,-0.1,1.71
15,1998-01-19,4.35,4.23,4.35,4.21,48169,20524844.0,3.21,-2.98,-0.13,1.69
16,1998-01-20,4.22,4.27,4.38,4.18,34479,14742343.0,4.73,0.95,0.04,1.21
17,1998-01-21,4.31,4.27,4.36,4.23,28568,12221556.0,3.04,0.0,0.0,1.0
18,1998-01-22,4.27,4.18,4.28,4.18,57950,24375412.0,2.34,-2.11,-0.09,2.03
19,1998-01-23,4.18,4.23,4.29,4.17,39450,16649326.0,2.87,1.2,0.05,1.38
20,1998-02-09,4.31,4.34,4.38,4.25,52692,22681864.0,3.07,2.6,0.11,1.85
21,1998-02-10,4.32,4.31,4.37,4.27,35589,15354292.0,2.3,-0.69,-0.03,1.25
22,1998-02-11,4.3,4.41,4.49,4.28,53542,23351776.0,4.87,2.32,0.1,1.88
23,1998-02-12,4.44,4.32,4.44,4.29,43574,18927842.0,3.4,-2.04,-0.09,1.53
24,1998-02-13,4.32,4.26,4.32,4.25,33154,14146701.0,1.62,-1.39,-0.06,1.16
25,1998-02-16,4.25,4.28,4.3,4.2,30710,13014051.0,2.35,0.47,0.02,1.08
26,1998-02-17,4.3,4.26,4.3,4.22,21286,9030011.0,1.87,-0.47,-0.02,0.75
27,1998-02-18,4.28,4.23,4.28,4.19,35930,15176862.0,2.11,-0.7,-0.03,1.26
28,1998-02-19,4.23,4.23,4.26,4.2,30855,13013715.0,1.42,0.0,0.0,1.08
29,1998-02-20,4.25,4.25,4.3,4.2,33559,14242566.0,2.36,0.47,0.02,1.18
30,1998-02-23,4.25,4.23,4.25,4.18,34892,14649543.0,1.65,-0.47,-0.02,1.22
31,1998-02-24,4.22,4.21,4.27,4.2,19171,8099009.5,1.65,-0.47,-0.02,0.67
32,1998-02-25,4.21,4.26,4.3,4.2,34252,14510529.0,2.38,1.19,0.05,1.2
33,1998-02-26,4.28,4.33,4.44,4.26,70898,30740018.0,4.23,1.64,0.07,2.48
34,1998-02-27,4.33,4.26,4.35,4.23,22283,9510711.0,2.77,-1.62,-0.07,0.78
35,1998-03-02,4.19,4.2,4.32,4.18,36525,15410967.0,3.29,-1.41,-0.06,1.28
36,1998-03-03,4.2,4.25,4.28,4.2,23951,10149345.0,1.9,1.19,0.05,0.84
37,1998-03-04,4.25,4.34,4.39,4.24,59576,25890840.0,3.53,2.12,0.09,2.09
38,1998-03-05,4.35,4.28,4.38,4.26,27339,11767820.0,2.76,-1.38,-0.06,0.96
39,1998-03-06,4.26,4.29,4.34,4.25,20999,9004282.0,2.1,0.23,0.01,0.74
40,1998-03-09,4.32,4.27,4.33,4.25,21093,9049403.0,1.86,-0.47,-0.02,0.74
41,1998-03-10,4.25,4.25,4.28,4.2,27650,11663531.0,1.87,-0.47,-0.02,0.97
42,1998-03-11,4.22,4.18,4.25,4.18,34185,14359632.0,1.65,-1.65,-0.07,1.2
43,1998-03-12,4.17,4.14,4.19,4.09,33675,13882935.0,2.39,-0.96,-0.04,1.18
44,1998-03-13,4.13,4.12,4.15,4.1,20460,8417226.0,1.21,-0.48,-0.02,0.72
45,1998-03-16,4.15,4.11,4.16,4.06,23930,9799342.0,2.43,-0.24,-0.01,0.84
46,1998-03-17,4.12,4.15,4.21,4.12,20672,8596707.0,2.19,0.97,0.04,0.72
47,1998-03-18,4.17,4.11,4.18,4.1,20363,8385590.0,1.93,-0.96,-0.04,0.71
48,1998-03-19,4.11,4.1,4.16,4.09,16122,6635670.0,1.7,-0.24,-0.01,0.56
49,1998-03-20,4.1,4.12,4.13,4.08,26206,10735712.0,1.22,0.49,0.02,0.92
50,1998-03-23,4.1,4.06,4.12,4.04,29176,11854893.0,1.94,-1.46,-0.06,1.02
51,1998-03-24,4.05,4.06,4.07,4.04,21374,8656086.0,0.74,0.0,0.0,0.75
52,1998-03-25,4.12,4.05,4.12,4.03,30151,12218756.0,2.22,-0.25,-0.01,1.06
53,1998-03-26,4.05,4.02,4.08,4.0,31547,12669105.0,1.98,-0.74,-0.03,1.1
54,1998-03-27,4.0,4.03,4.1,3.99,43411,17481764.0,2.74,0.25,0.01,1.52
55,1998-03-30,4.05,4.08,4.09,4.01,46921,18961404.0,1.99,1.24,0.05,1.64
56,1998-03-31,4.08,4.03,4.09,4.02,30022,12123361.0,1.72,-1.23,-0.05,1.05
57,1998-04-01,4.03,4.01,4.04,3.99,41816,16763970.0,1.24,-0.5,-0.02,1.46
58,1998-04-02,4.03,4.17,4.2,4.0,82166,33766748.0,4.99,3.99,0.16,2.88
59,1998-04-03,4.18,4.12,4.19,4.1,33862,13962999.0,2.16,-1.2,-0.05,1.19
60,1998-04-06,4.11,4.25,4.29,4.09,71204,30012030.0,4.85,3.16,0.13,2.49
61,1998-04-07,4.23,4.18,4.27,4.17,40704,17123434.0,2.35,-1.65,-0.07,1.43
62,1998-04-08,4.2,4.4,4.45,4.15,148287,63870992.0,7.18,5.26,0.22,5.19
63,1998-04-09,4.4,4.35,4.49,4.26,149176,65267420.0,5.23,-1.14,-0.05,5.22
64,1998-04-10,4.35,4.32,4.42,4.3,60865,26419432.0,2.76,-0.69,-0.03,2.13
65,1998-04-13,4.33,4.22,4.35,4.22,57394,24430092.0,3.01,-2.31,-0.1,2.01
66,1998-04-14,4.2,4.22,4.27,4.2,29896,12609217.0,1.66,0.0,0.0,1.05
67,1998-04-15,4.2,4.23,4.28,4.2,32107,13583281.0,1.9,0.24,0.01,1.12
68,1998-04-16,4.23,4.16,4.25,4.15,41734,17517830.0,2.36,-1.65,-0.07,1.46
69,1998-04-17,4.15,4.14,4.21,4.1,37774,15659985.0,2.64,-0.48,-0.02,1.32
70,1998-04-20,4.12,4.13,4.17,4.08,35362,14556055.0,2.17,-0.24,-0.01,1.24
71,1998-04-21,4.1,4.13,4.17,4.1,26409,10890648.0,1.69,0.0,0.0,0.92
72,1998-04-22,4.13,4.19,4.23,4.13,35053,14694064.0,2.42,1.45,0.06,1.23
73,1998-04-23,4.2,4.16,4.25,4.14,31469,13158337.0,2.63,-0.72,-0.03,1.1
74,1998-04-24,4.16,4.13,4.19,4.1,27617,11450872.0,2.16,-0.72,-0.03,0.97
75,1998-04-27,4.2,4.12,4.28,4.08,41508,17316536.0,4.84,-0.24,-0.01,1.45
76,1998-04-28,4.18,4.2,4.21,4.14,39370,16413096.0,1.7,1.94,0.08,1.38
77,1998-04-29,4.2,4.15,4.2,4.12,25731,10684532.0,1.9,-1.19,-0.05,0.9
78,1998-04-30,4.15,4.12,4.15,4.11,29572,12188194.0,0.96,-0.72,-0.03,1.04
79,1998-05-04,4.13,4.12,4.18,4.09,46011,18905982.0,2.18,0.0,0.0,1.61
80,1998-05-05,4.13,4.12,4.18,4.09,30901,12755178.0,2.18,0.0,0.0,1.08
81,1998-05-06,4.16,4.1,4.16,4.07,33779,13856786.0,2.18,-0.49,-0.02,1.18
82,1998-05-07,4.1,4.06,4.1,4.05,40990,16695276.0,1.22,-0.98,-0.04,1.44
83,1998-05-08,4.05,4.08,4.09,4.05,39700,16148928.0,0.99,0.49,0.02,1.39
84,1998-05-11,4.08,4.15,4.2,4.03,69320,28344038.0,4.17,1.72,0.07,2.43
85,1998-05-12,4.16,4.18,4.32,4.05,79876,33589816.0,6.51,0.72,0.03,2.8
86,1998-05-13,4.22,4.16,4.23,4.1,36698,15210945.0,3.11,-0.48,-0.02,1.29
87,1998-05-14,4.16,4.17,4.23,4.13,41499,17325828.0,2.4,0.24,0.01,1.45
88,1998-05-15,4.18,4.18,4.23,4.15,48491,20328406.0,1.92,0.24,0.01,1.7
89,1998-05-18,4.2,4.12,4.23,4.11,40930,17056458.0,2.87,-1.44,-0.06,1.43
90,1998-05-19,4.12,4.09,4.14,4.05,26906,10989422.0,2.18,-0.73,-0.03,0.94
91,1998-05-20,4.08,4.07,4.11,4.05,22835,9280602.0,1.47,-0.49,-0.02,0.8
92,1998-05-21,4.05,4.07,4.08,4.05,21849,8872844.0,0.74,0.0,0.0,0.77
93,1998-05-22,4.08,4.08,4.1,4.06,29342,11958626.0,0.98,0.25,0.01,1.03
94,1998-05-25,4.07,4.06,4.08,4.04,43574,17671888.0,0.98,-0.49,-0.02,1.53
95,1998-05-26,4.06,4.08,4.1,4.05,33821,13754452.0,1.23,0.49,0.02,1.18
96,1998-05-27,4.07,4.08,4.08,4.05,36957,15013762.0,0.74,0.0,0.0,1.29
97,1998-05-28,4.1,4.1,4.17,4.07,35359,14512194.0,2.45,0.49,0.02,1.24
98,1998-05-29,4.1,4.11,4.16,4.09,37699,15537370.0,1.71,0.24,0.01,1.32
99,1998-06-01,4.12,4.08,4.18,4.06,34909,14378542.0,2.92,-0.73,-0.03,1.22
100,1998-06-02,4.08,4.05,4.12,4.04,29501,11979925.0,1.96,-0.74,-0.03,1.03
101,1998-06-03,4.05,4.08,4.1,4.04,27759,11269804.0,1.48,0.74,0.03,0.97
102,1998-06-04,4.1,4.04,4.1,4.03,29280,11842646.0,1.72,-0.98,-0.04,1.03
103,1998-06-05,4.04,4.05,4.07,4.03,31388,12679390.0,0.99,0.25,0.01,1.1
104,1998-06-08,4.05,4.02,4.05,4.01,29071,11703882.0,0.99,-0.74,-0.03,1.02
105,1998-06-09,4.02,3.94,4.02,3.92,47684,18937332.0,2.49,-1.99,-0.08,1.67
106,1998-06-10,3.94,3.95,3.97,3.91,28874,11358829.0,1.52,0.25,0.01,1.01
107,1998-06-11,3.93,3.91,3.97,3.9,20932,8203479.5,1.77,-1.01,-0.04,0.73
108,1998-06-12,3.95,3.95,4.0,3.93,23641,9342086.0,1.79,1.02,0.04,0.83
109,1998-06-15,3.93,3.91,3.95,3.9,22270,8710211.0,1.27,-1.01,-0.04,0.78
110,1998-06-16,3.91,3.83,3.92,3.8,31003,11894476.0,3.07,-2.05,-0.08,1.09
111,1998-06-17,3.87,3.85,3.9,3.83,15598,6010925.5,1.83,0.52,0.02,0.55
112,1998-06-18,3.9,4.02,4.16,3.9,50228,20256276.0,6.75,4.42,0.17,1.76
113,1998-06-19,4.03,3.96,4.04,3.95,20225,8022424.0,2.24,-1.49,-0.06,0.71
114,1998-06-22,3.96,3.93,3.97,3.9,25143,9858690.0,1.77,-0.76,-0.03,0.88
115,1998-06-23,3.93,3.93,3.96,3.88,20623,8067153.5,2.04,0.0,0.0,0.72
116,1998-06-24,3.98,3.99,4.06,3.96,26405,10557556.0,2.54,1.53,0.06,0.92
117,1998-06-25,4.0,3.93,4.0,3.91,15674,6167743.0,2.26,-1.5,-0.06,0.55
118,1998-06-26,3.95,3.91,3.99,3.89,8753,3425992.0,2.54,-0.51,-0.02,0.29
119,1998-06-30,3.9,3.84,3.92,3.83,12646,4872620.0,2.3,-1.79,-0.07,0.42
120,1998-07-01,3.91,3.82,3.94,3.81,15598,6020228.5,3.39,-0.52,-0.02,0.52
121,1998-07-02,3.85,3.86,3.89,3.81,19141,7356275.5,2.09,1.05,0.04,0.64
122,1998-07-03,3.9,3.87,3.95,3.84,15417,5997428.0,2.85,0.26,0.01,0.51
123,1998-07-06,3.9,3.91,3.96,3.87,20642,8087597.0,2.33,1.03,0.04,0.69
124,1998-07-07,3.89,3.88,3.93,3.86,10750,4176585.0,1.79,-0.77,-0.03,0.36
125,1998-07-08,3.9,3.91,3.96,3.88,5455,2127372.0,2.06,0.77,0.03,0.18
126,1998-07-09,3.91,3.89,3.92,3.85,13927,5423241.5,1.79,-0.51,-0.02,0.46
127,1998-07-10,3.9,3.91,3.96,3.87,17338,6788096.5,2.31,0.51,0.02,0.58
128,1998-07-13,3.91,3.96,3.98,3.88,23619,9316102.0,2.56,1.28,0.05,0.79
129,1998-07-14,3.95,3.89,3.96,3.86,14246,5571347.0,2.53,-1.77,-0.07,0.47
130,1998-07-15,3.9,3.98,4.06,3.86,38450,15299621.0,5.14,2.31,0.09,1.28
131,1998-07-16,3.98,3.91,3.98,3.9,14038,5520328.5,2.01,-1.76,-0.07,0.47
132,1998-07-17,3.94,3.88,3.94,3.88,11442,4475275.0,1.53,-0.77,-0.03,0.38
133,1998-07-20,3.86,3.82,3.91,3.8,20380,7808333.5,2.84,-1.55,-0.06,0.68
134,1998-07-21,3.82,3.85,3.85,3.8,13661,5224010.0,1.31,0.79,0.03,0.46
135,1998-07-22,3.85,3.86,3.95,3.81,11424,4401892.5,3.64,0.26,0.01,0.38
136,1998-07-23,3.85,3.88,3.9,3.84,7268,2811157.0,1.55,0.52,0.02,0.24
137,1998-07-24,3.9,3.86,3.9,3.84,11765,4546598.0,1.55,-0.52,-0.02,0.39
138,1998-07-27,3.85,3.84,3.87,3.82,11878,4549536.0,1.3,-0.52,-0.02,0.4
139,1998-07-28,3.85,3.85,3.88,3.83,7611,2929789.0,1.3,0.26,0.01,0.25
140,1998-07-29,3.85,3.88,3.94,3.85,16609,6476472.5,2.34,0.78,0.03,0.55
141,1998-07-30,3.88,3.84,3.93,3.84,11160,4322365.5,2.32,-1.03,-0.04,0.37
142,1998-07-31,3.9,3.85,3.9,3.84,8336,3216494.5,1.56,0.26,0.01,0.28
143,1998-08-03,3.84,3.82,3.9,3.81,9419,3604913.0,2.34,-0.78,-0.03,0.31
144,1998-08-04,3.82,3.78,3.82,3.76,20379,7729281.5,1.57,-1.05,-0.04,0.68
145,1998-08-05,3.81,3.79,3.82,3.76,10690,4041252.0,1.59,0.26,0.01,0.36
146,1998-08-06,3.78,3.74,3.81,3.73,14694,5521424.5,2.11,-1.32,-0.05,0.49
147,1998-08-07,3.74,3.66,3.74,3.63,21773,8009372.0,2.94,-2.14,-0.08,0.73
148,1998-08-10,3.63,3.55,3.64,3.53,18499,6606047.0,3.01,-3.01,-0.11,0.62
149,1998-08-11,3.55,3.45,3.59,3.44,17303,6063865.5,4.23,-2.82,-0.1,0.58
150,1998-08-12,3.46,3.4,3.46,3.31,24113,8150441.0,4.35,-1.45,-0.05,0.8
151,1998-08-14,3.4,3.25,3.4,3.25,18111,5971420.5,4.41,-4.41,-0.15,0.6
152,1998-08-17,3.2,2.99,3.2,2.97,35879,10908464.0,7.08,-8.0,-0.26,1.2
153,1998-08-18,2.98,3.05,3.17,2.92,27517,8449590.0,8.36,2.01,0.06,0.92
154,1998-08-19,3.05,3.17,3.18,3.04,21416,6696819.0,4.59,3.93,0.12,0.71
155,1998-08-20,3.18,3.2,3.2,3.11,22201,7003751.5,2.84,0.95,0.03,0.74
156,1998-08-21,3.2,3.25,3.29,3.15,27213,8762136.0,4.38,1.56,0.05,0.91
157,1998-08-24,3.24,3.23,3.33,3.18,19919,6485556.0,4.62,-0.62,-0.02,0.66
158,1998-08-25,3.22,3.19,3.23,3.14,14784,4699690.0,2.79,-1.24,-0.04,0.49
159,1998-08-26,3.18,3.21,3.26,3.15,11798,3769690.75,3.45,0.63,0.02,0.39
160,1998-08-27,3.17,3.09,3.18,3.09,11321,3541880.25,2.8,-3.74,-0.12,0.38
161,1998-08-31,2.78,2.99,3.0,2.78,25732,7459275.5,7.12,-3.24,-0.1,0.86
162,1998-09-01,3.0,3.28,3.29,2.9,125469,40567500.0,13.04,9.7,0.29,4.18
163,1998-09-02,3.2,3.16,3.27,3.15,53037,16940802.0,3.66,-3.66,-0.12,1.77
164,1998-09-03,3.15,3.14,3.19,3.12,16041,5050253.5,2.22,-0.63,-0.02,0.53
165,1998-09-04,3.15,3.12,3.17,3.09,21038,6561485.0,2.55,-0.64,-0.02,0.7
166,1998-09-07,3.12,3.2,3.24,3.12,16717,5300081.5,3.85,2.56,0.08,0.56
167,1998-09-08,3.22,3.13,3.22,3.13,13325,4219291.0,2.81,-2.19,-0.07,0.44
168,1998-09-09,3.12,3.17,3.18,3.1,12739,3981540.25,2.56,1.28,0.04,0.42
169,1998-09-10,3.18,3.16,3.19,3.13,26443,8353883.5,1.89,-0.32,-0.01,0.88
170,1998-09-11,3.18,3.14,3.18,3.13,22225,7003198.0,1.58,-0.63,-0.02,0.74
171,1998-09-14,3.13,3.15,3.16,3.07,32300,10042043.0,2.87,0.32,0.01,1.08
172,1998-09-15,3.15,3.15,3.22,3.13,23360,7413940.5,2.86,0.0,0.0,0.78
173,1998-09-16,3.13,3.16,3.21,3.11,16895,5353006.5,3.17,0.32,0.01,0.56
174,1998-09-17,3.16,3.11,3.19,3.1,21387,6720240.5,2.85,-1.58,-0.05,0.71
175,1998-09-18,3.08,3.04,3.1,3.03,21688,6649422.5,2.25,-2.25,-0.07,0.72
176,1998-09-21,3.02,3.05,3.06,2.98,20085,6039643.0,2.63,0.33,0.01,0.67
177,1998-09-22,3.05,3.07,3.17,3.05,15734,4864092.5,3.93,0.66,0.02,0.52
178,1998-09-23,3.07,3.12,3.18,3.07,25806,8111035.0,3.58,1.63,0.05,0.86
179,1998-09-24,3.15,3.02,3.15,3.02,16192,4950847.0,4.17,-3.21,-0.1,0.54
180,1998-09-25,3.02,3.11,3.11,3.01,12179,3709003.0,3.31,2.98,0.09,0.41
181,1998-09-28,3.13,3.31,3.42,3.1,145068,47904004.0,10.29,6.43,0.2,4.84
182,1998-09-29,3.31,3.27,3.37,3.23,64088,21121090.0,4.23,-1.21,-0.04,2.14
183,1998-09-30,3.26,3.26,3.31,3.25,24774,8128421.0,1.83,-0.31,-0.01,0.83
184,1998-10-05,3.26,3.2,3.29,3.19,19445,6288606.0,3.07,-1.84,-0.06,0.65
185,1998-10-06,3.21,3.09,3.21,3.08,27094,8486072.0,4.06,-3.44,-0.11,0.9
186,1998-10-07,3.09,3.1,3.14,3.06,12061,3741079.0,2.59,0.32,0.01,0.4
187,1998-10-08,3.12,3.13,3.15,3.1,8968,2792941.5,1.61,0.97,0.03,0.3
188,1998-10-09,3.12,3.08,3.13,3.07,16012,4952916.0,1.92,-1.6,-0.05,0.53
189,1998-10-12,3.08,3.08,3.13,3.05,19524,6003603.5,2.6,0.0,0.0,0.65
190,1998-10-13,3.1,3.08,3.14,3.08,9913,3074403.5,1.95,0.0,0.0,0.33
191,1998-10-14,3.09,3.08,3.09,3.06,9494,2919942.75,0.97,0.0,0.0,0.32
192,1998-10-15,3.08,3.06,3.1,3.04,13435,4109076.25,1.95,-0.65,-0.02,0.45
193,1998-10-16,3.08,3.08,3.1,3.06,12264,3777751.0,1.31,0.65,0.02,0.41
194,1998-10-19,3.08,3.08,3.1,3.05,13963,4286078.5,1.62,0.0,0.0,0.47
195,1998-10-20,3.07,3.07,3.09,3.06,10027,3080891.0,0.97,-0.32,-0.01,0.33
196,1998-10-21,3.05,3.0,3.06,2.98,22597,6804626.0,2.61,-2.28,-0.07,0.75
197,1998-10-22,3.0,3.0,3.05,2.96,21917,6567258.5,3.0,0.0,0.0,0.73
198,1998-10-23,3.0,3.0,3.1,2.99,20547,6203764.0,3.67,0.0,0.0,0.69
199,1998-10-26,3.0,2.96,3.03,2.93,16830,4994717.5,3.33,-1.33,-0.04,0.56
200,1998-10-27,2.98,2.93,2.99,2.9,21417,6271171.5,3.04,-1.01,-0.03,0.71
201,1998-10-28,2.93,2.96,2.98,2.9,15229,4475282.0,2.73,1.02,0.03,0.51
202,1998-10-29,2.95,2.91,3.0,2.91,13430,3938208.0,3.04,-1.69,-0.05,0.45
203,1998-10-30,2.93,2.92,2.94,2.9,10477,3065764.5,1.37,0.34,0.01,0.35
204,1998-11-02,2.92,2.89,2.92,2.88,16986,4914593.0,1.37,-1.03,-0.03,0.57
205,1998-11-03,2.88,2.93,2.98,2.88,11191,3264844.25,3.46,1.38,0.04,0.37
206,1998-11-04,2.93,2.91,2.95,2.9,10997,3205281.75,1.71,-0.68,-0.02,0.37
207,1998-11-05,2.94,2.93,2.95,2.91,10709,3133971.0,1.37,0.69,0.02,0.36
208,1998-11-06,2.98,2.95,2.98,2.93,14194,4200724.5,1.71,0.68,0.02,0.47
209,1998-11-09,2.95,3.04,3.09,2.95,27760,8421046.0,4.75,3.05,0.09,0.93
210,1998-11-10,3.02,3.02,3.06,3.01,21362,6463032.5,1.64,-0.66,-0.02,0.71
211,1998-11-11,3.03,2.97,3.04,2.96,16498,4922919.0,2.65,-1.66,-0.05,0.55
212,1998-11-12,2.98,2.97,3.0,2.96,12290,3659842.25,1.35,0.0,0.0,0.41
213,1998-11-13,2.96,2.95,2.99,2.9,23075,6777072.0,3.03,-0.67,-0.02,0.77
214,1998-11-16,2.95,2.99,2.99,2.94,15944,4715174.0,1.69,1.36,0.04,0.53
215,1998-11-17,2.99,2.97,3.03,2.97,16154,4849742.5,2.01,-0.67,-0.02,0.54
216,1998-11-18,2.96,3.01,3.03,2.96,18890,5673050.5,2.36,1.35,0.04,0.63
217,1998-11-19,3.0,2.97,3.03,2.96,9488,2831897.0,2.33,-1.33,-0.04,0.32
218,1998-11-20,2.99,2.94,2.99,2.92,10815,3181830.5,2.36,-1.01,-0.03,0.36
219,1998-11-23,2.94,2.94,2.96,2.91,8336,2440791.5,1.7,0.0,0.0,0.28
220,1998-11-24,2.94,2.94,2.96,2.92,7919,2329539.75,1.36,0.0,0.0,0.26
221,1998-11-25,2.93,2.9,2.95,2.9,9917,2895818.0,1.7,-1.36,-0.04,0.33
222,1998-11-26,2.9,2.9,2.92,2.89,11397,3304697.5,1.03,0.0,0.0,0.38
223,1998-11-27,2.9,2.88,2.93,2.87,9889,2862426.0,2.07,-0.69,-0.02,0.33
224,1998-11-30,2.89,2.85,2.9,2.84,16535,4737369.5,2.08,-1.04,-0.03,0.55
225,1998-12-01,2.85,2.86,2.87,2.84,9110,2598818.75,1.05,0.35,0.01,0.3
226,1998-12-02,2.86,2.85,2.86,2.82,12712,3603995.25,1.4,-0.35,-0.01,0.42
227,1998-12-03,2.85,2.86,2.91,2.85,6471,1861877.75,2.11,0.35,0.01,0.22
228,1998-12-04,2.87,2.84,2.88,2.83,6085,1728160.0,1.75,-0.7,-0.02,0.2
229,1998-12-07,2.88,2.83,2.91,2.81,7319,2085860.62,3.52,-0.35,-0.01,0.24
230,1998-12-08,2.83,2.9,2.92,2.81,12322,3523642.0,3.89,2.47,0.07,0.41
231,1998-12-09,2.9,2.94,2.98,2.85,27695,8136678.0,4.48,1.38,0.04,0.92
232,1998-12-10,2.94,2.86,2.95,2.83,15274,4391051.5,4.08,-2.72,-0.08,0.51
233,1998-12-11,2.84,2.92,2.94,2.81,16724,4833876.5,4.55,2.1,0.06,0.56
234,1998-12-14,2.94,2.92,3.0,2.9,25961,7683245.5,3.42,0.0,0.0,0.87
235,1998-12-15,2.91,2.92,2.92,2.85,11866,3425212.5,2.4,0.0,0.0,0.4
236,1998-12-16,2.92,2.88,2.94,2.88,9275,2695694.0,2.05,-1.37,-0.04,0.31
237,1998-12-17,2.88,2.85,2.88,2.83,13022,3717041.0,1.74,-1.04,-0.03,0.43
238,1998-12-18,2.83,2.86,2.91,2.82,11648,3328947.5,3.16,0.35,0.01,0.39
239,1998-12-21,2.86,2.95,2.97,2.84,25918,7617724.0,4.55,3.15,0.09,0.86
240,1998-12-22,2.95,2.97,2.98,2.91,23393,6904091.0,2.37,0.68,0.02,0.78
241,1998-12-23,2.97,2.92,2.97,2.91,12674,3721530.25,2.02,-1.68,-0.05,0.42
242,1998-12-24,2.92,2.92,2.95,2.85,8181,2371492.0,3.42,0.0,0.0,0.27
243,1998-12-25,2.92,2.94,2.95,2.9,9550,2794959.5,1.71,0.68,0.02,0.32
244,1998-12-28,2.94,2.96,3.02,2.94,28540,8517364.0,2.72,0.68,0.02,0.95
245,1998-12-29,2.94,2.91,2.98,2.9,11955,3508967.0,2.7,-1.69,-0.05,0.4
246,1998-12-30,2.9,2.91,2.94,2.86,13879,4013077.25,2.75,0.0,0.0,0.46
247,1998-12-31,2.9,2.89,2.93,2.88,8590,2498364.0,1.72,-0.69,-0.02,0.29
248,1999-01-04,2.88,2.84,2.9,2.83,9491,2710383.75,2.42,-1.73,-0.05,0.32
249,1999-01-05,2.86,2.82,2.86,2.78,12301,3465807.75,2.82,-0.7,-0.02,0.41
250,1999-01-06,2.83,2.87,2.89,2.82,11266,3235535.25,2.48,1.77,0.05,0.38
251,1999-01-07,2.87,2.84,2.88,2.82,6645,1893027.88,2.09,-1.05,-0.03,0.22
252,1999-01-08,2.84,2.9,2.9,2.84,11446,3286064.25,2.11,2.11,0.06,0.38
253,1999-01-11,2.9,3.02,3.09,2.89,83470,25174626.0,6.9,4.14,0.12,2.78
254,1999-01-12,3.02,2.98,3.02,2.96,27192,8140768.0,1.99,-1.32,-0.04,0.91
255,1999-01-13,2.97,3.04,3.09,2.92,66849,20319282.0,5.7,2.01,0.06,2.23
256,1999-01-14,3.04,3.01,3.1,2.99,29615,9004779.0,3.62,-0.99,-0.03,0.99
257,1999-01-15,3.0,3.04,3.08,2.97,34567,10473812.0,3.65,1.0,0.03,1.15
258,1999-01-18,3.05,3.01,3.08,3.0,26668,8080340.0,2.63,-0.99,-0.03,0.89
259,1999-01-19,3.01,2.99,3.05,2.95,26403,7867949.5,3.32,-0.66,-0.02,0.88
260,1999-01-20,2.99,2.96,3.01,2.95,14291,4247227.0,2.01,-1.0,-0.03,0.48
261,1999-01-21,2.96,2.98,3.0,2.92,19190,5674562.0,2.7,0.68,0.02,0.64
262,1999-01-22,2.98,3.1,3.18,2.95,92599,28646204.0,7.72,4.03,0.12,3.09
263,1999-01-25,3.09,3.05,3.16,3.05,51253,15912568.0,3.55,-1.61,-0.05,1.71
264,1999-01-26,3.04,3.02,3.08,2.99,26081,7898877.0,2.95,-0.98,-0.03,0.87
265,1999-01-27,3.02,3.04,3.06,2.98,20113,6069719.0,2.65,0.66,0.02,0.67
266,1999-01-28,3.05,2.98,3.05,2.97,14644,4385693.0,2.63,-1.97,-0.06,0.49
267,1999-01-29,2.97,2.96,2.97,2.93,17146,5060509.5,1.34,-0.67,-0.02,0.57
268,1999-02-01,2.93,2.91,2.96,2.9,15837,4617080.0,2.03,-1.69,-0.05,0.53
269,1999-02-02,2.9,2.92,2.92,2.89,11642,3383828.0,1.03,0.34,0.01,0.39
270,1999-02-03,2.93,2.89,2.93,2.88,12819,3705480.75,1.71,-1.03,-0.03,0.43
271,1999-02-04,2.88,2.85,2.88,2.84,15660,4473967.0,1.38,-1.38,-0.04,0.52
272,1999-02-05,2.84,2.84,2.86,2.81,18210,5160446.5,1.75,-0.35,-0.01,0.61
273,1999-02-08,2.83,2.81,2.84,2.8,15519,4376445.5,1.41,-1.06,-0.03,0.52
274,1999-02-09,2.81,2.85,2.86,2.8,10500,2975971.25,2.14,1.42,0.04,0.35
275,1999-03-01,2.85,2.9,2.94,2.85,7094,2050620.38,3.16,1.75,0.05,0.24
276,1999-03-02,2.91,2.89,2.92,2.86,6192,1790434.12,2.07,-0.34,-0.01,0.21
277,1999-03-03,2.89,2.92,2.97,2.89,11411,3337146.5,2.77,1.04,0.03,0.38
278,1999-03-04,2.92,2.9,2.92,2.87,11373,3286040.0,1.71,-0.68,-0.02,0.38
279,1999-03-05,2.88,2.99,3.07,2.88,48305,14544420.0,6.55,3.1,0.09,1.61
280,1999-03-08,3.0,3.02,3.04,2.95,16774,5024776.0,3.01,1.0,0.03,0.56
281,1999-03-09,3.03,2.98,3.03,2.96,13172,3935592.5,2.32,-1.32,-0.04,0.44
282,1999-03-10,2.97,2.96,3.0,2.94,7933,2352930.5,2.01,-0.67,-0.02,0.26
283,1999-03-11,2.99,2.97,3.06,2.95,16265,4882051.5,3.72,0.34,0.01,0.54
284,1999-03-12,2.99,3.03,3.07,2.99,30091,9129887.0,2.69,2.02,0.06,1.0
285,1999-03-15,3.09,3.14,3.19,3.07,125855,39616884.0,3.96,3.63,0.11,4.2
286,1999-03-16,3.15,3.19,3.2,3.09,53804,16907106.0,3.5,1.59,0.05,1.79
287,1999-03-17,3.21,3.35,3.5,3.2,267152,89531816.0,9.4,5.02,0.16,8.91
288,1999-03-18,3.3,3.2,3.36,3.16,126989,41691624.0,5.97,-4.48,-0.15,4.23
289,1999-03-19,3.2,3.24,3.31,3.16,103282,33470786.0,4.69,1.25,0.04,3.44
290,1999-03-22,3.25,3.26,3.32,3.19,55489,18104694.0,4.01,0.62,0.02,1.85
291,1999-03-23,3.3,3.34,3.39,3.25,52862,17526586.0,4.29,2.45,0.08,1.76
292,1999-03-24,3.35,3.24,3.36,3.2,37148,12094811.0,4.79,-2.99,-0.1,1.24
293,1999-03-25,3.23,3.15,3.24,3.15,28552,9087533.0,2.78,-2.78,-0.09,0.95
294,1999-03-26,3.12,3.18,3.2,3.11,23541,7455749.0,2.86,0.95,0.03,0.78
295,1999-03-29,3.18,3.23,3.27,3.16,43475,13990502.0,3.46,1.57,0.05,1.45
296,1999-03-30,3.25,3.15,3.27,3.13,28973,9195335.0,4.33,-2.48,-0.08,0.97
297,1999-03-31,3.14,3.16,3.18,3.11,19946,6277490.0,2.22,0.32,0.01,0.67
298,1999-04-01,3.15,3.15,3.16,3.12,21104,6628063.0,1.27,-0.32,-0.01,0.7
299,1999-04-02,3.15,3.17,3.19,3.13,35342,11149803.0,1.9,0.63,0.02,1.18
300,1999-04-05,3.18,3.16,3.19,3.12,42691,13438391.0,2.21,-0.32,-0.01,1.42
301,1999-04-06,3.16,3.21,3.24,3.14,31835,10154246.0,3.16,1.58,0.05,1.06
302,1999-04-07,3.22,3.28,3.39,3.22,89119,29475036.0,5.3,2.18,0.07,2.97
303,1999-04-08,3.28,3.24,3.31,3.2,33894,10988857.0,3.35,-1.22,-0.04,1.13
304,1999-04-09,3.24,3.26,3.32,3.17,46034,14936681.0,4.63,0.62,0.02,1.53
305,1999-04-12,3.25,3.38,3.45,3.24,161407,54497896.0,6.44,3.68,0.12,5.38
306,1999-04-13,3.37,3.27,3.42,3.26,57934,19370184.0,4.73,-3.25,-0.11,1.93
307,1999-04-14,3.24,3.23,3.29,3.22,29443,9537482.0,2.14,-1.22,-0.04,0.98
308,1999-04-15,3.21,3.17,3.25,3.16,42310,13493984.0,2.79,-1.86,-0.06,1.41
309,1999-04-16,3.16,3.15,3.2,3.14,27977,8846116.0,1.89,-0.63,-0.02,0.93
310,1999-04-19,3.14,3.11,3.15,3.1,27085,8432289.0,1.59,-1.27,-0.04,0.9
311,1999-04-20,3.1,3.19,3.22,3.1,19992,6322859.0,3.86,2.57,0.08,0.67
312,1999-04-21,3.19,3.1,3.21,3.09,25776,8069638.0,3.76,-2.82,-0.09,0.86
313,1999-04-22,3.08,3.05,3.1,2.95,38416,11610427.0,4.84,-1.61,-0.05,1.28
314,1999-04-23,3.05,3.1,3.14,3.04,25881,7993680.5,3.28,1.64,0.05,0.86
315,1999-04-26,3.1,3.12,3.18,3.1,32053,10096004.0,2.58,0.65,0.02,1.07
316,1999-04-27,3.12,2.99,3.15,2.98,26216,7902887.0,5.45,-4.17,-0.13,0.87
317,1999-04-28,2.98,2.9,3.03,2.88,41434,12142608.0,5.02,-3.01,-0.09,1.38
318,1999-04-29,2.89,2.94,2.95,2.86,17261,5030711.0,3.1,1.38,0.04,0.58
319,1999-04-30,2.96,2.93,2.97,2.92,14968,4389525.0,1.7,-0.34,-0.01,0.5
320,1999-05-04,2.93,2.9,2.95,2.89,16934,4913677.0,2.05,-1.02,-0.03,0.56
321,1999-05-05,2.9,2.94,3.05,2.88,18150,5395826.5,5.86,1.38,0.04,0.61
322,1999-05-06,2.95,2.96,2.98,2.91,8970,2646437.75,2.38,0.68,0.02,0.3
323,1999-05-07,2.96,2.97,3.03,2.93,15263,4544374.0,3.38,0.34,0.01,0.51
324,1999-05-10,2.93,2.88,3.0,2.83,27402,7956300.5,5.72,-3.03,-0.09,0.91
325,1999-05-11,2.89,2.96,2.96,2.87,10848,3160228.25,3.13,2.78,0.08,0.36
326,1999-05-12,2.96,2.91,2.96,2.9,9667,2827880.5,2.03,-1.69,-0.05,0.32
327,1999-05-13,2.92,2.9,2.93,2.88,8847,2562351.0,1.72,-0.34,-0.01,0.29
328,1999-05-14,2.9,2.84,2.9,2.83,13943,3977158.25,2.41,-2.07,-0.06,0.46
329,1999-05-17,2.82,2.83,2.87,2.8,8856,2506108.0,2.46,-0.35,-0.01,0.3
330,1999-05-18,2.83,2.82,2.88,2.81,5923,1681131.0,2.47,-0.35,-0.01,0.2
331,1999-05-19,2.82,2.91,2.91,2.8,13543,3879719.5,3.9,3.19,0.09,0.45
332,1999-05-20,2.91,2.94,2.95,2.87,21774,6349133.0,2.75,1.03,0.03,0.73
333,1999-05-21,2.95,2.92,2.96,2.89,27339,7975209.0,2.38,-0.68,-0.02,0.91
334,1999-05-24,2.92,3.04,3.14,2.83,73249,21877364.0,10.62,4.11,0.12,2.44
335,1999-05-25,3.04,2.97,3.12,2.96,65430,19889894.0,5.26,-2.3,-0.07,2.18
336,1999-05-26,2.95,2.99,3.06,2.93,32718,9784515.0,4.38,0.67,0.02,1.09
337,1999-05-27,3.0,3.12,3.15,2.99,79038,24271158.0,5.35,4.35,0.13,2.64
338,1999-05-28,3.16,3.06,3.18,3.04,49610,15372320.0,4.49,-1.92,-0.06,1.65
339,1999-05-31,3.06,3.02,3.15,2.99,58017,17887916.0,5.23,-1.31,-0.04,1.93
340,1999-06-01,3.02,3.07,3.07,3.0,38614,11708104.0,2.32,1.66,0.05,1.29
341,1999-06-02,3.08,3.02,3.12,3.02,39887,12187258.0,3.26,-1.63,-0.05,1.33
342,1999-06-03,3.0,2.98,3.05,2.94,33857,10128697.0,3.64,-1.32,-0.04,1.13
343,1999-06-04,2.97,2.94,3.0,2.93,25441,7501570.0,2.35,-1.34,-0.04,0.85
344,1999-06-07,2.95,3.0,3.04,2.91,35149,10407586.0,4.42,2.04,0.06,1.17
345,1999-06-08,3.1,3.3,3.3,3.09,124249,40850748.0,7.0,10.0,0.3,4.14
346,1999-06-09,3.45,3.29,3.45,3.23,249073,82634936.0,6.67,-0.3,-0.01,8.3
347,1999-06-10,3.35,3.37,3.57,3.28,174739,59712468.0,8.81,2.43,0.08,5.83
348,1999-06-11,3.36,3.31,3.36,3.25,88000,29038878.0,3.26,-1.78,-0.06,2.93
349,1999-06-14,3.35,3.54,3.55,3.34,162276,55910644.0,6.34,6.95,0.23,5.41
350,1999-06-15,3.6,3.44,3.86,3.36,314081,115199304.0,14.12,-2.82,-0.1,10.47
351,1999-06-16,3.43,3.7,3.7,3.43,152097,54133744.0,7.85,7.56,0.26,5.07
352,1999-06-17,3.76,3.74,3.83,3.61,164838,61029408.0,5.95,1.08,0.04,5.5
353,1999-06-18,3.75,3.64,3.75,3.6,101152,36935296.0,4.01,-2.67,-0.1,3.37
354,1999-06-21,3.64,3.69,3.7,3.56,88336,32230336.0,3.85,1.37,0.05,2.95
355,1999-06-22,3.7,3.66,3.7,3.6,87213,31742226.0,2.71,-0.81,-0.03,2.91
356,1999-06-23,3.67,3.78,3.8,3.65,139490,52155836.0,4.1,3.28,0.12,4.65
357,1999-06-24,3.8,3.76,3.83,3.68,121541,45448504.0,3.97,-0.53,-0.02,4.05
358,1999-06-25,3.76,3.6,3.98,3.6,229967,87243440.0,10.11,-4.26,-0.16,7.67
359,1999-06-29,3.98,3.99,3.99,3.98,71585,28562360.0,0.28,10.83,0.39,2.39
360,1999-06-30,4.35,4.2,4.35,4.03,411112,174885632.0,8.02,5.26,0.21,13.71
361,1999-07-01,4.2,3.78,4.2,3.78,199959,78539016.0,10.0,-10.0,-0.42,6.67
362,1999-07-02,3.78,3.95,4.0,3.62,132151,51318232.0,10.05,4.5,0.17,4.41
363,1999-07-05,3.98,3.99,4.19,3.93,124070,50076028.0,6.58,1.01,0.04,4.14
364,1999-07-06,4.0,3.76,4.01,3.72,70060,26929796.0,7.27,-5.76,-0.23,2.34
365,1999-07-07,3.76,3.8,3.87,3.69,43026,16235113.0,4.79,1.06,0.04,1.43
366,1999-07-08,3.8,3.79,3.84,3.75,34578,13111888.0,2.37,-0.26,-0.01,1.15
367,1999-07-09,3.8,3.75,3.8,3.73,32602,12262679.0,1.85,-1.06,-0.04,1.09
368,1999-07-12,3.8,3.9,4.1,3.8,125627,49880636.0,8.0,4.0,0.15,4.19
369,1999-07-13,3.88,3.75,3.89,3.71,30583,11625638.0,4.62,-3.85,-0.15,1.02
370,1999-07-14,3.76,3.85,3.95,3.76,36303,13930834.0,5.07,2.67,0.1,1.21
371,1999-07-15,3.88,3.8,3.9,3.78,30608,11689653.0,3.12,-1.3,-0.05,1.02
372,1999-07-16,3.8,3.81,3.92,3.77,59467,22789008.0,3.95,0.26,0.01,1.98
373,1999-07-19,3.8,3.66,3.82,3.65,45593,17015830.0,4.46,-3.94,-0.15,1.52
374,1999-07-20,3.6,3.76,3.8,3.48,74371,27015096.0,8.74,2.73,0.1,2.48
375,1999-07-21,3.8,3.77,3.83,3.67,73000,27485886.0,4.26,0.27,0.01,2.43
376,1999-07-22,3.77,3.59,3.79,3.56,52612,19291212.0,6.1,-4.77,-0.18,1.75
377,1999-07-23,3.6,3.66,3.68,3.58,42426,15345019.0,2.79,1.95,0.07,1.41
378,1999-07-26,3.66,3.6,3.66,3.55,34560,12414163.0,3.01,-1.64,-0.06,1.15
379,1999-07-27,3.6,3.54,3.64,3.5,45942,16216596.0,3.89,-1.67,-0.06,1.53
380,1999-07-28,3.55,3.55,3.59,3.5,27498,9747583.0,2.54,0.28,0.01,0.92
381,1999-07-29,3.59,3.59,3.65,3.56,32391,11648268.0,2.54,1.13,0.04,1.08
382,1999-07-30,3.6,3.58,3.62,3.53,19891,7078566.0,2.51,-0.28,-0.01,0.66
383,1999-08-02,3.6,3.64,3.66,3.55,35355,12769742.0,3.07,1.68,0.06,1.18
384,1999-08-03,3.64,3.62,3.66,3.6,22477,8147341.5,1.65,-0.55,-0.02,0.75
385,1999-08-04,3.63,3.71,3.72,3.63,45141,16605294.0,2.49,2.49,0.09,1.51
386,1999-08-05,3.73,3.79,3.82,3.71,61540,23141902.0,2.96,2.16,0.08,2.05
387,1999-08-06,3.8,3.91,3.94,3.73,135548,52401524.0,5.54,3.17,0.12,4.52
388,1999-08-09,3.95,3.9,4.03,3.9,125911,50021640.0,3.32,-0.26,-0.01,4.2
389,1999-08-10,3.9,3.78,3.9,3.76,51357,19612918.0,3.59,-3.08,-0.12,1.71
390,1999-08-11,3.76,3.74,3.84,3.71,26708,10075834.0,3.44,-1.06,-0.04,0.89
391,1999-08-12,3.74,3.78,3.8,3.73,20711,7794978.0,1.87,1.07,0.04,0.69
392,1999-08-13,3.81,3.81,3.88,3.78,24873,9522879.0,2.65,0.79,0.03,0.83
393,1999-08-16,3.82,3.91,3.95,3.81,58967,22948130.0,3.67,2.62,0.1,1.97
394,1999-08-17,4.04,3.92,4.05,3.9,73101,28991300.0,3.84,0.26,0.01,2.44
395,1999-08-18,3.92,3.85,3.93,3.81,27226,10477786.0,3.06,-1.79,-0.07,0.91
396,1999-08-19,3.82,3.93,3.93,3.82,53311,20714856.0,2.86,2.08,0.08,1.78
397,1999-08-20,3.95,3.91,4.05,3.88,52692,20870896.0,4.33,-0.51,-0.02,1.76
398,1999-08-23,3.9,3.86,4.0,3.84,22941,8911249.0,4.09,-1.28,-0.05,0.76
399,1999-08-24,3.91,4.1,4.15,3.91,221755,89716048.0,6.22,6.22,0.24,7.39
400,1999-08-25,4.1,4.06,4.12,4.02,110027,44806688.0,2.44,-0.98,-0.04,3.67
401,1999-08-26,4.05,4.07,4.1,4.01,42665,17354536.0,2.22,0.25,0.01,1.42
402,1999-08-27,4.09,4.01,4.1,3.97,68616,27703276.0,3.19,-1.47,-0.06,2.29
403,1999-08-30,4.01,3.86,4.03,3.84,55053,21693648.0,4.74,-3.74,-0.15,1.84
404,1999-08-31,3.86,3.92,3.97,3.86,33294,12987310.0,2.85,1.55,0.06,1.11
405,1999-09-01,3.92,3.86,3.93,3.84,24957,9665669.0,2.3,-1.53,-0.06,0.83
406,1999-09-02,3.85,3.9,3.91,3.8,26137,10025400.0,2.85,1.04,0.04,0.87
407,1999-09-03,3.9,3.83,3.9,3.81,17763,6851449.0,2.31,-1.79,-0.07,0.59
408,1999-09-06,3.82,3.78,3.82,3.77,16085,6090667.5,1.31,-1.31,-0.05,0.54
409,1999-09-07,3.8,3.79,3.84,3.78,11136,4229996.5,1.59,0.26,0.01,0.37
410,1999-09-08,3.82,3.86,3.91,3.8,17634,6827256.0,2.9,1.85,0.07,0.59
411,1999-09-09,3.94,4.06,4.09,3.89,90886,36557352.0,5.18,5.18,0.2,3.03
412,1999-09-10,4.1,4.05,4.2,4.04,111425,45841808.0,3.94,-0.25,-0.01,3.72
413,1999-09-13,4.05,4.07,4.14,4.05,43581,17804600.0,2.22,0.49,0.02,1.45
414,1999-09-14,4.1,4.03,4.11,4.01,32788,13280973.0,2.46,-0.98,-0.04,1.09
415,1999-09-15,4.03,3.98,4.05,3.96,34095,13609355.0,2.23,-1.24,-0.05,1.14
416,1999-09-16,4.01,3.99,4.01,3.96,18032,7172150.0,1.26,0.25,0.01,0.6
417,1999-09-17,4.0,4.0,4.05,3.97,22804,9135412.0,2.01,0.25,0.01,0.76
418,1999-09-20,4.0,4.0,4.04,3.98,14960,5985012.0,1.5,0.0,0.0,0.5
419,1999-09-21,3.98,3.96,4.0,3.95,14416,5721522.5,1.25,-1.0,-0.04,0.48
420,1999-09-22,3.95,3.92,3.99,3.91,13460,5306088.5,2.02,-1.01,-0.04,0.45
421,1999-09-23,3.89,3.85,3.92,3.84,21376,8276546.0,2.04,-1.79,-0.07,0.71
422,1999-09-24,3.85,3.9,3.93,3.85,9123,3551018.25,2.08,1.3,0.05,0.3
423,1999-09-27,3.9,3.84,3.93,3.82,16070,6195524.0,2.82,-1.54,-0.06,0.54
424,1999-09-28,3.82,3.83,3.86,3.82,10727,4110255.25,1.04,-0.26,-0.01,0.36
425,1999-09-29,3.83,3.84,3.88,3.82,11426,4388266.0,1.57,0.26,0.01,0.38
426,1999-09-30,3.85,3.77,3.85,3.76,22352,8505531.0,2.34,-1.82,-0.07,0.75
427,1999-10-08,3.76,3.68,3.76,3.65,13010,4807080.5,2.92,-2.39,-0.09,0.43
428,1999-10-11,3.66,3.65,3.71,3.61,7886,2888605.0,2.72,-0.82,-0.03,0.26
429,1999-10-12,3.7,3.68,3.7,3.65,4875,1788555.0,1.37,0.82,0.03,0.16
430,1999-10-13,3.7,3.61,3.72,3.6,7541,2748681.0,3.26,-1.9,-0.07,0.25
431,1999-10-14,3.61,3.58,3.67,3.55,7631,2744549.75,3.32,-0.83,-0.03,0.25
432,1999-10-15,3.6,3.65,3.68,3.6,10915,3974705.75,2.23,1.96,0.07,0.36
433,1999-10-18,3.67,3.55,3.68,3.55,12047,4320401.0,3.56,-2.74,-0.1,0.4
434,1999-10-19,3.55,3.45,3.55,3.45,12226,4267899.5,2.82,-2.82,-0.1,0.41
435,1999-10-20,3.46,3.47,3.5,3.4,9632,3319179.25,2.9,0.58,0.02,0.32
436,1999-10-21,3.47,3.38,3.48,3.36,12520,4249173.5,3.46,-2.59,-0.09,0.42
437,1999-10-22,3.38,3.46,3.5,3.37,14390,4963957.5,3.85,2.37,0.08,0.48
438,1999-10-25,3.46,3.4,3.46,3.38,7102,2417953.75,2.31,-1.73,-0.06,0.24
439,1999-10-26,3.41,3.43,3.46,3.4,7717,2637427.0,1.76,0.88,0.03,0.26
440,1999-10-27,3.46,3.63,3.7,3.46,28745,10403274.0,7.0,5.83,0.2,0.96
441,1999-10-28,3.64,3.59,3.65,3.54,16002,5718687.5,3.03,-1.1,-0.04,0.53
442,1999-10-29,3.59,3.54,3.63,3.51,8158,2904678.25,3.34,-1.39,-0.05,0.27
443,1999-11-02,3.52,3.46,3.52,3.43,4309,1489256.5,2.54,-2.26,-0.08,0.14
444,1999-11-03,3.45,3.43,3.47,3.4,8515,2913343.5,2.02,-0.87,-0.03,0.28
445,1999-11-04,3.42,3.43,3.45,3.39,5892,2011315.5,1.75,0.0,0.0,0.2
446,1999-11-05,3.45,3.42,3.47,3.41,5791,1991181.12,1.75,-0.29,-0.01,0.19
447,1999-11-08,3.4,3.43,3.44,3.39,6658,2276536.75,1.46,0.29,0.01,0.22
448,1999-11-09,3.45,3.41,3.48,3.4,5680,1952131.0,2.33,-0.58,-0.02,0.19
449,1999-11-10,3.41,3.38,3.42,3.35,15381,5189314.0,2.05,-0.88,-0.03,0.51
450,1999-11-11,3.39,3.4,3.53,3.36,12143,4174629.5,5.03,0.59,0.02,0.4
451,1999-11-12,3.4,3.37,3.4,3.35,10784,3627888.0,1.47,-0.88,-0.03,0.36
452,1999-11-15,3.37,3.32,3.4,3.3,10111,3360514.0,2.97,-1.48,-0.05,0.34
453,1999-11-16,3.37,3.29,3.38,3.27,12223,4038990.5,3.31,-0.9,-0.03,0.41
454,1999-11-17,3.38,3.42,3.52,3.34,24308,8283400.5,5.47,3.95,0.13,0.81
455,1999-11-18,3.45,3.43,3.48,3.37,20384,6986883.0,3.22,0.29,0.01,0.68
456,1999-11-19,3.44,3.42,3.51,3.4,17109,5903430.5,3.21,-0.29,-0.01,0.57
457,1999-11-22,3.41,3.34,3.43,3.34,10845,3639754.25,2.63,-2.34,-0.08,0.36
458,1999-11-23,3.34,3.33,3.37,3.3,10081,3351582.75,2.1,-0.3,-0.01,0.34
459,1999-11-24,3.33,3.33,3.36,3.3,5475,1819639.25,1.8,0.0,0.0,0.18
460,1999-11-25,3.3,3.31,3.33,3.29,7283,2408911.5,1.2,-0.6,-0.02,0.24
461,1999-11-26,3.29,3.32,3.33,3.29,3290,1090559.88,1.21,0.3,0.01,0.11
462,1999-11-29,3.3,3.27,3.32,3.25,11020,3597213.25,2.11,-1.51,-0.05,0.37
463,1999-11-30,3.27,3.26,3.27,3.25,5725,1863982.88,0.61,-0.31,-0.01,0.19
464,1999-12-01,3.26,3.26,3.29,3.15,5905,1919701.0,4.29,0.0,0.0,0.2
465,1999-12-02,3.26,3.21,3.27,3.2,9896,3185418.0,2.15,-1.53,-0.05,0.33
466,1999-12-03,3.22,3.18,3.22,3.15,15218,4836324.0,2.18,-0.93,-0.03,0.51
467,1999-12-06,3.17,3.14,3.17,3.13,9149,2880548.0,1.26,-1.26,-0.04,0.31
468,1999-12-07,3.13,3.14,3.17,3.12,6613,2073889.88,1.59,0.0,0.0,0.22
469,1999-12-08,3.14,3.17,3.2,3.14,4352,1375140.5,1.91,0.96,0.03,0.15
470,1999-12-09,3.17,3.14,3.18,3.12,4177,1314651.0,1.89,-0.95,-0.03,0.14
471,1999-12-10,3.14,3.15,3.15,3.12,5186,1626296.25,0.96,0.32,0.01,0.17
472,1999-12-13,3.15,3.13,3.17,3.12,6671,2096696.0,1.59,-0.63,-0.02,0.22
473,1999-12-14,3.13,3.18,3.21,3.12,9595,3031174.5,2.88,1.6,0.05,0.32
474,1999-12-15,3.16,3.22,3.26,3.15,13459,4328946.5,3.46,1.26,0.04,0.45
475,1999-12-16,3.2,3.16,3.22,3.15,7190,2273770.5,2.17,-1.86,-0.06,0.24
476,1999-12-17,3.16,3.13,3.16,3.12,7207,2256166.0,1.27,-0.95,-0.03,0.24
477,1999-12-21,3.14,3.07,3.14,3.0,9282,2829263.0,4.47,-1.92,-0.06,0.31
478,1999-12-22,3.06,3.03,3.08,3.03,5654,1725534.75,1.63,-1.3,-0.04,0.19
479,1999-12-23,3.03,2.99,3.03,2.98,7547,2264893.25,1.65,-1.32,-0.04,0.25
480,1999-12-24,2.99,2.96,3.01,2.96,7675,2291364.0,1.67,-1.0,-0.03,0.26
481,1999-12-27,2.96,2.94,2.99,2.93,7407,2184927.25,2.03,-0.68,-0.02,0.25
482,1999-12-28,2.95,2.96,3.02,2.94,7024,2086242.88,2.72,0.68,0.02,0.23
483,1999-12-29,2.97,2.97,3.0,2.9,6794,2001200.38,3.38,0.34,0.01,0.23
484,1999-12-30,3.0,3.0,3.02,2.98,5933,1779886.0,1.35,1.01,0.03,0.2
485,2000-01-04,3.01,3.06,3.07,2.98,22847,6874881.0,3.0,2.0,0.06,0.76
486,2000-01-05,3.04,3.04,3.12,3.02,15990,4923705.5,3.27,-0.65,-0.02,0.53
487,2000-01-06,3.03,3.1,3.11,3.01,18934,5805844.0,3.29,1.97,0.06,0.63
488,2000-01-07,3.11,3.2,3.2,3.11,33864,10728800.0,2.9,3.23,0.1,1.13
489,2000-01-10,3.23,3.2,3.26,3.15,29207,9321059.0,3.44,0.0,0.0,0.97
490,2000-01-11,3.2,3.09,3.21,3.05,21689,6800326.5,5.0,-3.44,-0.11,0.72
491,2000-01-12,3.05,3.01,3.1,2.99,20186,6089173.0,3.56,-2.59,-0.08,0.67
492,2000-01-13,3.03,3.02,3.08,2.97,23312,7003654.5,3.65,0.33,0.01,0.78
493,2000-01-14,3.01,2.96,3.02,2.95,14546,4345589.0,2.32,-1.99,-0.06,0.48
494,2000-01-17,2.96,2.99,3.0,2.93,8595,2546056.75,2.36,1.01,0.03,0.29
495,2000-01-18,2.99,2.98,3.05,2.97,7856,2348736.25,2.68,-0.33,-0.01,0.26
496,2000-01-19,2.98,3.0,3.03,2.96,8599,2573114.75,2.35,0.67,0.02,0.29
497,2000-01-20,2.99,3.0,3.0,2.97,11773,3506919.25,1.0,0.0,0.0,0.39
498,2000-01-21,3.0,2.96,3.0,2.94,22766,6732426.0,2.0,-1.33,-0.04,0.76
499,2000-01-24,2.96,2.97,3.05,2.88,21166,6264937.5,5.74,0.34,0.01,0.71
500,2000-01-25,2.98,3.02,3.08,2.91,28475,8492207.0,5.72,1.68,0.05,0.95
501,2000-01-26,3.0,3.01,3.04,2.97,18316,5509744.5,2.32,-0.33,-0.01,0.61
502,2000-01-27,3.05,2.98,3.05,2.98,22218,6656184.0,2.33,-1.0,-0.03,0.74
503,2000-01-28,2.98,3.0,3.0,2.91,33311,9833208.0,3.02,0.67,0.02,1.11
504,2000-02-14,3.16,3.3,3.3,3.1,54093,17624820.0,6.67,10.0,0.3,1.8
505,2000-02-15,3.35,3.17,3.4,3.15,72007,23395480.0,7.58,-3.94,-0.13,2.4
506,2000-02-16,3.16,3.14,3.16,3.0,58136,17756430.0,5.05,-0.95,-0.03,1.94
507,2000-02-17,3.14,3.17,3.3,3.05,93379,29424564.0,7.96,0.96,0.03,3.11
508,2000-02-18,3.1,3.06,3.15,3.05,38285,11750736.0,3.15,-3.47,-0.11,1.28
509,2000-02-21,3.06,3.06,3.08,3.01,47257,14346289.0,2.29,0.0,0.0,1.58
510,2000-02-22,3.06,3.05,3.12,3.05,26849,8266973.0,2.29,-0.33,-0.01,0.9
511,2000-02-23,3.03,3.0,3.04,2.99,32323,9723810.0,1.64,-1.64,-0.05,1.08
512,2000-02-24,3.0,3.03,3.05,2.99,22603,6814237.0,2.0,1.0,0.03,0.75
513,2000-02-25,3.03,3.02,3.09,2.98,27808,8388495.0,3.63,-0.33,-0.01,0.93
514,2000-02-28,3.0,3.06,3.07,3.0,39174,11880985.0,2.32,1.32,0.04,1.31
515,2000-02-29,3.06,3.07,3.09,3.0,43332,13177710.0,2.94,0.33,0.01,1.44
516,2000-03-01,3.09,3.13,3.14,3.07,53771,16750464.0,2.28,1.95,0.06,1.79
517,2000-03-02,3.13,3.1,3.16,3.05,30698,9563629.0,3.51,-0.96,-0.03,1.02
518,2000-03-03,3.1,3.1,3.12,3.06,34409,10608752.0,1.94,0.0,0.0,1.15
519,2000-03-06,3.1,3.12,3.2,3.1,67717,21401068.0,3.23,0.65,0.02,2.26
520,2000-03-07,3.1,3.25,3.28,3.09,97572,31171784.0,6.09,4.17,0.13,3.25
521,2000-03-08,3.25,3.15,3.25,3.11,55790,17586290.0,4.31,-3.08,-0.1,1.86
522,2000-03-09,3.16,3.22,3.22,3.13,59186,18720866.0,2.86,2.22,0.07,1.97
523,2000-03-10,3.22,3.18,3.26,3.16,78324,24997500.0,3.11,-1.24,-0.04,2.61
524,2000-03-13,3.18,3.27,3.27,3.12,84771,27185568.0,4.72,2.83,0.09,2.83
525,2000-03-14,3.24,3.26,3.27,3.13,70850,22622496.0,4.28,-0.31,-0.01,2.36
526,2000-03-15,3.26,3.38,3.51,3.23,256558,87188472.0,8.59,3.68,0.12,8.55
527,2000-03-16,3.38,3.28,3.38,3.23,115221,37949604.0,4.44,-2.96,-0.1,3.84
528,2000-03-17,3.27,3.31,3.37,3.25,106931,35340836.0,3.66,0.91,0.03,3.57
529,2000-03-20,3.31,3.48,3.54,3.29,228108,78459152.0,7.55,5.14,0.17,7.61
530,2000-03-21,3.48,3.44,3.48,3.38,73631,25250388.0,2.87,-1.15,-0.04,2.45
531,2000-03-22,3.44,3.36,3.44,3.31,67216,22605224.0,3.78,-2.33,-0.08,2.24
532,2000-03-23,3.36,3.38,3.44,3.35,46091,15550409.0,2.68,0.6,0.02,1.54
533,2000-03-24,3.4,3.28,3.42,3.27,66763,22296002.0,4.44,-2.96,-0.1,2.23
534,2000-03-27,3.28,3.33,3.33,3.23,66237,21664054.0,3.05,1.52,0.05,2.21
535,2000-03-28,3.35,3.39,3.44,3.35,66505,22563384.0,2.7,1.8,0.06,2.22
536,2000-03-29,3.42,3.38,3.44,3.31,44765,15083146.0,3.83,-0.29,-0.01,1.49
537,2000-03-31,3.38,3.48,3.54,3.36,93806,32667816.0,5.33,2.96,0.1,3.13
538,2000-04-03,3.5,3.5,3.6,3.5,86666,30650174.0,2.87,0.57,0.02,2.89
539,2000-04-04,3.49,3.39,3.5,3.37,45071,15344252.0,3.71,-3.14,-0.11,1.5
540,2000-04-05,3.39,3.49,3.58,3.36,81010,28272392.0,6.49,2.95,0.1,2.7
541,2000-04-06,3.5,3.52,3.54,3.47,62064,21732168.0,2.01,0.86,0.03,2.07
542,2000-04-07,3.52,3.66,3.73,3.5,185458,67494880.0,6.53,3.98,0.14,6.18
543,2000-04-10,3.7,3.78,3.8,3.66,131917,49288596.0,3.83,3.28,0.12,4.4
544,2000-04-11,4.1,3.79,4.1,3.75,170448,65890168.0,9.26,0.26,0.01,5.68
545,2000-04-12,3.8,3.9,3.91,3.77,133204,51159320.0,3.69,2.9,0.11,4.44
546,2000-04-13,3.92,4.29,4.29,3.92,433502,177963232.0,9.49,10.0,0.39,14.45
547,2000-04-14,4.34,4.59,4.7,4.34,740765,333031040.0,8.39,6.99,0.3,24.7
548,2000-04-17,4.57,4.2,4.57,4.13,310554,133290808.0,9.59,-8.5,-0.39,10.35
549,2000-04-18,4.17,4.12,4.19,3.98,181148,73638696.0,5.0,-1.9,-0.08,6.04
550,2000-04-19,4.1,4.07,4.1,4.01,101136,40922076.0,2.18,-1.21,-0.05,3.37
551,2000-04-20,4.07,4.16,4.3,4.06,124187,52076636.0,5.9,2.21,0.09,4.14
552,2000-04-21,4.15,4.04,4.15,4.01,54446,22128106.0,3.37,-2.88,-0.12,1.82
553,2000-04-24,4.02,4.01,4.15,3.9,93684,37438912.0,6.19,-0.74,-0.03,3.12
554,2000-04-25,4.0,4.09,4.14,3.93,89319,35891800.0,5.24,2.0,0.08,2.98
555,2000-04-26,4.08,4.02,4.1,4.01,49679,20112596.0,2.2,-1.71,-0.07,1.66
556,2000-04-27,4.06,3.99,4.12,3.98,73761,29884982.0,3.48,-0.75,-0.03,2.46
557,2000-04-28,3.98,3.96,3.98,3.91,63269,24938820.0,1.75,-0.75,-0.03,2.11
558,2000-05-08,3.98,4.06,4.07,3.95,51550,20681182.0,3.03,2.53,0.1,1.72
559,2000-05-09,4.07,3.96,4.08,3.95,32379,12942017.0,3.2,-2.46,-0.1,1.08
560,2000-05-10,3.96,3.76,3.97,3.75,47147,18064730.0,5.56,-5.05,-0.2,1.57
561,2000-05-11,3.74,3.57,3.75,3.55,47228,17201008.0,5.32,-5.05,-0.19,1.57
562,2000-05-12,3.56,3.62,3.66,3.56,38187,13792350.0,2.8,1.4,0.05,1.27
563,2000-05-15,3.63,3.52,3.64,3.5,23472,8307794.0,3.87,-2.76,-0.1,0.78
564,2000-05-16,3.52,3.62,3.64,3.5,25197,9066718.0,3.98,2.84,0.1,0.84
565,2000-05-17,3.65,3.61,3.68,3.6,18063,6557546.0,2.21,-0.28,-0.01,0.6
566,2000-05-18,3.62,3.97,3.97,3.58,124773,48662296.0,10.8,9.97,0.36,4.16
567,2000-05-19,4.06,4.07,4.18,4.0,210475,85920544.0,4.53,2.52,0.1,7.02
568,2000-05-22,4.1,4.2,4.2,3.99,158009,64535268.0,5.16,3.19,0.13,5.27
569,2000-05-23,4.2,4.2,4.25,4.11,153985,64528104.0,3.33,0.0,0.0,5.13
570,2000-05-24,4.22,4.29,4.4,4.18,273381,117375264.0,5.24,2.14,0.09,9.11
571,2000-05-25,4.3,4.23,4.33,4.18,126917,53627136.0,3.5,-1.4,-0.06,4.23
572,2000-05-26,4.25,4.32,4.52,4.16,229478,100125520.0,8.51,2.13,0.09,7.65
573,2000-05-29,4.38,4.4,4.48,4.36,178491,78787728.0,2.78,1.85,0.08,5.95
574,2000-05-30,4.4,4.25,4.43,4.23,116759,50351800.0,4.55,-3.41,-0.15,3.89
575,2000-05-31,4.25,4.42,4.5,4.16,189496,82986216.0,8.0,4.0,0.17,6.32
576,2000-06-02,4.55,4.86,4.86,4.55,222166,106918992.0,7.01,9.95,0.44,7.41
577,2000-06-05,5.19,4.95,5.35,4.75,1001156,522313600.0,12.35,1.85,0.09,33.38
578,2000-06-06,4.85,4.7,4.85,4.46,433752,200983664.0,7.88,-5.05,-0.25,14.46
579,2000-06-07,4.64,4.56,4.7,4.5,202332,92523168.0,4.26,-2.98,-0.14,6.75
580,2000-06-08,4.53,4.63,4.74,4.48,177849,82427448.0,5.7,1.54,0.07,5.93
581,2000-06-09,4.63,4.54,4.66,4.5,101401,46144156.0,3.46,-1.94,-0.09,3.38
582,2000-06-12,4.49,4.43,4.49,4.2,116134,50539776.0,6.39,-2.42,-0.11,3.87
583,2000-06-13,4.43,4.54,4.59,4.43,74877,33796064.0,3.61,2.48,0.11,2.5
584,2000-06-14,4.54,4.5,4.59,4.45,71735,32292610.0,3.08,-0.88,-0.04,2.39
585,2000-06-15,4.5,4.51,4.57,4.45,58088,26225546.0,2.67,0.22,0.01,1.94
586,2000-06-16,4.51,4.43,4.55,4.4,71867,31828638.0,3.33,-1.77,-0.08,2.4
587,2000-06-19,4.42,4.44,4.56,4.3,53431,23721196.0,5.87,0.23,0.01,1.78
588,2000-06-20,4.42,4.37,4.42,4.35,37066,16202476.0,1.58,-1.58,-0.07,1.24
589,2000-06-21,4.36,4.39,4.42,4.36,31762,13906184.0,1.37,0.46,0.02,1.06
590,2000-06-22,4.39,4.44,4.45,4.35,41397,18148342.0,2.28,1.14,0.05,1.38
591,2000-06-23,4.45,4.63,4.74,4.45,170505,79006528.0,6.53,4.28,0.19,5.68
592,2000-06-26,4.66,4.66,4.74,4.61,91709,42922884.0,2.81,0.65,0.03,3.06
593,2000-06-27,4.68,4.85,4.88,4.66,170910,82038768.0,4.72,4.08,0.19,5.7
594,2000-06-28,4.88,4.91,5.1,4.8,187386,92668248.0,6.19,1.24,0.06,6.25
595,2000-06-29,4.91,4.72,4.93,4.71,87779,41924208.0,4.48,-3.87,-0.19,2.93
596,2000-06-30,4.7,4.64,4.72,4.61,57947,26999682.0,2.33,-1.69,-0.08,1.93
597,2000-07-03,4.6,4.63,4.75,4.5,60993,28374418.0,5.39,-0.22,-0.01,2.03
598,2000-07-04,4.62,4.65,4.69,4.55,38024,17615674.0,3.02,0.43,0.02,1.27
599,2000-07-05,4.66,4.7,4.84,4.66,52695,25043580.0,3.87,1.08,0.05,1.76
600,2000-07-06,4.75,4.9,4.95,4.75,153961,75074392.0,4.26,4.26,0.2,5.13
601,2000-07-07,4.92,4.9,4.96,4.85,125190,61461500.0,2.24,0.0,0.0,4.17
602,2000-07-10,4.95,5.18,5.19,4.91,227750,115486160.0,5.71,5.71,0.28,7.59
603,2000-07-11,5.2,5.08,5.25,5.05,164980,84539552.0,3.86,-1.93,-0.1,5.5
604,2000-07-12,5.1,5.48,5.5,5.08,299832,158467712.0,8.27,7.87,0.4,10.0
605,2000-07-13,5.5,5.29,5.79,5.23,398624,219641805.0,10.22,-3.47,-0.19,13.29
606,2000-07-14,5.24,5.3,5.38,5.01,173523,90786656.0,6.99,0.19,0.01,5.79
607,2000-07-17,5.3,5.4,5.5,5.19,182964,98800944.0,5.85,1.89,0.1,6.1
608,2000-07-18,5.42,5.65,5.65,5.42,227649,126488000.0,4.26,4.63,0.25,7.59
609,2000-07-19,5.7,5.61,5.74,5.53,156602,88005160.0,3.72,-0.71,-0.04,5.22
610,2000-07-20,5.61,5.57,5.64,5.51,109057,60729404.0,2.32,-0.71,-0.04,3.64
611,2000-07-21,5.57,5.58,5.6,5.51,91817,51071208.0,1.62,0.18,0.01,3.06
612,2000-07-24,5.6,5.69,5.73,5.6,157720,89530984.0,2.33,1.97,0.11,5.26
613,2000-07-25,5.69,5.57,5.69,5.5,95161,52902144.0,3.34,-2.11,-0.12,3.17
614,2000-07-26,5.57,5.6,5.62,5.4,140595,77368056.0,3.95,0.54,0.03,4.69
615,2000-07-27,5.6,5.48,5.64,5.46,102216,56502888.0,3.21,-2.14,-0.12,3.41
616,2000-07-28,5.46,5.47,5.52,5.4,90029,49060672.0,2.19,-0.18,-0.01,3.0
617,2000-07-31,5.45,5.37,5.46,5.33,81890,44003856.0,2.38,-1.83,-0.1,2.73
618,2000-08-01,5.35,5.45,5.5,5.33,52402,28459720.0,3.17,1.49,0.08,1.75
619,2000-08-02,5.52,5.6,5.6,5.47,109567,61094856.0,2.39,2.75,0.15,3.65
620,2000-08-03,5.61,5.78,5.97,5.61,339047,196213680.0,6.43,3.21,0.18,11.3
621,2000-08-04,5.78,5.64,5.79,5.56,115071,65011036.0,3.98,-2.42,-0.14,3.84
622,2000-08-07,5.6,5.63,5.64,5.5,60370,33723348.0,2.48,-0.18,-0.01,2.01
623,2000-08-08,5.61,5.68,5.7,5.6,70247,39776352.0,1.78,0.89,0.05,2.34
624,2000-08-09,5.69,5.55,5.72,5.55,74994,42008040.0,2.99,-2.29,-0.13,2.5
625,2000-08-10,5.54,5.43,5.54,5.41,82608,44999092.0,2.34,-2.16,-0.12,2.75
626,2000-08-11,5.41,5.5,5.54,5.36,51229,27897446.0,3.31,1.29,0.07,1.71
627,2000-08-14,5.5,5.6,5.6,5.43,48405,26665404.0,3.09,1.82,0.1,1.61
628,2000-08-15,5.65,5.48,5.65,5.48,37241,20568120.0,3.04,-2.14,-0.12,1.24
629,2000-08-16,5.48,5.48,5.53,5.45,37200,20387222.0,1.46,0.0,0.0,1.24
630,2000-08-17,5.5,5.56,5.64,5.5,48590,27167238.0,2.55,1.46,0.08,1.62
631,2000-08-18,5.56,5.5,5.58,5.46,40817,22413156.0,2.16,-1.08,-0.06,1.36
632,2000-08-21,5.5,5.55,5.59,5.4,67360,36935880.0,3.45,0.91,0.05,2.25
633,2000-08-22,5.55,5.47,5.63,5.45,64929,36248176.0,3.24,-1.44,-0.08,2.16
634,2000-08-23,5.4,5.38,5.5,5.0,119304,63083212.0,9.14,-1.65,-0.09,3.98
635,2000-08-24,5.4,5.47,5.57,5.32,51173,27945438.0,4.65,1.67,0.09,1.71
636,2000-08-25,5.5,5.45,5.5,5.4,38746,21063920.0,1.83,-0.37,-0.02,1.29
637,2000-08-28,5.45,5.39,5.45,5.35,51194,27500494.0,1.83,-1.1,-0.06,1.71
638,2000-08-29,5.39,5.43,5.48,5.34,53839,29073714.0,2.6,0.74,0.04,1.8
639,2000-08-30,5.45,5.39,5.52,5.38,35941,19510780.0,2.58,-0.74,-0.04,1.2
640,2000-08-31,5.35,5.15,5.39,5.13,59032,31074984.0,4.82,-4.45,-0.24,1.97
641,2000-09-01,5.06,5.05,5.2,5.0,46848,23855600.0,3.88,-1.94,-0.1,1.56
642,2000-09-04,5.03,5.0,5.08,4.83,54343,26939814.0,4.95,-0.99,-0.05,1.81
643,2000-09-05,5.0,4.91,5.1,4.9,41305,20664300.0,4.0,-1.8,-0.09,1.38
644,2000-09-06,4.88,4.58,4.88,4.57,50393,23860058.0,6.31,-6.72,-0.33,1.68
645,2000-09-07,4.55,4.79,4.8,4.53,46948,22178288.0,5.9,4.59,0.21,1.57
646,2000-09-08,4.8,4.75,4.85,4.67,30183,14297588.0,3.76,-0.84,-0.04,1.01
647,2000-09-11,4.75,4.65,4.76,4.51,16220,7582213.5,5.26,-2.11,-0.1,0.54
648,2000-09-12,4.64,4.7,4.7,4.54,33751,15621262.0,3.44,1.08,0.05,1.13
649,2000-09-13,4.7,4.87,4.93,4.66,53646,25978848.0,5.74,3.62,0.17,1.79
650,2000-09-14,4.87,4.87,4.94,4.85,32309,15765969.0,1.85,0.0,0.0,1.08
651,2000-09-15,4.87,4.77,4.88,4.72,26452,12588595.0,3.29,-2.05,-0.1,0.88
652,2000-09-18,4.7,4.65,4.75,4.6,22693,10598919.0,3.14,-2.52,-0.12,0.76
653,2000-09-19,4.25,4.19,4.32,4.19,481169,202472464.0,2.8,-9.89,-0.46,16.04
654,2000-09-20,4.0,4.1,4.14,3.97,329852,133875704.0,4.06,-2.15,-0.09,11.0
655,2000-09-21,4.1,4.12,4.17,4.05,215095,88508944.0,2.93,0.49,0.02,7.17
656,2000-09-22,4.12,4.0,4.12,3.99,143595,58155456.0,3.16,-2.91,-0.12,4.79
657,2000-09-25,3.98,3.85,3.99,3.8,158978,61680564.0,4.75,-3.75,-0.15,5.3
658,2000-09-26,3.82,3.83,3.93,3.8,132122,51162420.0,3.38,-0.52,-0.02,4.41
659,2000-09-27,3.86,4.09,4.1,3.85,209042,83242520.0,6.53,6.79,0.26,6.97
660,2000-09-28,4.09,4.03,4.1,4.0,163418,66029768.0,2.44,-1.47,-0.06,5.45
661,2000-09-29,4.01,4.09,4.11,4.0,122729,50041040.0,2.73,1.49,0.06,1.98
662,2000-10-09,4.09,4.1,4.11,4.02,71159,28904634.0,2.2,0.24,0.01,1.15
663,2000-10-10,4.1,4.16,4.16,4.08,117026,48371080.0,1.95,1.46,0.06,1.88
664,2000-10-11,4.16,4.09,4.17,4.07,91741,37698768.0,2.4,-1.68,-0.07,1.48
665,2000-10-12,4.08,4.04,4.09,4.02,80573,32545820.0,1.71,-1.22,-0.05,1.3
666,2000-10-13,4.04,4.0,4.05,3.99,110462,44286252.0,1.49,-0.99,-0.04,1.78
667,2000-10-16,3.98,4.1,4.14,3.93,97638,39544312.0,5.25,2.5,0.1,1.57
668,2000-10-17,4.13,4.24,4.26,4.12,378383,159030928.0,3.41,3.41,0.14,6.09
669,2000-10-19,4.3,4.14,4.3,4.12,109102,45483532.0,4.25,-2.36,-0.1,1.76
670,2000-10-20,4.14,4.18,4.24,4.12,95510,39831668.0,2.9,0.97,0.04,1.54
671,2000-10-23,4.2,4.22,4.28,4.16,117108,49490772.0,2.87,0.96,0.04,1.88
672,2000-10-24,4.23,4.24,4.25,4.16,73594,30845264.0,2.13,0.47,0.02,1.18
673,2000-10-25,4.25,4.25,4.27,4.2,139715,59267912.0,1.65,0.24,0.01,2.25
674,2000-10-26,4.25,4.21,4.26,4.2,63936,26975772.0,1.41,-0.94,-0.04,1.03
675,2000-10-27,4.21,4.21,4.23,4.2,54073,22765394.0,0.71,0.0,0.0,0.87
676,2000-10-30,4.21,4.16,4.22,4.13,69239,28801666.0,2.14,-1.19,-0.05,1.11
677,2000-10-31,4.16,4.19,4.29,4.15,140129,59377628.0,3.37,0.72,0.03,2.26
678,2000-11-01,4.19,4.19,4.19,4.15,44437,18522672.0,0.95,0.0,0.0,0.72
679,2000-11-02,4.18,4.21,4.25,4.18,88313,37258156.0,1.67,0.48,0.02,1.42
680,2000-11-03,4.21,4.17,4.22,4.17,45221,18904100.0,1.19,-0.95,-0.04,0.73
681,2000-11-06,4.18,4.18,4.2,4.16,48927,20446726.0,0.96,0.24,0.01,0.79
682,2000-11-07,4.18,4.18,4.18,4.14,59083,24571892.0,0.96,0.0,0.0,0.95
683,2000-11-08,4.18,4.17,4.21,4.15,59706,24909248.0,1.44,-0.24,-0.01,0.96
684,2000-11-09,4.18,4.2,4.21,4.14,131233,54656752.0,1.68,0.72,0.03,2.11
685,2000-11-10,4.24,4.22,4.24,4.19,91506,38545456.0,1.19,0.48,0.02,1.47
686,2000-11-13,4.22,4.27,4.28,4.22,213944,91077776.0,1.42,1.18,0.05,3.44
687,2000-11-14,4.28,4.26,4.29,4.22,116375,49547188.0,1.64,-0.23,-0.01,1.87
688,2000-11-15,4.26,4.43,4.47,4.26,365644,159559776.0,4.93,3.99,0.17,5.88
689,2000-11-16,4.42,4.45,4.47,4.36,217329,96541568.0,2.48,0.45,0.02,3.5
690,2000-11-17,4.46,4.58,4.66,4.46,440922,201462944.0,4.49,2.92,0.13,7.1
691,2000-11-20,4.6,4.66,4.7,4.57,340496,158167232.0,2.84,1.75,0.08,5.48
692,2000-11-21,4.68,4.56,4.7,4.55,260468,120210304.0,3.22,-2.15,-0.1,4.19
693,2000-11-22,4.56,4.54,4.57,4.46,156045,70335856.0,2.41,-0.44,-0.02,2.51
694,2000-11-23,4.55,4.54,4.6,4.52,141653,64490652.0,1.76,0.0,0.0,2.28
695,2000-11-24,4.55,4.38,4.56,4.34,182335,81191768.0,4.85,-3.52,-0.16,2.93
696,2000-11-27,4.35,4.36,4.41,4.26,101220,43994140.0,3.42,-0.46,-0.02,1.63
697,2000-11-28,4.36,4.41,4.41,4.35,69740,30617732.0,1.38,1.15,0.05,1.12
698,2000-11-29,4.42,4.38,4.42,4.34,62780,27504254.0,1.81,-0.68,-0.03,1.01
699,2000-11-30,4.38,4.44,4.45,4.34,67217,29438500.0,2.51,1.37,0.06,1.08
700,2000-12-01,4.45,4.52,4.54,4.44,113134,50958944.0,2.25,1.8,0.08,1.82
701,2000-12-04,4.55,4.57,4.61,4.53,141469,64530712.0,1.77,1.11,0.05,2.28
702,2000-12-05,4.57,4.53,4.6,4.5,70775,32185590.0,2.19,-0.88,-0.04,1.14
703,2000-12-06,4.52,4.42,4.53,4.4,72211,32145448.0,2.87,-2.43,-0.11,1.16
704,2000-12-07,4.4,4.47,4.47,4.38,51527,22861364.0,2.04,1.13,0.05,0.83
705,2000-12-08,4.48,4.53,4.57,4.47,82429,37237088.0,2.24,1.34,0.06,1.33
706,2000-12-11,4.53,4.48,4.57,4.41,62543,28048020.0,3.53,-1.1,-0.05,1.01
707,2000-12-12,4.48,4.47,4.59,4.44,157963,71613664.0,3.35,-0.22,-0.01,2.54
708,2000-12-13,4.46,4.39,4.46,4.37,92726,40709092.0,2.01,-1.79,-0.08,1.49
709,2000-12-14,4.39,4.33,4.4,4.31,66678,28957880.0,2.05,-1.37,-0.06,1.07
710,2000-12-15,4.31,4.29,4.34,4.25,64760,27714024.0,2.08,-0.92,-0.04,1.04
711,2000-12-18,4.27,4.3,4.31,4.2,52228,22038198.0,2.56,0.23,0.01,0.84
712,2000-12-19,4.3,4.27,4.31,4.26,33683,14418427.0,1.16,-0.7,-0.03,0.54
713,2000-12-20,4.25,4.27,4.27,4.22,46365,19643800.0,1.17,0.0,0.0,0.75
714,2000-12-21,4.27,4.26,4.29,4.26,39454,16860024.0,0.7,-0.23,-0.01,0.63
715,2000-12-22,4.26,4.23,4.27,4.21,46563,19676224.0,1.41,-0.7,-0.03,0.75
716,2000-12-25,4.23,4.2,4.23,4.18,51689,21668746.0,1.18,-0.71,-0.03,0.83
717,2000-12-26,4.2,4.25,4.25,4.18,35929,15150446.0,1.67,1.19,0.05,0.58
718,2000-12-27,4.25,4.2,4.27,4.19,50300,21151442.0,1.88,-1.18,-0.05,0.81
719,2000-12-28,4.2,4.22,4.23,4.19,23487,9904382.0,0.95,0.48,0.02,0.38
720,2000-12-29,4.22,4.24,4.25,4.21,32145,13600412.0,0.95,0.47,0.02,0.45
721,2001-01-02,4.25,4.3,4.32,4.25,39922,17144284.0,1.65,1.42,0.06,0.56
722,2001-01-03,4.33,4.29,4.35,4.24,55754,23917952.0,2.56,-0.23,-0.01,0.79
723,2001-01-04,4.29,4.27,4.3,4.25,48119,20557436.0,1.17,-0.47,-0.02,0.68
724,2001-01-05,4.26,4.23,4.26,4.2,98973,41749548.0,1.41,-0.94,-0.04,1.4
725,2001-01-08,4.25,4.37,4.38,4.24,127790,55157560.0,3.31,3.31,0.14,1.8
726,2001-01-09,4.38,4.37,4.42,4.34,77091,33756432.0,1.83,0.0,0.0,1.09
727,2001-01-10,4.38,4.39,4.41,4.35,71827,31528034.0,1.37,0.46,0.02,1.01
728,2001-01-11,4.4,4.36,4.41,4.36,60898,26637748.0,1.14,-0.68,-0.03,0.86
729,2001-01-12,4.36,4.4,4.44,4.35,84195,37090136.0,2.06,0.92,0.04,1.19
730,2001-01-15,4.41,4.28,4.44,4.26,70248,30517544.0,4.09,-2.73,-0.12,0.99
731,2001-01-16,4.22,4.37,4.41,4.22,67936,29235960.0,4.44,2.1,0.09,0.96
732,2001-01-17,4.4,4.41,4.44,4.37,113449,50031220.0,1.6,0.92,0.04,1.6
733,2001-01-18,4.42,4.48,4.49,4.41,135151,60353752.0,1.81,1.59,0.07,1.91
734,2001-01-19,4.48,4.49,4.51,4.48,119307,53592320.0,0.67,0.22,0.01,1.68
735,2001-02-05,4.5,4.42,4.53,4.4,81316,36306876.0,2.9,-1.56,-0.07,1.15
736,2001-02-06,4.42,4.49,4.5,4.35,76089,33652116.0,3.39,1.58,0.07,1.07
737,2001-02-07,4.51,4.59,4.63,4.47,250802,114585392.0,3.56,2.23,0.1,3.54
738,2001-02-08,4.59,4.49,4.62,4.46,157650,71709672.0,3.49,-2.18,-0.1,2.22
739,2001-02-09,4.49,4.59,4.6,4.49,178454,81504384.0,2.45,2.23,0.1,2.52
740,2001-02-12,4.6,4.77,4.83,4.57,544700,256657344.0,5.66,3.92,0.18,7.68
741,2001-02-13,4.78,4.79,4.83,4.72,316174,151007568.0,2.31,0.42,0.02,4.46
742,2001-02-14,4.79,4.73,4.79,4.7,156487,74230208.0,1.88,-1.25,-0.06,2.21
743,2001-02-15,4.73,4.73,4.75,4.62,188782,88711952.0,2.75,0.0,0.0,2.66
744,2001-02-16,4.72,4.68,4.72,4.62,114356,53269896.0,2.11,-1.06,-0.05,1.61
745,2001-02-19,4.68,4.66,4.68,4.62,107426,49925244.0,1.28,-0.43,-0.02,1.52
746,2001-02-20,4.66,4.69,4.79,4.64,161815,76215056.0,3.22,0.64,0.03,2.28
747,2001-02-21,4.69,4.6,4.7,4.55,128367,59195060.0,3.2,-1.92,-0.09,1.81
748,2001-02-22,4.58,4.55,4.6,4.51,67913,31021824.0,1.96,-1.09,-0.05,0.96
749,2001-02-23,4.55,4.65,4.67,4.54,74375,34283540.0,2.86,2.2,0.1,1.05
750,2001-02-26,4.66,4.7,4.74,4.64,92359,43382400.0,2.15,1.08,0.05,1.3
751,2001-02-27,4.7,4.66,4.72,4.61,67709,31471350.0,2.34,-0.85,-0.04,0.96
752,2001-02-28,4.66,4.62,4.67,4.6,41542,19213946.0,1.5,-0.86,-0.04,0.59
753,2001-03-01,4.61,4.69,4.71,4.6,82531,38469952.0,2.38,1.52,0.07,1.16
754,2001-03-02,4.7,4.69,4.73,4.68,69716,32744592.0,1.07,0.0,0.0,0.98
755,2001-03-05,4.7,4.68,4.71,4.66,48735,22826686.0,1.07,-0.21,-0.01,0.69
756,2001-03-06,4.68,4.74,4.75,4.68,95147,44961944.0,1.5,1.28,0.06,1.34
757,2001-03-07,4.74,4.72,4.75,4.7,63286,29887478.0,1.05,-0.42,-0.02,0.89
758,2001-03-08,4.72,4.69,4.73,4.65,67477,31622758.0,1.69,-0.64,-0.03,0.95
759,2001-03-09,4.68,4.63,4.69,4.61,84314,39056832.0,1.71,-1.28,-0.06,1.19
760,2001-03-12,4.62,4.61,4.63,4.56,84486,38724748.0,1.51,-0.43,-0.02,1.19
761,2001-03-13,4.6,4.59,4.63,4.58,43500,19978118.0,1.08,-0.43,-0.02,0.61
762,2001-03-14,4.59,4.62,4.66,4.56,49383,22802738.0,2.18,0.65,0.03,0.7
763,2001-03-15,4.62,4.65,4.68,4.58,57928,26858796.0,2.16,0.65,0.03,0.82
764,2001-03-16,4.65,4.6,4.65,4.59,45733,21082110.0,1.29,-1.08,-0.05,0.65
765,2001-03-19,4.6,4.64,4.7,4.56,65871,30480098.0,3.04,0.87,0.04,0.93
766,2001-03-20,4.66,4.63,4.67,4.61,49342,22880740.0,1.29,-0.22,-0.01,0.7
767,2001-03-21,4.68,4.7,4.72,4.66,91069,42754660.0,1.3,1.51,0.07,1.28
768,2001-03-22,4.72,4.8,4.83,4.68,259573,123090808.0,3.19,2.13,0.1,3.66
769,2001-03-23,4.84,4.74,4.86,4.73,186488,89210512.0,2.71,-1.25,-0.06,2.63
770,2001-03-26,4.74,4.81,4.82,4.72,145283,69730456.0,2.11,1.48,0.07,2.05
771,2001-03-27,4.82,4.8,4.84,4.77,76442,36663584.0,1.46,-0.21,-0.01,1.08
772,2001-03-28,4.81,4.74,4.81,4.74,89472,42606092.0,1.46,-1.25,-0.06,1.26
773,2001-03-29,4.75,4.76,4.78,4.71,82336,39035504.0,1.48,0.42,0.02,1.16
774,2001-03-30,4.76,4.73,4.76,4.71,51644,24447852.0,1.05,-0.63,-0.03,0.7
775,2001-04-02,4.73,4.8,4.82,4.71,117299,56106972.0,2.33,1.48,0.07,1.6
776,2001-04-03,4.8,4.79,4.81,4.74,82910,39656508.0,1.46,-0.21,-0.01,1.13
777,2001-04-04,4.79,4.85,4.91,4.76,306044,148912032.0,3.13,1.25,0.06,4.16
778,2001-04-05,4.84,4.86,4.88,4.8,74736,36231476.0,1.65,0.21,0.01,1.02
779,2001-04-06,4.87,4.87,4.91,4.85,109226,53297460.0,1.23,0.21,0.01,1.49
780,2001-04-09,4.9,4.92,4.94,4.87,96122,47235616.0,1.44,1.03,0.05,1.31
781,2001-04-10,4.93,4.89,4.94,4.88,57349,28099214.0,1.22,-0.61,-0.03,0.78
782,2001-04-11,4.9,4.88,4.93,4.88,67155,32941092.0,1.02,-0.2,-0.01,0.91
783,2001-04-12,4.88,4.83,4.9,4.8,70087,33949052.0,2.05,-1.02,-0.05,0.95
784,2001-04-13,4.83,4.8,4.83,4.78,57627,27634972.0,1.04,-0.62,-0.03,0.78
785,2001-04-16,4.8,4.81,4.82,4.77,78041,37418552.0,1.04,0.21,0.01,1.06
786,2001-04-17,4.8,4.79,4.82,4.78,72572,34788128.0,0.83,-0.42,-0.02,0.99
787,2001-04-18,4.79,4.77,4.8,4.76,63196,30168808.0,0.84,-0.42,-0.02,0.86
788,2001-04-19,4.77,4.72,4.77,4.71,71845,34032556.0,1.26,-1.05,-0.05,0.98
789,2001-04-20,4.72,4.71,4.76,4.71,54316,25676716.0,1.06,-0.21,-0.01,0.74
790,2001-04-23,4.7,4.63,4.7,4.6,74185,34462044.0,2.12,-1.7,-0.08,1.01
791,2001-04-24,4.63,4.72,4.73,4.63,44912,21035526.0,2.16,1.94,0.09,0.61
792,2001-04-25,4.72,4.62,4.72,4.61,48084,22331676.0,2.33,-2.12,-0.1,0.65
793,2001-04-26,4.62,4.58,4.65,4.58,47481,21861882.0,1.52,-0.87,-0.04,0.65
794,2001-04-27,4.58,4.66,4.7,4.58,48418,22473430.0,2.62,1.75,0.08,0.66
795,2001-04-30,4.66,4.73,4.76,4.63,63261,29884660.0,2.79,1.5,0.07,0.86
796,2001-05-08,4.7,4.68,4.73,4.66,13886,6495796.0,1.48,-1.06,-0.05,0.19
797,2001-05-09,4.67,4.63,4.68,4.61,24743,11476543.0,1.5,-1.07,-0.05,0.34
798,2001-05-10,4.63,4.63,4.65,4.61,19619,9084763.0,0.86,0.0,0.0,0.27
799,2001-05-11,4.63,4.61,4.65,4.58,38574,17758050.0,1.51,-0.43,-0.02,0.52
800,2001-05-14,4.61,4.61,4.62,4.58,41556,19089566.0,0.87,0.0,0.0,0.57
801,2001-05-15,4.62,4.65,4.7,4.61,30931,14420792.0,1.95,0.87,0.04,0.42
802,2001-05-17,4.66,4.68,4.7,4.65,39760,18600660.0,1.08,0.65,0.03,0.54
803,2001-05-18,4.68,4.71,4.72,4.65,89583,41930696.0,1.5,0.64,0.03,1.22
804,2001-05-21,4.71,4.68,4.71,4.65,51530,24038598.0,1.27,-0.64,-0.03,0.7
805,2001-05-22,4.68,4.66,4.69,4.64,55160,25734192.0,1.07,-0.43,-0.02,0.75
806,2001-05-23,4.66,4.61,4.66,4.59,37591,17316308.0,1.5,-1.07,-0.05,0.51
807,2001-05-24,4.61,4.59,4.62,4.58,35782,16412950.0,0.87,-0.43,-0.02,0.49
808,2001-05-25,4.58,4.55,4.59,4.51,48075,21863768.0,1.74,-0.87,-0.04,0.65
809,2001-05-28,4.54,4.47,4.54,4.46,44886,20144008.0,1.76,-1.76,-0.08,0.61
810,2001-05-29,4.46,4.51,4.56,4.45,29101,13111010.0,2.46,0.89,0.04,0.4
811,2001-05-30,4.51,4.58,4.59,4.5,26370,12024820.0,2.0,1.55,0.07,0.36
812,2001-05-31,4.6,4.68,4.68,4.57,61539,28448404.0,2.4,2.18,0.1,0.84
813,2001-06-01,4.68,4.6,4.7,4.6,36182,16790856.0,2.14,-1.71,-0.08,0.49
814,2001-06-04,4.62,4.63,4.68,4.54,37784,17302156.0,3.04,0.65,0.03,0.51
815,2001-06-05,4.65,4.56,4.66,4.56,25794,11849474.0,2.16,-1.51,-0.07,0.35
816,2001-06-06,4.6,4.59,4.65,4.58,31865,14651355.0,1.54,0.66,0.03,0.43
817,2001-06-07,4.59,4.6,4.62,4.56,40299,18476324.0,1.31,0.22,0.01,0.55
818,2001-06-08,4.6,4.61,4.62,4.57,28820,13230133.0,1.09,0.22,0.01,0.39
819,2001-06-11,4.57,4.6,4.61,4.56,36007,16503975.0,1.08,-0.22,-0.01,0.49
820,2001-06-12,4.59,4.6,4.61,4.56,31228,14350224.0,1.09,0.0,0.0,0.42
821,2001-06-13,4.6,4.61,4.61,4.57,40511,18619028.0,0.87,0.22,0.01,0.55
822,2001-06-14,4.6,4.59,4.68,4.58,45147,20801528.0,2.17,-0.43,-0.02,0.61
823,2001-06-15,4.59,4.6,4.61,4.57,27548,12630840.0,0.87,0.22,0.01,0.37
824,2001-06-18,4.59,4.52,4.6,4.5,31809,14483702.0,2.17,-1.74,-0.08,0.43
825,2001-06-19,4.52,4.6,4.6,4.5,24935,11359917.0,2.21,1.77,0.08,0.34
826,2001-06-20,4.59,4.53,4.59,4.52,15942,7251115.0,1.52,-1.52,-0.07,0.22
827,2001-06-21,4.54,4.59,4.62,4.54,21665,9943746.0,1.77,1.32,0.06,0.29
828,2001-06-22,4.51,4.61,4.64,4.5,68595,31517092.0,3.05,0.44,0.02,0.93
829,2001-06-25,4.62,4.7,4.73,4.58,145433,67791128.0,3.25,1.95,0.09,1.98
830,2001-06-26,4.71,4.66,4.71,4.65,58979,27609606.0,1.28,-0.85,-0.04,0.8
831,2001-06-27,4.65,5.05,5.13,4.65,175829,83910000.0,10.3,8.37,0.39,2.39
832,2001-06-28,4.9,4.82,5.0,4.79,415172,202986752.0,4.16,-4.55,-0.23,5.65
833,2001-06-29,4.8,4.72,4.82,4.7,115256,54639088.0,2.49,-2.07,-0.1,1.55
834,2001-07-02,4.71,4.73,4.78,4.7,84372,39874212.0,1.69,0.21,0.01,1.14
835,2001-07-03,4.72,4.72,4.75,4.68,44449,20948696.0,1.48,-0.21,-0.01,0.6
836,2001-07-04,4.73,4.65,4.74,4.65,45792,21430296.0,1.91,-1.48,-0.07,0.62
837,2001-07-05,4.65,4.59,4.66,4.56,58053,26685424.0,2.15,-1.29,-0.06,0.78
838,2001-07-06,4.59,4.57,4.6,4.54,31531,14414796.0,1.31,-0.44,-0.02,0.42
839,2001-07-09,4.55,4.57,4.6,4.54,24846,11371439.0,1.31,0.0,0.0,0.33
840,2001-07-10,4.58,4.65,4.66,4.57,23891,11056573.0,1.97,1.75,0.08,0.32
841,2001-07-11,4.65,4.65,4.66,4.58,29233,13478131.0,1.72,0.0,0.0,0.39
842,2001-07-12,4.64,4.64,4.75,4.64,88905,41717700.0,2.37,-0.22,-0.01,1.2
843,2001-07-13,4.65,4.59,4.67,4.59,20212,9319118.0,1.72,-1.08,-0.05,0.27
844,2001-07-16,4.61,4.55,4.65,4.54,32481,14839301.0,2.4,-0.87,-0.04,0.44
845,2001-07-17,4.56,4.58,4.6,4.55,19068,8710570.0,1.1,0.66,0.03,0.26
846,2001-07-18,4.59,4.59,4.6,4.55,15641,7164269.5,1.09,0.22,0.01,0.21
847,2001-07-19,4.6,4.62,4.65,4.55,24877,11472786.0,2.18,0.65,0.03,0.33
848,2001-07-20,4.62,4.66,4.7,4.58,31359,14549306.0,2.6,0.87,0.04,0.42
849,2001-07-23,4.67,4.69,4.76,4.62,119017,56013988.0,3.0,0.64,0.03,1.6
850,2001-07-24,4.69,4.65,4.7,4.62,23768,11049517.0,1.71,-0.85,-0.04,0.32
851,2001-07-25,4.62,4.61,4.7,4.6,15445,7158061.5,2.15,-0.86,-0.04,0.21
852,2001-07-26,4.62,4.61,4.64,4.55,29643,13592569.0,1.95,0.0,0.0,0.4
853,2001-07-27,4.61,4.59,4.66,4.56,22836,10511840.0,2.17,-0.43,-0.02,0.31
854,2001-07-30,4.59,4.45,4.59,4.45,79428,35633320.0,3.05,-3.05,-0.14,1.07
855,2001-07-31,4.41,4.45,4.5,4.35,53211,23616254.0,3.37,0.0,0.0,0.72
856,2001-08-01,4.44,4.52,4.55,4.42,50063,22499382.0,2.92,1.57,0.07,0.67
857,2001-08-02,4.53,4.49,4.54,4.39,30374,13501297.0,3.32,-0.66,-0.03,0.41
858,2001-08-03,4.49,4.48,4.53,4.45,13111,5868812.0,1.78,-0.22,-0.01,0.18
859,2001-08-06,4.5,4.5,4.54,4.38,61166,27262738.0,3.57,0.45,0.02,0.82
860,2001-08-07,4.49,4.49,4.5,4.44,18021,8056507.0,1.33,-0.22,-0.01,0.24
861,2001-08-08,4.49,4.44,4.51,4.4,30530,13523585.0,2.45,-1.11,-0.05,0.41
862,2001-08-09,4.44,4.42,4.47,4.38,22145,9798574.0,2.03,-0.45,-0.02,0.3
863,2001-08-10,4.42,4.45,4.48,4.42,24666,10980373.0,1.36,0.68,0.03,0.33
864,2001-08-13,4.44,4.48,4.54,4.44,16494,7383843.0,2.25,0.67,0.03,0.22
865,2001-08-14,4.4,4.44,4.49,4.4,20376,9087240.0,2.01,-0.89,-0.04,0.27
866,2001-08-15,4.43,4.45,4.48,4.4,12092,5352635.5,1.8,0.23,0.01,0.16
867,2001-08-16,4.43,4.42,4.48,4.39,25032,11044117.0,2.02,-0.67,-0.03,0.34
868,2001-08-17,4.38,4.39,4.44,4.38,13078,5742081.5,1.36,-0.68,-0.03,0.18
869,2001-08-20,4.36,4.36,4.43,4.36,13432,5865684.5,1.59,-0.68,-0.03,0.18
870,2001-08-21,4.36,4.4,4.41,4.36,19961,8754996.0,1.15,0.92,0.04,0.27
871,2001-08-22,4.39,4.35,4.4,4.22,42798,18383348.0,4.09,-1.14,-0.05,0.58
872,2001-08-23,4.3,4.3,4.31,4.21,40163,17071450.0,2.3,-1.15,-0.05,0.54
873,2001-08-24,4.4,4.32,4.4,4.23,24690,10608967.0,3.95,0.47,0.02,0.33
874,2001-08-27,4.33,4.32,4.35,4.24,78100,33543126.0,2.55,0.0,0.0,1.05
875,2001-08-28,4.3,4.34,4.34,4.24,84448,36183592.0,2.31,0.46,0.02,1.14
876,2001-08-29,4.34,4.4,4.4,4.27,136190,59325680.0,3.0,1.38,0.06,1.83
877,2001-08-30,4.38,4.44,4.45,4.35,104005,45779036.0,2.27,0.91,0.04,1.4
878,2001-08-31,4.42,4.44,4.45,4.38,29895,13194413.0,1.58,0.0,0.0,0.4
879,2001-09-03,4.44,4.44,4.47,4.4,45282,20104110.0,1.58,0.0,0.0,0.61
880,2001-09-04,4.41,4.46,4.49,4.4,89027,39454860.0,2.03,0.45,0.02,1.2
881,2001-09-05,4.46,4.43,4.48,4.39,51186,22584730.0,2.02,-0.67,-0.03,0.69
882,2001-09-06,4.4,4.37,4.44,4.3,65953,28605178.0,3.16,-1.35,-0.06,0.89
883,2001-09-07,4.35,4.19,4.35,4.19,87789,37119908.0,3.66,-4.12,-0.18,1.18
884,2001-09-10,4.09,4.23,4.27,4.02,37820,15862238.0,5.97,0.95,0.04,0.51
885,2001-09-11,4.23,4.23,4.27,4.2,34865,14752971.0,1.65,0.0,0.0,0.47
886,2001-09-12,4.03,4.14,4.2,4.02,39362,16203391.0,4.26,-2.13,-0.09,0.53
887,2001-09-13,4.14,4.19,4.22,4.1,22461,9357368.0,2.9,1.21,0.05,0.3
888,2001-09-14,4.2,4.22,4.25,4.14,23569,9890655.0,2.63,0.72,0.03,0.32
889,2001-09-17,4.2,4.15,4.2,4.09,24594,10120939.0,2.61,-1.66,-0.07,0.33
890,2001-09-18,4.1,4.15,4.18,4.1,12562,5199077.5,1.93,0.0,0.0,0.17
891,2001-09-19,4.14,4.18,4.23,4.13,61824,25988522.0,2.41,0.72,0.03,0.83
892,2001-09-20,4.2,4.19,4.23,4.16,11881,4986663.0,1.67,0.24,0.01,0.16
893,2001-09-21,4.16,4.18,4.27,4.13,23396,9830048.0,3.34,-0.24,-0.01,0.32
894,2001-09-24,4.18,4.11,4.18,4.1,10851,4476486.5,1.91,-1.67,-0.07,0.15
895,2001-09-25,4.12,4.15,4.24,4.11,13641,5655789.0,3.16,0.97,0.04,0.18
896,2001-09-26,4.12,4.1,4.23,4.06,78226,32000318.0,4.1,-1.2,-0.05,1.05
897,2001-09-27,4.1,4.11,4.13,4.08,78705,32241788.0,1.22,0.24,0.01,1.06
898,2001-09-28,4.11,4.11,4.12,4.07,11731,4796914.0,1.22,0.0,0.0,0.16
899,2001-10-08,4.07,4.09,4.11,4.03,20275,8259048.5,1.95,-0.49,-0.02,0.27
900,2001-10-09,4.08,4.08,4.1,4.07,8615,3523768.0,0.73,-0.24,-0.01,0.12
901,2001-10-10,4.09,4.04,4.09,4.01,31317,12644416.0,1.96,-0.98,-0.04,0.42
902,2001-10-11,4.02,4.05,4.05,4.0,57465,23034252.0,1.24,0.25,0.01,0.77
903,2001-10-12,4.04,4.07,4.1,3.99,40072,16119261.0,2.72,0.49,0.02,0.54
904,2001-10-15,4.05,4.08,4.08,4.0,13516,5445061.5,1.97,0.25,0.01,0.18
905,2001-10-16,4.08,4.05,4.08,4.01,8288,3340511.0,1.72,-0.74,-0.03,0.11
906,2001-10-17,4.04,4.04,4.05,3.99,16542,6637416.5,1.48,-0.25,-0.01,0.22
907,2001-10-18,4.01,4.01,4.02,3.98,15075,6022416.0,0.99,-0.74,-0.03,0.2
908,2001-10-19,4.0,3.9,4.0,3.84,35548,13884533.0,3.99,-2.74,-0.11,0.48
909,2001-10-22,3.85,3.65,3.85,3.65,39690,14712022.0,5.13,-6.41,-0.25,0.53
910,2001-10-23,4.0,4.02,4.02,3.89,80453,32175774.0,3.56,10.14,0.37,1.08
911,2001-10-24,4.17,4.06,4.17,4.04,57877,23603506.0,3.23,1.0,0.04,0.78
912,2001-10-25,4.05,3.98,4.05,3.93,36482,14538251.0,2.96,-1.97,-0.08,0.49
913,2001-10-26,3.97,3.96,3.99,3.95,19354,7663210.5,1.01,-0.5,-0.02,0.26
914,2001-10-29,3.96,3.97,3.99,3.96,15228,6041644.5,0.76,0.25,0.01,0.2
915,2001-10-30,3.99,3.95,3.99,3.95,10872,4304481.0,1.01,-0.5,-0.02,0.15
916,2001-10-31,3.95,4.01,4.03,3.95,127312,50865624.0,2.03,1.52,0.06,1.71
917,2001-11-01,4.01,4.0,4.05,3.96,31770,12739069.0,2.24,-0.25,-0.01,0.43
918,2001-11-02,4.01,4.01,4.06,4.01,88432,35735576.0,1.25,0.25,0.01,1.19
919,2001-11-05,4.0,3.99,4.0,3.89,14920,5904802.0,2.74,-0.5,-0.02,0.2
920,2001-11-06,3.99,4.04,4.04,3.98,19819,7937322.0,1.5,1.25,0.05,0.27
921,2001-11-07,4.02,3.94,4.02,3.92,40505,15985569.0,2.48,-2.48,-0.1,0.54
922,2001-11-08,3.6,3.94,3.97,3.6,30726,12033593.0,9.39,0.0,0.0,0.41
923,2001-11-09,3.94,3.95,4.0,3.89,8835,3464325.0,2.79,0.25,0.01,0.12
924,2001-11-12,3.96,3.95,3.98,3.9,7053,2766169.75,2.03,0.0,0.0,0.09
925,2001-11-13,3.91,3.95,3.97,3.9,8464,3317408.25,1.77,0.0,0.0,0.11
926,2001-11-14,3.99,3.92,3.99,3.91,5225,2060255.12,2.03,-0.76,-0.03,0.07
927,2001-11-15,3.96,3.92,3.96,3.9,4439,1742578.12,1.53,0.0,0.0,0.06
928,2001-11-16,4.05,3.95,4.14,3.93,23987,9594301.0,5.36,0.77,0.03,0.32
929,2001-11-19,3.95,3.96,3.97,3.93,23987,9594301.0,1.01,0.25,0.01,0.32
930,2001-11-20,3.96,3.99,4.0,3.94,7241,2855469.0,1.52,0.76,0.03,0.1
931,2001-11-21,4.0,4.01,4.01,3.96,16715,6679545.0,1.25,0.5,0.02,0.22
932,2001-11-22,4.0,4.0,4.01,3.98,13253,5291845.0,0.75,-0.25,-0.01,0.18
933,2001-11-23,4.0,3.94,4.0,3.93,26680,10541518.0,1.75,-1.5,-0.06,0.36
934,2001-11-26,3.98,3.94,3.99,3.93,11954,4718877.5,1.52,0.0,0.0,0.16
935,2001-11-27,3.93,3.94,3.95,3.93,12810,5040402.0,0.51,0.0,0.0,0.17
936,2001-11-28,3.94,4.0,4.0,3.94,19083,7589685.0,1.52,1.52,0.06,0.26
937,2001-11-29,4.0,3.97,4.0,3.96,14033,5587475.5,1.0,-0.75,-0.03,0.19
938,2001-11-30,3.97,3.98,4.01,3.96,17342,6911414.0,1.26,0.25,0.01,0.23
939,2001-12-03,3.98,3.99,4.0,3.97,27376,10914163.0,0.75,0.25,0.01,0.37
940,2001-12-04,4.0,4.03,4.05,3.98,197585,79526544.0,1.75,1.0,0.04,2.65
941,2001-12-05,4.05,4.04,4.08,4.03,90458,36683668.0,1.24,0.25,0.01,1.21
942,2001-12-06,4.04,4.0,4.04,3.98,29962,11989819.0,1.49,-0.99,-0.04,0.4
943,2001-12-07,4.0,3.97,4.0,3.96,20443,8127256.5,1.0,-0.75,-0.03,0.27
944,2001-12-10,3.97,3.93,3.97,3.92,20100,7908541.5,1.26,-1.01,-0.04,0.27
945,2001-12-11,3.93,3.94,3.98,3.92,14444,5693270.0,1.53,0.25,0.01,0.19
946,2001-12-12,3.94,3.98,3.99,3.94,100221,39915820.0,1.27,1.02,0.04,1.34
947,2001-12-13,3.97,3.96,4.05,3.95,138956,55939112.0,2.51,-0.5,-0.02,1.86
948,2001-12-14,3.95,3.89,3.95,3.89,29903,11694421.0,1.52,-1.77,-0.07,0.4
949,2001-12-17,3.89,3.83,3.89,3.78,21897,8374664.5,2.83,-1.54,-0.06,0.29
950,2001-12-18,3.82,3.87,3.87,3.8,11517,4404645.0,1.83,1.04,0.04,0.15
951,2001-12-19,3.87,3.8,3.87,3.8,13237,5059199.0,1.81,-1.81,-0.07,0.18
952,2001-12-20,3.8,3.72,3.8,3.7,22755,8482906.0,2.63,-2.11,-0.08,0.31
953,2001-12-21,3.7,3.72,3.73,3.69,8879,3294569.5,1.08,0.0,0.0,0.12
954,2001-12-24,3.7,3.63,3.71,3.62,14954,5449155.5,2.42,-2.42,-0.09,0.2
955,2001-12-25,3.61,3.63,3.67,3.57,14548,5278096.5,2.75,0.0,0.0,0.2
956,2001-12-26,3.64,3.69,3.69,3.63,10555,3861679.0,1.65,1.65,0.06,0.14
957,2001-12-27,3.69,3.64,3.76,3.62,14019,5173583.5,3.79,-1.36,-0.05,0.19
958,2001-12-28,3.63,3.8,3.81,3.62,34754,12989084.0,5.22,4.4,0.16,0.47
959,2002-01-04,3.76,3.69,3.76,3.66,5663,2091714.0,2.63,-2.89,-0.11,0.08
960,2002-01-07,3.66,3.67,3.68,3.63,5138,1876852.88,1.36,-0.54,-0.02,0.07
961,2002-01-08,3.7,3.65,3.7,3.64,5893,2157893.75,1.63,-0.54,-0.02,0.08
962,2002-01-09,3.64,3.62,3.66,3.6,8747,3166140.0,1.64,-0.82,-0.03,0.12
963,2002-01-10,3.62,3.59,3.62,3.42,20106,7079313.0,5.52,-0.83,-0.03,0.27
964,2002-01-11,3.58,3.46,3.59,3.45,9912,3465729.25,3.9,-3.62,-0.13,0.13
965,2002-01-14,3.4,3.28,3.42,3.27,23689,7865718.5,4.34,-5.2,-0.18,0.32
966,2002-01-15,3.24,3.24,3.32,3.21,16362,5326289.5,3.35,-1.22,-0.04,0.22
967,2002-01-16,3.3,3.32,3.34,3.18,25869,8456703.0,4.94,2.47,0.08,0.35
968,2002-01-17,3.33,3.22,3.34,3.21,15587,5082037.5,3.92,-3.01,-0.1,0.21
969,2002-01-18,3.2,3.34,3.36,3.15,75142,24918640.0,6.52,3.73,0.12,1.0
970,2002-01-21,3.35,3.32,3.37,3.3,27590,9186469.0,2.1,-0.6,-0.02,0.37
971,2002-01-22,3.31,3.33,3.36,3.29,25384,8450322.0,2.11,0.3,0.01,0.34
972,2002-01-23,3.3,3.46,3.47,3.29,34359,11530575.0,5.41,3.9,0.13,0.46
973,2002-01-24,3.44,3.42,3.48,3.34,45467,15595750.0,4.05,-1.16,-0.04,0.61
974,2002-01-25,3.4,3.38,3.44,3.37,21443,7277459.5,2.05,-1.17,-0.04,0.29
975,2002-01-28,3.39,3.16,3.39,3.12,40246,13011158.0,7.99,-6.51,-0.22,0.54
976,2002-01-29,3.1,3.21,3.21,3.04,17814,5627374.0,5.38,1.58,0.05,0.24
977,2002-01-30,3.21,3.18,3.24,3.16,14301,4558335.0,2.49,-0.93,-0.03,0.19
978,2002-01-31,3.18,3.38,3.41,3.18,57479,19208012.0,7.23,6.29,0.2,0.77
979,2002-02-01,3.4,3.32,3.43,3.32,29540,9943347.0,3.25,-1.78,-0.06,0.39
980,2002-02-04,3.32,3.37,3.38,3.31,30754,10286015.0,2.11,1.51,0.05,0.41
981,2002-02-05,3.38,3.53,3.55,3.36,267291,92434136.0,5.64,4.75,0.16,3.57
982,2002-02-06,3.49,3.38,3.51,3.38,81944,28220840.0,3.68,-4.25,-0.15,1.09
983,2002-02-07,3.36,3.42,3.46,3.35,44615,15225299.0,3.25,1.18,0.04,0.6
984,2002-02-08,3.4,3.4,3.46,3.39,30800,10497590.0,2.05,-0.58,-0.02,0.41
985,2002-02-25,3.46,3.43,3.48,3.39,89426,30561798.0,2.65,0.88,0.03,1.19
986,2002-02-26,3.43,3.4,3.43,3.33,44986,15177441.0,2.92,-0.87,-0.03,0.6
987,2002-02-27,3.4,3.4,3.42,3.38,48680,16537220.0,1.18,0.0,0.0,0.65
988,2002-02-28,3.39,3.37,3.42,3.36,27803,9421707.0,1.76,-0.88,-0.03,0.37
989,2002-03-01,3.37,3.31,3.37,3.3,28403,9474909.0,2.08,-1.78,-0.06,0.38
990,2002-03-04,3.31,3.33,3.34,3.29,25273,8374973.0,1.51,0.6,0.02,0.34
991,2002-03-05,3.33,3.36,3.4,3.33,94379,31751376.0,2.1,0.9,0.03,1.26
992,2002-03-06,3.39,3.44,3.49,3.38,354214,121708688.0,3.27,2.38,0.08,4.73
993,2002-03-07,3.43,3.58,3.63,3.41,465075,163023008.0,6.4,4.07,0.14,6.21
994,2002-03-08,3.58,3.68,3.71,3.58,397872,144825056.0,3.63,2.79,0.1,5.31
995,2002-03-11,3.7,3.68,3.72,3.6,200711,73161440.0,3.26,0.0,0.0,2.68
996,2002-03-12,3.69,3.59,3.7,3.58,165511,59990368.0,3.26,-2.45,-0.09,2.21
997,2002-03-13,3.58,3.54,3.65,3.53,112363,40396340.0,3.34,-1.39,-0.05,1.5
998,2002-03-14,3.52,3.62,3.63,3.51,87574,31080120.0,3.39,2.26,0.08,1.17
999,2002-03-15,3.65,3.5,3.65,3.5,88163,31459752.0,4.14,-3.31,-0.12,1.18
1000,2002-03-18,3.5,3.53,3.6,3.5,52333,18461802.0,2.86,0.86,0.03,0.7
1001,2002-03-19,3.53,3.57,3.58,3.51,54089,19181104.0,1.98,1.13,0.04,0.72
1002,2002-03-20,3.57,3.6,3.61,3.53,104700,37363348.0,2.24,0.84,0.03,1.4
1003,2002-03-21,3.6,3.59,3.65,3.57,77231,27832182.0,2.22,-0.28,-0.01,1.03
1004,2002-03-22,3.61,3.61,3.63,3.57,97658,35200776.0,1.67,0.56,0.02,1.3
1005,2002-03-25,3.61,3.68,3.72,3.61,143222,52670364.0,3.05,1.94,0.07,1.91
1006,2002-03-26,3.68,3.61,3.68,3.58,66582,24086142.0,2.72,-1.9,-0.07,0.89
1007,2002-03-27,3.62,3.78,3.79,3.61,191139,70917624.0,4.99,4.71,0.17,2.55
1008,2002-03-28,3.79,3.73,3.8,3.72,126513,47562508.0,2.12,-1.32,-0.05,1.69
1009,2002-03-29,3.73,3.7,3.84,3.66,174809,65764120.0,4.83,-0.8,-0.03,2.33
1010,2002-04-01,3.7,3.88,3.9,3.68,236112,90555032.0,5.95,4.86,0.18,3.15
1011,2002-04-02,3.89,3.89,3.93,3.82,154362,59774384.0,2.84,0.26,0.01,2.06
1012,2002-04-03,3.89,3.85,3.91,3.79,121982,46807624.0,3.08,-1.03,-0.04,1.63
1013,2002-04-04,3.83,3.88,3.91,3.78,118614,45765948.0,3.38,0.78,0.03,1.58
1014,2002-04-05,3.9,3.85,3.91,3.83,75111,29025734.0,2.06,-0.77,-0.03,1.0
1015,2002-04-08,3.85,3.84,3.88,3.8,45420,17411358.0,2.08,-0.26,-0.01,0.61
1016,2002-04-09,3.82,3.85,3.88,3.77,84621,32477098.0,2.86,0.26,0.01,1.13
1017,2002-04-10,3.85,3.81,3.86,3.79,78534,29876164.0,1.82,-1.04,-0.04,1.05
1018,2002-04-11,3.81,3.8,3.86,3.76,72662,27628350.0,2.62,-0.26,-0.01,0.97
1019,2002-04-12,3.79,3.82,3.83,3.78,30064,11452692.0,1.32,0.53,0.02,0.4
1020,2002-04-15,3.83,3.91,3.93,3.8,90589,34918908.0,3.4,2.36,0.09,1.21
1021,2002-04-16,3.9,3.93,3.98,3.88,136604,53896600.0,2.56,0.51,0.02,1.82
1022,2002-04-17,3.92,3.92,3.96,3.85,75675,29578846.0,2.8,-0.25,-0.01,1.01
1023,2002-04-18,3.93,3.87,3.93,3.87,39154,15194222.0,1.53,-1.28,-0.05,0.52
1024,2002-04-19,3.85,3.85,3.87,3.8,54576,20870958.0,1.81,-0.52,-0.02,0.73
1025,2002-04-22,3.84,3.8,3.85,3.79,42049,16036681.0,1.56,-1.3,-0.05,0.56
1026,2002-04-23,3.79,3.79,3.83,3.78,26608,10115805.0,1.32,-0.26,-0.01,0.36
1027,2002-04-24,3.79,3.77,3.82,3.77,23901,9045653.0,1.32,-0.53,-0.02,0.32
1028,2002-04-25,3.77,3.74,3.77,3.72,29869,11167240.0,1.33,-0.8,-0.03,0.4
1029,2002-04-26,3.74,3.77,3.8,3.73,46389,17491002.0,1.87,0.8,0.03,0.62
1030,2002-04-29,3.78,3.83,3.83,3.77,42334,16097668.0,1.59,1.59,0.06,0.56
1031,2002-04-30,3.86,3.82,3.86,3.8,46025,17600636.0,1.57,-0.26,-0.01,0.61
1032,2002-05-08,3.82,3.79,3.84,3.78,22200,8424158.0,1.57,-0.79,-0.03,0.3
1033,2002-05-09,3.78,3.78,3.8,3.74,22426,8485010.0,1.58,-0.26,-0.01,0.3
1034,2002-05-10,3.77,3.75,3.78,3.73,36969,13848430.0,1.32,-0.79,-0.03,0.49
1035,2002-05-13,3.74,3.7,3.75,3.69,31817,11819854.0,1.6,-1.33,-0.05,0.42
1036,2002-05-14,3.69,3.67,3.72,3.65,35470,13050258.0,1.89,-0.81,-0.03,0.47
1037,2002-05-16,3.65,3.56,3.65,3.54,55564,19840794.0,3.0,-3.0,-0.11,0.74
1038,2002-05-17,3.56,3.57,3.61,3.53,27963,9968954.0,2.25,0.28,0.01,0.37
1039,2002-05-20,3.58,3.52,3.58,3.45,28725,10058052.0,3.64,-1.4,-0.05,0.38
1040,2002-05-21,3.6,3.64,3.69,3.55,46210,16749924.0,3.98,3.41,0.12,0.62
1041,2002-05-22,3.65,3.6,3.65,3.56,19704,7070547.0,2.47,-1.1,-0.04,0.26
1042,2002-05-23,3.6,3.6,3.63,3.57,16413,5908326.0,1.67,0.0,0.0,0.22
1043,2002-05-24,3.62,3.54,3.62,3.53,15711,5582990.5,2.5,-1.67,-0.06,0.21
1044,2002-05-27,3.54,3.55,3.58,3.52,11255,3990602.5,1.69,0.28,0.01,0.15
1045,2002-05-28,3.55,3.57,3.61,3.55,11116,3983769.75,1.69,0.56,0.02,0.15
1046,2002-05-29,3.56,3.48,3.58,3.47,19393,6798387.5,3.08,-2.52,-0.09,0.26
1047,2002-05-30,3.48,3.52,3.53,3.43,22010,7655633.5,2.87,1.15,0.04,0.29
1048,2002-05-31,3.52,3.51,3.55,3.47,14475,5099691.0,2.27,-0.28,-0.01,0.19
1049,2002-06-03,3.51,3.42,3.51,3.39,18845,6467135.5,3.42,-2.56,-0.09,0.25
1050,2002-06-04,3.42,3.44,3.45,3.4,13111,4493116.5,1.46,0.58,0.02,0.17
1051,2002-06-05,3.45,3.41,3.45,3.38,21585,7324948.0,2.03,-0.87,-0.03,0.29
1052,2002-06-06,3.4,3.53,3.58,3.35,72689,25092534.0,6.74,3.52,0.12,0.97
1053,2002-06-07,3.5,3.56,3.58,3.47,50957,17993726.0,3.12,0.85,0.03,0.68
1054,2002-06-10,3.55,3.56,3.56,3.51,45556,16138012.0,1.4,0.0,0.0,0.61
1055,2002-06-11,3.54,3.6,3.61,3.54,36360,13071846.0,1.97,1.12,0.04,0.49
1056,2002-06-12,3.58,3.65,3.66,3.56,50037,18105792.0,2.78,1.39,0.05,0.67
1057,2002-06-13,3.65,3.6,3.68,3.59,31373,11438439.0,2.47,-1.37,-0.05,0.42
1058,2002-06-14,3.59,3.58,3.61,3.56,22558,8083447.5,1.39,-0.56,-0.02,0.3
1059,2002-06-17,3.56,3.61,3.62,3.55,21713,7807277.5,1.96,0.84,0.03,0.29
1060,2002-06-18,3.62,3.7,3.76,3.6,109139,40343888.0,4.43,2.49,0.09,1.46
1061,2002-06-19,3.7,3.79,3.81,3.68,109962,41404360.0,3.51,2.43,0.09,1.47
1062,2002-06-20,3.78,3.73,3.78,3.71,97393,36319564.0,1.85,-1.58,-0.06,1.3
1063,2002-06-21,3.74,3.8,3.95,3.74,352321,134609856.0,5.63,1.88,0.07,4.7
1064,2002-06-24,4.15,4.18,4.18,3.89,1397641,566019456.0,7.63,10.0,0.38,18.65
1065,2002-06-25,4.15,4.16,4.5,4.02,940141,399325600.0,11.48,-0.48,-0.02,12.54
1066,2002-06-26,4.14,4.13,4.19,4.06,295850,122044200.0,3.13,-0.72,-0.03,3.95
1067,2002-06-27,4.14,4.25,4.34,4.14,424450,180058880.0,4.84,2.91,0.12,5.66
1068,2002-06-28,4.29,4.19,4.32,4.15,332416,140534816.0,4.0,-1.41,-0.06,4.43
1069,2002-07-01,4.22,4.12,4.25,4.12,144408,60131752.0,3.1,-1.67,-0.07,1.92
1070,2002-07-02,4.12,4.16,4.16,4.07,94780,39036768.0,2.18,0.97,0.04,1.26
1071,2002-07-03,4.16,4.19,4.22,4.16,84192,35237428.0,1.44,0.72,0.03,1.12
1072,2002-07-04,4.12,4.09,4.15,4.08,92304,37963588.0,1.67,-2.39,-0.1,1.23
1073,2002-07-05,4.08,4.08,4.08,4.01,48065,19434688.0,1.71,-0.24,-0.01,0.64
1074,2002-07-08,4.09,4.06,4.1,4.03,65636,26660808.0,1.72,-0.49,-0.02,0.87
1075,2002-07-09,4.06,4.1,4.15,4.03,105204,42947208.0,2.96,0.99,0.04,1.4
1076,2002-07-10,4.1,4.03,4.12,4.02,98140,39715844.0,2.44,-1.71,-0.07,1.31
1077,2002-07-11,4.04,4.03,4.05,4.01,58560,23597712.0,0.99,0.0,0.0,0.78
1078,2002-07-12,4.02,4.0,4.03,3.99,69505,27835472.0,0.99,-0.74,-0.03,0.93
1079,2002-07-15,3.98,3.91,3.99,3.9,72046,28340986.0,2.25,-2.25,-0.09,0.96
1080,2002-07-16,3.91,3.93,3.99,3.91,44512,17579200.0,2.05,0.51,0.02,0.59
1081,2002-07-17,3.93,3.98,3.98,3.91,33225,13084534.0,1.78,1.27,0.05,0.44
1082,2002-07-18,3.98,3.99,4.01,3.94,49495,19745942.0,1.76,0.25,0.01,0.66
1083,2002-07-19,4.0,3.99,4.01,3.96,25010,9957259.0,1.25,0.0,0.0,0.33
1084,2002-07-22,3.98,3.93,3.99,3.91,39598,15587626.0,2.01,-1.5,-0.06,0.53
1085,2002-07-23,3.92,3.88,3.93,3.86,54718,21313712.0,1.78,-1.27,-0.05,0.73
1086,2002-07-24,3.88,3.84,3.9,3.8,44015,16929590.0,2.58,-1.03,-0.04,0.59
1087,2002-07-25,3.85,3.85,3.88,3.8,31260,11993441.0,2.08,0.26,0.01,0.42
1088,2002-07-26,3.85,3.85,3.88,3.81,24466,9407182.0,1.82,0.0,0.0,0.33
1089,2002-07-29,3.84,3.87,3.87,3.81,22005,8461941.0,1.56,0.52,0.02,0.29
1090,2002-07-30,3.88,3.88,3.89,3.82,32100,12415185.0,1.81,0.26,0.01,0.43
1091,2002-07-31,3.88,3.87,3.92,3.85,30886,11997356.0,1.8,-0.26,-0.01,0.41
1092,2002-08-01,3.86,3.87,3.89,3.82,19082,7364062.0,1.81,0.0,0.0,0.25
1093,2002-08-02,3.86,3.89,3.9,3.84,24780,9624553.0,1.55,0.52,0.02,0.33
1094,2002-08-05,3.89,3.85,3.89,3.84,14816,5719502.0,1.29,-1.03,-0.04,0.2
1095,2002-08-06,3.85,3.9,3.93,3.84,44244,17256378.0,2.34,1.3,0.05,0.59
1096,2002-08-07,3.9,3.89,3.9,3.87,16497,6407190.5,0.77,-0.26,-0.01,0.22
1097,2002-08-08,3.9,3.85,3.91,3.85,18887,7319518.5,1.54,-1.03,-0.04,0.25
1098,2002-08-09,3.85,3.83,3.87,3.82,28366,10866031.0,1.3,-0.52,-0.02,0.38
1099,2002-08-12,3.8,3.8,3.83,3.8,27482,10465859.0,0.78,-0.78,-0.03,0.37
1100,2002-08-13,3.8,3.81,3.84,3.8,13490,5148795.5,1.05,0.26,0.01,0.18
1101,2002-08-14,3.81,3.83,3.84,3.8,21780,8307876.0,1.05,0.52,0.02,0.29
1102,2002-08-15,3.82,3.79,3.84,3.79,22721,8641678.0,1.31,-1.04,-0.04,0.3
1103,2002-08-16,3.8,3.83,3.85,3.76,32583,12417928.0,2.37,1.06,0.04,0.43
1104,2002-08-19,3.83,3.81,3.83,3.79,16922,6438334.0,1.04,-0.52,-0.02,0.23
1105,2002-08-20,3.82,3.87,3.89,3.81,56715,21872648.0,2.1,1.57,0.06,0.76
1106,2002-08-21,3.88,3.86,3.9,3.85,39525,15318510.0,1.29,-0.26,-0.01,0.53
1107,2002-08-22,3.86,3.87,3.89,3.83,55785,21543454.0,1.55,0.26,0.01,0.74
1108,2002-08-23,3.88,3.86,3.88,3.84,25919,9998402.0,1.03,-0.26,-0.01,0.35
1109,2002-08-26,3.86,3.81,3.86,3.8,32964,12581807.0,1.55,-1.3,-0.05,0.44
1110,2002-08-27,3.81,3.81,3.83,3.79,36348,13827807.0,1.05,0.0,0.0,0.48
1111,2002-08-28,3.81,3.8,3.82,3.79,27536,10470405.0,0.79,-0.26,-0.01,0.37
1112,2002-08-29,3.8,3.78,3.81,3.78,29857,11314720.0,0.79,-0.53,-0.02,0.4
1113,2002-08-30,3.78,3.78,3.8,3.77,15105,5714681.5,0.79,0.0,0.0,0.2
1114,2002-09-02,3.78,3.78,3.8,3.77,18767,7097446.5,0.79,0.0,0.0,0.25
1115,2002-09-03,3.78,3.79,3.8,3.78,13112,4973014.5,0.53,0.26,0.01,0.17
1116,2002-09-04,3.79,3.76,3.8,3.76,19308,7288697.0,1.06,-0.79,-0.03,0.26
1117,2002-09-05,3.76,3.7,3.77,3.69,44931,16715630.0,2.13,-1.6,-0.06,0.6
1118,2002-09-06,3.68,3.66,3.71,3.66,30223,11118792.0,1.35,-1.08,-0.04,0.4
1119,2002-09-09,3.65,3.63,3.66,3.63,22626,8244889.5,0.82,-0.82,-0.03,0.3
1120,2002-09-10,3.64,3.64,3.65,3.62,18051,6566091.0,0.83,0.28,0.01,0.24
1121,2002-09-11,3.64,3.63,3.65,3.6,19991,7223557.0,1.37,-0.27,-0.01,0.27
1122,2002-09-12,3.63,3.64,3.66,3.61,12747,4624290.0,1.38,0.28,0.01,0.17
1123,2002-09-13,3.64,3.62,3.64,3.61,11421,4138486.5,0.82,-0.55,-0.02,0.15
1124,2002-09-16,3.61,3.57,3.61,3.55,22258,7948374.5,1.66,-1.38,-0.05,0.3
1125,2002-09-17,3.57,3.59,3.6,3.55,15307,5473621.5,1.4,0.56,0.02,0.2
1126,2002-09-18,3.58,3.57,3.59,3.56,8654,3091000.75,0.84,-0.56,-0.02,0.12
1127,2002-09-19,3.57,3.62,3.65,3.52,29131,10402611.0,3.64,1.4,0.05,0.39
1128,2002-09-20,3.62,3.56,3.63,3.55,14486,5197542.0,2.21,-1.66,-0.06,0.19
1129,2002-09-23,3.57,3.62,3.64,3.56,27704,10031954.0,2.25,1.69,0.06,0.37
1130,2002-09-24,3.62,3.55,3.63,3.54,33925,12141574.0,2.49,-1.93,-0.07,0.45
1131,2002-09-25,3.55,3.57,3.61,3.55,15843,5673840.5,1.69,0.56,0.02,0.21
1132,2002-09-26,3.58,3.56,3.6,3.55,17573,6263712.0,1.4,-0.28,-0.01,0.23
1133,2002-09-27,3.56,3.57,3.58,3.55,16714,5956106.0,0.84,0.28,0.01,0.22
1134,2002-10-08,3.57,3.55,3.57,3.52,12679,4482713.5,1.4,-0.56,-0.02,0.17
1135,2002-10-09,3.55,3.41,3.55,3.4,26284,9079741.0,4.23,-3.94,-0.14,0.35
1136,2002-10-10,3.41,3.4,3.45,3.39,18799,6404039.0,1.76,-0.29,-0.01,0.25
1137,2002-10-11,3.4,3.42,3.43,3.38,10445,3560057.5,1.47,0.59,0.02,0.14
1138,2002-10-14,3.42,3.42,3.43,3.36,15344,5212043.5,2.05,0.0,0.0,0.2
1139,2002-10-15,3.42,3.41,3.44,3.39,10333,3532288.25,1.46,-0.29,-0.01,0.14
1140,2002-10-16,3.41,3.45,3.47,3.41,18335,6312354.0,1.76,1.17,0.04,0.24
1141,2002-10-17,3.45,3.4,3.45,3.39,16123,5488777.0,1.74,-1.45,-0.05,0.21
1142,2002-10-18,3.4,3.42,3.44,3.37,15655,5317664.0,2.06,0.59,0.02,0.21
1143,2002-10-21,3.39,3.42,3.43,3.37,8798,2996483.75,1.75,0.0,0.0,0.12
1144,2002-10-22,3.42,3.47,3.5,3.4,31831,11007630.0,2.92,1.46,0.05,0.42
1145,2002-10-23,3.47,3.46,3.48,3.44,12668,4379228.0,1.15,-0.29,-0.01,0.17
1146,2002-10-24,3.46,3.42,3.47,3.41,10177,3491650.25,1.73,-1.16,-0.04,0.14
1147,2002-10-25,3.45,3.42,3.47,3.41,15464,5315732.0,1.75,0.0,0.0,0.21
1148,2002-10-28,3.42,3.39,3.42,3.37,14326,4853380.0,1.46,-0.88,-0.03,0.19
1149,2002-10-29,3.38,3.4,3.41,3.36,14091,4762934.0,1.47,0.29,0.01,0.19
1150,2002-10-30,3.41,3.4,3.41,3.37,7936,2687504.0,1.18,0.0,0.0,0.11
1151,2002-10-31,3.39,3.39,3.44,3.38,9859,3364051.0,1.76,-0.29,-0.01,0.13
1152,2002-11-01,3.4,3.43,3.43,3.38,10712,3644420.5,1.47,1.18,0.04,0.14
1153,2002-11-04,3.44,3.47,3.47,3.43,13232,4566006.5,1.17,1.17,0.04,0.18
1154,2002-11-05,3.47,3.54,3.55,3.46,49919,17545098.0,2.59,2.02,0.07,0.66
1155,2002-11-06,3.55,3.5,3.55,3.49,20458,7193796.0,1.69,-1.13,-0.04,0.27
1156,2002-11-07,3.52,3.53,3.56,3.5,23071,8134761.5,1.71,0.86,0.03,0.31
1157,2002-11-08,3.55,3.47,3.58,3.42,32431,11294921.0,4.53,-1.7,-0.06,0.43
1158,2002-11-11,3.46,3.4,3.46,3.39,19666,6701673.0,2.02,-2.02,-0.07,0.26
1159,2002-11-12,3.4,3.33,3.43,3.3,32507,10895436.0,3.82,-2.06,-0.07,0.43
1160,2002-11-13,3.33,3.36,3.38,3.3,26663,8849966.0,2.4,0.9,0.03,0.35
1161,2002-11-14,3.36,3.28,3.37,3.28,18219,6047237.0,2.68,-2.38,-0.08,0.24
1162,2002-11-15,3.29,3.31,3.35,3.28,18918,6274736.0,2.13,0.91,0.03,0.25
1163,2002-11-18,3.31,3.29,3.33,3.26,17168,5644341.0,2.11,-0.6,-0.02,0.23
1164,2002-11-19,3.26,3.3,3.31,3.25,14155,4637867.0,1.82,0.3,0.01,0.19
1165,2002-11-21,3.21,3.12,3.21,3.1,38156,11953901.0,3.33,-5.45,-0.18,0.51
1166,2002-11-22,3.13,3.14,3.17,3.08,29999,9394749.0,2.88,0.64,0.02,0.4
1167,2002-11-25,3.13,3.16,3.17,3.09,14163,4454271.0,2.55,0.64,0.02,0.19
1168,2002-11-26,3.16,3.1,3.18,3.1,20639,6476865.5,2.53,-1.9,-0.06,0.27
1169,2002-11-27,3.07,3.21,3.25,3.07,57987,18262386.0,5.81,3.55,0.11,0.77
1170,2002-11-28,3.21,3.28,3.29,3.17,51654,16692489.0,3.74,2.18,0.07,0.69
1171,2002-11-29,3.28,3.29,3.35,3.22,71848,23665338.0,3.96,0.3,0.01,0.96
1172,2002-12-02,3.3,3.19,3.31,3.18,30302,9820604.0,3.95,-3.04,-0.1,0.4
1173,2002-12-03,3.18,3.23,3.25,3.16,21229,6832726.5,2.82,1.25,0.04,0.28
1174,2002-12-04,3.24,3.23,3.27,3.2,19352,6281343.5,2.17,0.0,0.0,0.26
1175,2002-12-05,3.23,3.22,3.24,3.18,18127,5811954.0,1.86,-0.31,-0.01,0.24
1176,2002-12-06,3.21,3.22,3.24,3.18,11026,3541567.5,1.86,0.0,0.0,0.15
1177,2002-12-09,3.21,3.19,3.23,3.17,17028,5434295.0,1.86,-0.93,-0.03,0.23
1178,2002-12-10,3.2,3.15,3.21,3.15,15993,5075856.5,1.88,-1.25,-0.04,0.21
1179,2002-12-11,3.15,3.16,3.18,3.13,13285,4184022.75,1.59,0.32,0.01,0.18
1180,2002-12-12,3.16,3.18,3.19,3.16,8560,2719815.75,0.95,0.63,0.02,0.11
1181,2002-12-13,3.19,3.19,3.21,3.14,11588,3689220.25,2.2,0.31,0.01,0.15
1182,2002-12-16,3.19,3.26,3.28,3.19,33464,10863194.0,2.82,2.19,0.07,0.45
1183,2002-12-17,3.26,3.26,3.28,3.23,13310,4333918.0,1.53,0.0,0.0,0.18
1184,2002-12-18,3.26,3.24,3.28,3.22,17438,5663121.0,1.84,-0.61,-0.02,0.23
1185,2002-12-19,3.24,3.23,3.24,3.21,10596,3411809.0,0.93,-0.31,-0.01,0.14
1186,2002-12-20,3.23,3.26,3.26,3.21,18715,6052118.0,1.55,0.93,0.03,0.25
1187,2002-12-23,3.25,3.26,3.29,3.25,24472,7998044.5,1.23,0.0,0.0,0.33
1188,2002-12-24,3.25,3.24,3.26,3.22,9673,3127045.0,1.23,-0.61,-0.02,0.13
1189,2002-12-25,3.23,3.24,3.25,3.22,11392,3685269.0,0.93,0.0,0.0,0.15
1190,2002-12-26,3.22,3.13,3.23,3.13,25388,8050043.0,3.09,-3.4,-0.11,0.34
1191,2002-12-27,3.1,3.15,3.17,3.1,21402,6717398.5,2.24,0.64,0.02,0.28
1192,2002-12-30,3.14,3.14,3.15,3.12,29406,9215562.0,0.95,-0.32,-0.01,0.39
1193,2002-12-31,3.13,3.13,3.16,3.13,17682,5554952.0,0.96,-0.32,-0.01,0.24
1194,2003-01-02,3.13,3.1,3.14,3.1,27802,8661666.0,1.28,-0.96,-0.03,0.37
1195,2003-01-03,3.09,3.13,3.14,3.08,25054,7797325.5,1.94,0.97,0.03,0.33
1196,2003-01-06,3.13,3.15,3.15,3.11,10391,3258480.5,1.28,0.64,0.02,0.14
1197,2003-01-07,3.16,3.15,3.17,3.13,11645,3671718.75,1.27,0.0,0.0,0.15
1198,2003-01-08,3.14,3.24,3.26,3.13,26155,8378682.5,4.13,2.86,0.09,0.35
1199,2003-01-09,3.24,3.28,3.31,3.19,86035,28161038.0,3.7,1.23,0.04,1.14
1200,2003-01-10,3.3,3.25,3.33,3.24,82871,27327138.0,2.74,-0.91,-0.03,1.1
1201,2003-01-13,3.25,3.26,3.29,3.25,21861,7140692.5,1.23,0.31,0.01,0.29
1202,2003-01-14,3.26,3.54,3.59,3.26,347508,121600488.0,10.12,8.59,0.28,4.62
1203,2003-01-15,3.53,3.44,3.54,3.4,103122,35759876.0,3.95,-2.82,-0.1,1.37
1204,2003-01-16,3.44,3.5,3.54,3.41,87072,30377086.0,3.78,1.74,0.06,1.16
1205,2003-01-17,3.5,3.48,3.52,3.45,67268,23461266.0,2.0,-0.57,-0.02,0.89
1206,2003-01-20,3.48,3.49,3.52,3.4,40402,13969911.0,3.45,0.29,0.01,0.54
1207,2003-01-21,3.5,3.4,3.51,3.4,41427,14226468.0,3.15,-2.58,-0.09,0.55
1208,2003-01-22,3.4,3.4,3.43,3.38,26518,9020142.0,1.47,0.0,0.0,0.35
1209,2003-01-23,3.4,3.4,3.46,3.38,28672,9790057.0,2.35,0.0,0.0,0.38
1210,2003-01-24,3.4,3.52,3.53,3.39,103718,36157636.0,4.12,3.53,0.12,1.38
1211,2003-01-27,3.52,3.54,3.6,3.49,64292,22888228.0,3.13,0.57,0.02,0.86
1212,2003-01-28,3.5,3.58,3.67,3.5,93164,33528370.0,4.8,1.13,0.04,1.24
1213,2003-01-29,3.6,3.56,3.62,3.56,52584,18851700.0,1.68,-0.56,-0.02,0.7
1214,2003-02-10,3.58,3.56,3.6,3.55,50640,18064960.0,1.4,0.0,0.0,0.67
1215,2003-02-11,3.56,3.59,3.59,3.55,23557,8396833.0,1.12,0.84,0.03,0.31
1216,2003-02-12,3.58,3.63,3.65,3.57,60092,21798722.0,2.23,1.11,0.04,0.8
1217,2003-02-13,3.63,3.58,3.65,3.57,36279,13096657.0,2.2,-1.38,-0.05,0.48
1218,2003-02-14,3.58,3.6,3.62,3.57,27130,9733914.0,1.4,0.56,0.02,0.36
1219,2003-02-17,3.61,3.55,3.61,3.54,33421,11931609.0,1.94,-1.39,-0.05,0.44
1220,2003-02-18,3.54,3.56,3.61,3.53,34823,12417306.0,2.25,0.28,0.01,0.46
1221,2003-02-19,3.56,3.61,3.61,3.54,48374,17343320.0,1.97,1.4,0.05,0.64
1222,2003-02-20,3.61,3.61,3.65,3.59,54351,19714088.0,1.66,0.0,0.0,0.72
1223,2003-02-21,3.6,3.55,3.61,3.54,49249,17591558.0,1.94,-1.66,-0.06,0.66
1224,2003-02-24,3.54,3.58,3.6,3.52,25530,9117356.0,2.25,0.85,0.03,0.34
1225,2003-02-25,3.57,3.64,3.67,3.57,64445,23453642.0,2.79,1.68,0.06,0.86
1226,2003-02-26,3.64,3.63,3.66,3.6,23184,8436303.0,1.65,-0.27,-0.01,0.31
1227,2003-02-27,3.63,3.64,3.66,3.61,34992,12738238.0,1.38,0.28,0.01,0.47
1228,2003-02-28,3.64,3.63,3.65,3.59,25050,9066583.0,1.65,-0.27,-0.01,0.33
1229,2003-03-03,3.63,3.64,3.65,3.6,20359,7381615.0,1.38,0.28,0.01,0.27
1230,2003-03-04,3.65,3.63,3.65,3.61,17571,6374318.0,1.1,-0.27,-0.01,0.23
1231,2003-03-05,3.63,3.62,3.64,3.6,24971,9013808.0,1.1,-0.28,-0.01,0.33
1232,2003-03-06,3.62,3.58,3.62,3.57,41409,14832990.0,1.38,-1.1,-0.04,0.55
1233,2003-03-07,3.58,3.57,3.59,3.56,30281,10831035.0,0.84,-0.28,-0.01,0.4
1234,2003-03-10,3.57,3.52,3.59,3.51,38103,13470358.0,2.24,-1.4,-0.05,0.51
1235,2003-03-11,3.52,3.49,3.55,3.48,41041,14377144.0,1.99,-0.85,-0.03,0.55
1236,2003-03-12,3.49,3.5,3.5,3.45,34995,12143842.0,1.43,0.29,0.01,0.47
1237,2003-03-13,3.5,3.49,3.51,3.48,23070,8060512.5,0.86,-0.29,-0.01,0.31
1238,2003-03-14,3.49,3.52,3.54,3.49,30554,10722601.0,1.43,0.86,0.03,0.41
1239,2003-03-17,3.5,3.51,3.52,3.46,15946,5559876.5,1.7,-0.28,-0.01,0.21
1240,2003-03-18,3.5,3.48,3.53,3.47,11558,4044945.0,1.71,-0.85,-0.03,0.15
1241,2003-03-19,3.47,3.49,3.52,3.46,18927,6611010.0,1.72,0.29,0.01,0.25
1242,2003-03-20,3.49,3.5,3.52,3.47,17021,5947579.0,1.43,0.29,0.01,0.23
1243,2003-03-21,3.49,3.54,3.56,3.49,19654,6924345.0,2.0,1.14,0.04,0.26
1244,2003-03-24,3.52,3.52,3.53,3.5,6200,2177281.5,0.85,-0.56,-0.02,0.08
1245,2003-03-25,3.52,3.48,3.52,3.46,19878,6912085.0,1.7,-1.14,-0.04,0.26
1246,2003-03-26,3.45,3.48,3.5,3.45,10451,3637082.25,1.44,0.0,0.0,0.14
1247,2003-03-27,3.46,3.6,3.62,3.46,37649,13330867.0,4.6,3.45,0.12,0.5
1248,2003-03-28,3.59,3.64,3.67,3.56,95228,34651560.0,3.06,1.11,0.04,1.27
1249,2003-03-31,3.64,3.67,3.71,3.61,56347,20721686.0,2.75,0.82,0.03,0.75
1250,2003-04-01,3.7,3.69,3.71,3.67,58468,21598330.0,1.09,0.54,0.02,0.78
1251,2003-04-02,3.7,3.7,3.75,3.67,56849,21109938.0,2.17,0.27,0.01,0.76
1252,2003-04-03,3.7,3.67,3.72,3.66,34551,12719753.0,1.62,-0.81,-0.03,0.46
1253,2003-04-04,3.66,3.73,3.75,3.65,56705,21066900.0,2.72,1.63,0.06,0.75
1254,2003-04-07,3.73,3.73,3.79,3.72,49449,18524412.0,1.88,0.0,0.0,0.66
1255,2003-04-08,3.72,3.9,3.97,3.7,282438,109212912.0,7.24,4.56,0.17,3.76
1256,2003-04-09,3.91,4.04,4.06,3.88,275124,109479800.0,4.62,3.59,0.14,3.66
1257,2003-04-10,4.05,4.03,4.18,4.0,366581,149844624.0,4.46,-0.25,-0.01,4.87
1258,2003-04-11,4.03,4.21,4.27,3.96,426634,176705104.0,7.69,4.47,0.18,5.67
1259,2003-04-14,4.21,4.21,4.32,4.1,345939,146018848.0,5.23,0.0,0.0,4.6
1260,2003-04-15,4.22,4.16,4.23,4.15,170305,71104416.0,1.9,-1.19,-0.05,2.26
1261,2003-04-16,4.16,3.99,4.19,3.98,221253,90219952.0,5.05,-4.09,-0.17,2.94
1262,2003-04-17,3.98,3.96,4.08,3.9,148732,58997580.0,4.51,-0.75,-0.03,1.98
1263,2003-04-18,3.96,3.85,4.0,3.8,121753,47154680.0,5.05,-2.78,-0.11,1.62
1264,2003-04-21,3.83,3.86,3.9,3.8,75184,28953566.0,2.6,0.26,0.01,1.0
1265,2003-04-22,3.86,3.92,3.92,3.85,43694,16995786.0,1.81,1.55,0.06,0.58
1266,2003-04-23,3.92,3.8,3.94,3.79,72536,27896606.0,3.83,-3.06,-0.12,0.96
1267,2003-04-24,3.79,3.73,3.81,3.65,88450,33041850.0,4.21,-1.84,-0.07,1.18
1268,2003-04-25,3.71,3.73,3.82,3.69,60981,22930244.0,3.49,0.0,0.0,0.81
1269,2003-04-28,3.71,3.87,3.88,3.64,100516,37819976.0,6.43,3.75,0.14,1.34
1270,2003-04-29,3.86,3.75,3.86,3.74,57050,21627322.0,3.1,-3.1,-0.12,0.76
1271,2003-04-30,3.76,3.85,3.9,3.76,115668,44573520.0,3.73,2.67,0.1,1.54
1272,2003-05-12,3.88,4.03,4.05,3.87,153641,61112984.0,4.68,4.68,0.18,2.04
1273,2003-05-13,4.05,3.99,4.16,3.97,180269,72655856.0,4.71,-0.99,-0.04,2.4
1274,2003-05-14,3.98,4.08,4.11,3.93,116373,47095384.0,4.51,2.26,0.09,1.55
1275,2003-05-15,4.08,4.14,4.28,4.08,284297,119367488.0,4.9,1.47,0.06,3.78
1276,2003-05-16,4.16,4.18,4.24,4.11,159428,66679520.0,3.14,0.97,0.04,2.12
1277,2003-05-19,4.18,4.26,4.26,4.12,215154,90458120.0,3.35,1.91,0.08,2.86
1278,2003-05-20,4.2,4.2,4.27,4.18,117512,49527100.0,2.11,-1.41,-0.06,1.56
1279,2003-05-21,4.22,4.1,4.23,4.1,105167,43555568.0,3.1,-2.38,-0.1,1.4
1280,2003-05-22,4.1,4.12,4.13,4.0,71274,29002480.0,3.17,0.49,0.02,0.95
1281,2003-05-26,4.16,4.23,4.24,4.13,121553,50950580.0,2.67,2.67,0.11,1.62
1282,2003-05-27,4.23,4.16,4.23,4.13,61456,25584360.0,2.36,-1.65,-0.07,0.82
1283,2003-05-28,4.15,4.05,4.16,4.04,77010,31529718.0,2.88,-2.64,-0.11,1.02
1284,2003-05-29,4.04,4.1,4.1,4.01,45777,18559966.0,2.22,1.23,0.05,0.61
1285,2003-05-30,4.1,4.06,4.14,4.04,52295,21270444.0,2.44,-0.98,-0.04,0.7
1286,2003-06-02,4.07,4.01,4.07,3.99,53702,21510100.0,1.97,-1.23,-0.05,0.71
1287,2003-06-03,4.0,4.03,4.08,3.99,38551,15588022.0,2.24,0.5,0.02,0.51
1288,2003-06-04,4.01,4.31,4.43,4.01,530454,227081616.0,10.42,6.95,0.28,7.05
1289,2003-06-05,4.3,4.14,4.3,4.11,224961,94663640.0,4.41,-3.94,-0.17,2.99
1290,2003-06-06,4.1,4.1,4.2,4.08,98515,40825236.0,2.9,-0.97,-0.04,1.31
1291,2003-06-09,4.08,4.18,4.23,4.08,102139,42672868.0,3.66,1.95,0.08,1.36
1292,2003-06-10,4.18,4.22,4.23,4.15,80807,33921268.0,1.91,0.96,0.04,1.07
1293,2003-06-11,4.18,4.25,4.28,4.13,284541,120550736.0,3.55,0.71,0.03,3.78
1294,2003-06-12,4.26,4.27,4.33,4.23,157667,67372992.0,2.35,0.47,0.02,2.1
1295,2003-06-13,4.27,4.3,4.4,4.26,253914,110360256.0,3.28,0.7,0.03,3.38
1296,2003-06-16,4.32,4.29,4.35,4.28,104091,44826984.0,1.63,-0.23,-0.01,1.38
1297,2003-06-17,4.3,4.23,4.3,4.22,70023,29783650.0,1.86,-1.4,-0.06,0.93
1298,2003-06-18,4.25,4.21,4.3,4.2,55708,23587560.0,2.36,-0.47,-0.02,0.74
1299,2003-06-19,4.22,4.16,4.24,4.12,69187,28827670.0,2.85,-1.19,-0.05,0.92
1300,2003-06-20,4.16,4.16,4.22,4.11,62638,26089322.0,2.64,0.0,0.0,0.83
1301,2003-06-23,4.16,4.18,4.23,4.11,52465,21957126.0,2.88,0.48,0.02,0.7
1302,2003-06-24,4.18,4.2,4.24,4.15,45850,19264378.0,2.15,0.48,0.02,0.61
1303,2003-06-25,4.21,4.12,4.22,4.11,55016,22828758.0,2.62,-1.9,-0.08,0.73
1304,2003-06-26,4.11,4.16,4.17,4.04,74394,30521822.0,3.16,0.97,0.04,0.99
1305,2003-06-27,4.14,4.06,4.16,4.05,38481,15770554.0,2.64,-2.4,-0.1,0.51
1306,2003-06-30,4.01,4.04,4.1,4.01,39753,16085312.0,2.22,-0.49,-0.02,0.53
1307,2003-07-01,4.04,4.09,4.16,4.04,49137,20182218.0,2.97,1.24,0.05,0.65
1308,2003-07-02,4.1,4.16,4.16,4.04,42228,17412850.0,2.93,1.71,0.07,0.56
1309,2003-07-03,4.16,4.17,4.18,4.12,38966,16218343.0,1.44,0.24,0.01,0.52
1310,2003-07-04,4.18,4.15,4.2,4.14,23350,9737108.0,1.44,-0.48,-0.02,0.31
1311,2003-07-07,4.15,4.21,4.24,4.1,54463,22806904.0,3.37,1.45,0.06,0.72
1312,2003-07-08,4.19,4.2,4.23,4.18,23822,10006912.0,1.19,-0.24,-0.01,0.32
1313,2003-07-09,4.2,4.18,4.23,4.16,31268,13085587.0,1.67,-0.48,-0.02,0.42
1314,2003-07-10,4.18,4.28,4.3,4.17,145310,61916248.0,3.11,2.39,0.1,1.93
1315,2003-07-11,4.28,4.24,4.31,4.23,61354,26249208.0,1.87,-0.93,-0.04,0.82
1316,2003-07-14,4.25,4.29,4.32,4.24,81801,35148012.0,1.89,1.18,0.05,1.09
1317,2003-07-15,4.3,4.38,4.39,4.3,180924,78875728.0,2.1,2.1,0.09,2.4
1318,2003-07-16,4.38,4.4,4.42,4.33,138319,60645420.0,2.05,0.46,0.02,1.84
1319,2003-07-17,4.4,4.41,4.51,4.39,176677,78816520.0,2.73,0.23,0.01,2.35
1320,2003-07-18,4.38,4.26,4.43,4.24,229729,99301256.0,4.31,-3.4,-0.15,3.05
1321,2003-07-21,4.23,4.29,4.33,4.22,118445,50764300.0,2.58,0.7,0.03,1.57
1322,2003-07-22,4.31,4.32,4.38,4.28,81220,35036580.0,2.33,0.7,0.03,1.08
1323,2003-07-23,4.32,4.36,4.4,4.28,52762,22989252.0,2.78,0.93,0.04,0.7
1324,2003-07-24,4.37,4.35,4.41,4.33,81472,35687252.0,1.83,-0.23,-0.01,1.08
1325,2003-07-25,4.33,4.25,4.37,4.22,83461,35744836.0,3.45,-2.3,-0.1,1.11
1326,2003-07-28,4.24,4.19,4.29,4.19,101077,42642940.0,2.35,-1.41,-0.06,1.34
1327,2003-07-29,4.19,4.25,4.27,4.19,32284,13669751.0,1.91,1.43,0.06,0.43
1328,2003-07-30,4.26,4.26,4.3,4.23,34896,14867979.0,1.65,0.24,0.01,0.46
1329,2003-07-31,4.26,4.24,4.28,4.22,26141,11101447.0,1.41,-0.47,-0.02,0.35
1330,2003-08-01,4.24,4.2,4.24,4.17,73294,30757622.0,1.65,-0.94,-0.04,0.97
1331,2003-08-04,4.19,4.27,4.27,4.17,30303,12780712.0,2.38,1.67,0.07,0.4
1332,2003-08-05,4.28,4.26,4.29,4.24,23844,10169724.0,1.17,-0.23,-0.01,0.32
1333,2003-08-06,4.26,4.21,4.27,4.21,18729,7911634.0,1.41,-1.17,-0.05,0.25
1334,2003-08-07,4.2,4.27,4.29,4.2,36265,15443850.0,2.14,1.43,0.06,0.48
1335,2003-08-08,4.25,4.2,4.26,4.17,53777,22603920.0,2.11,-1.64,-0.07,0.71
1336,2003-08-11,4.19,4.23,4.23,4.17,21018,8849669.0,1.43,0.71,0.03,0.28
1337,2003-08-12,4.2,4.21,4.24,4.2,11822,4983752.5,0.95,-0.47,-0.02,0.16
1338,2003-08-13,4.21,4.11,4.23,4.11,51694,21461416.0,2.85,-2.38,-0.1,0.69
1339,2003-08-14,4.1,4.04,4.14,4.02,53857,21885882.0,2.92,-1.7,-0.07,0.72
1340,2003-08-15,4.04,4.06,4.07,4.02,26301,10646754.0,1.24,0.5,0.02,0.35
1341,2003-08-18,4.05,4.07,4.08,4.04,20120,8163798.5,0.99,0.25,0.01,0.27
1342,2003-08-19,4.1,4.11,4.15,4.08,20899,8606905.0,1.72,0.98,0.04,0.28
1343,2003-08-20,4.12,4.09,4.12,4.05,15654,6382486.0,1.7,-0.49,-0.02,0.21
1344,2003-08-21,4.1,4.07,4.11,4.02,13186,5356018.5,2.2,-0.49,-0.02,0.18
1345,2003-08-22,4.03,4.09,4.12,4.03,17307,7065236.0,2.21,0.49,0.02,0.23
1346,2003-08-25,4.05,4.13,4.15,4.04,25321,10406462.0,2.69,0.98,0.04,0.34
1347,2003-08-26,4.13,4.1,4.15,4.09,11972,4930752.0,1.45,-0.73,-0.03,0.16
1348,2003-08-27,4.1,4.09,4.12,4.08,10085,4133220.0,0.98,-0.24,-0.01,0.13
1349,2003-08-28,4.09,4.04,4.1,4.04,18125,7388681.0,1.47,-1.22,-0.05,0.24
1350,2003-08-29,4.04,4.07,4.07,4.0,27684,11132670.0,1.73,0.74,0.03,0.37
1351,2003-09-01,4.07,4.13,4.14,4.03,22286,9119559.0,2.7,1.47,0.06,0.3
1352,2003-09-02,4.13,4.09,4.14,4.07,15099,6194483.0,1.69,-0.97,-0.04,0.2
1353,2003-09-03,4.1,4.09,4.12,4.08,13282,5445496.5,0.98,0.0,0.0,0.18
1354,2003-09-04,4.1,4.1,4.17,4.07,24164,9954936.0,2.44,0.24,0.01,0.32
1355,2003-09-05,4.1,4.08,4.12,4.03,26673,10822866.0,2.2,-0.49,-0.02,0.35
1356,2003-09-08,4.05,4.05,4.08,4.02,20302,8209507.5,1.47,-0.74,-0.03,0.27
1357,2003-09-09,4.04,4.0,4.08,3.99,77023,31022410.0,2.22,-1.23,-0.05,1.02
1358,2003-09-10,3.99,4.03,4.05,3.98,12452,4996620.5,1.75,0.75,0.03,0.17
1359,2003-09-11,4.03,4.06,4.07,4.01,14962,6068906.0,1.49,0.74,0.03,0.2
1360,2003-09-12,4.06,4.06,4.09,4.02,15681,6374128.0,1.72,0.0,0.0,0.21
1361,2003-09-15,4.04,4.05,4.12,4.01,14322,5838533.0,2.71,-0.25,-0.01,0.19
1362,2003-09-16,4.05,4.06,4.08,4.02,9757,3946676.25,1.48,0.25,0.01,0.13
1363,2003-09-17,4.05,4.01,4.05,4.0,14008,5628086.0,1.23,-1.23,-0.05,0.19
1364,2003-09-18,4.01,3.97,4.01,3.96,27321,10874518.0,1.25,-1.0,-0.04,0.36
1365,2003-09-19,3.97,3.95,3.99,3.92,24006,9468454.0,1.76,-0.5,-0.02,0.32
1366,2003-09-22,3.95,3.87,3.97,3.86,18609,7252762.5,2.78,-2.03,-0.08,0.25
1367,2003-09-23,3.87,3.88,3.89,3.77,22544,8625590.0,3.1,0.26,0.01,0.3
1368,2003-09-24,3.88,3.96,3.96,3.88,23069,9074592.0,2.06,2.06,0.08,0.31
1369,2003-09-25,3.95,3.89,3.95,3.88,10579,4130262.0,1.77,-1.77,-0.07,0.14
1370,2003-09-26,3.88,3.88,3.9,3.87,6529,2534930.25,0.77,-0.26,-0.01,0.09
1371,2003-09-29,3.88,3.86,3.9,3.85,11870,4591092.0,1.29,-0.52,-0.02,0.16
1372,2003-09-30,3.9,3.98,4.03,3.87,30596,12074709.0,4.15,3.11,0.12,0.41
1373,2003-10-08,4.0,4.06,4.08,3.97,20908,8441932.0,2.76,2.01,0.08,0.28
1374,2003-10-09,4.06,4.04,4.1,4.03,16600,6734787.0,1.72,-0.49,-0.02,0.22
1375,2003-10-10,4.02,4.17,4.2,4.02,105505,43915832.0,4.46,3.22,0.13,1.4
1376,2003-10-13,4.17,4.2,4.24,4.16,78151,32786310.0,1.92,0.72,0.03,1.04
1377,2003-10-14,4.2,4.18,4.24,4.15,47247,19821690.0,2.14,-0.48,-0.02,0.63
1378,2003-10-15,4.19,4.13,4.22,4.12,37998,15848629.0,2.39,-1.2,-0.05,0.5
1379,2003-10-16,4.11,4.13,4.18,4.1,29051,12021803.0,1.94,0.0,0.0,0.39
1380,2003-10-17,4.13,4.18,4.21,4.11,74608,31136074.0,2.42,1.21,0.05,0.99
1381,2003-10-20,4.19,4.19,4.21,4.16,32826,13727171.0,1.2,0.24,0.01,0.44
1382,2003-10-21,4.19,4.24,4.24,4.15,63284,26591552.0,2.15,1.19,0.05,0.84
1383,2003-10-22,4.25,4.37,4.45,4.25,230197,100411048.0,4.72,3.07,0.13,3.06
1384,2003-10-23,4.4,4.31,4.42,4.29,115391,50319848.0,2.97,-1.37,-0.06,1.53
1385,2003-10-24,4.29,4.37,4.39,4.28,87591,38057372.0,2.55,1.39,0.06,1.16
1386,2003-10-27,4.38,4.32,4.41,4.26,64415,27832556.0,3.43,-1.14,-0.05,0.86
1387,2003-10-28,4.28,4.46,4.48,4.27,214497,94738088.0,4.86,3.24,0.14,2.85
1388,2003-10-29,4.5,4.47,4.54,4.41,329633,147779024.0,2.91,0.22,0.01,4.38
1389,2003-10-30,4.45,4.43,4.49,4.37,125505,55727988.0,2.68,-0.89,-0.04,1.67
1390,2003-10-31,4.43,4.4,4.5,4.34,100017,44242756.0,3.61,-0.68,-0.03,1.33
1391,2003-11-03,4.39,4.53,4.57,4.38,185682,83529600.0,4.32,2.95,0.13,2.47
1392,2003-11-04,4.55,4.7,4.94,4.53,545167,259110048.0,9.05,3.75,0.17,7.24
1393,2003-11-05,4.69,4.76,4.79,4.64,220927,104371312.0,3.19,1.28,0.06,2.93
1394,2003-11-06,4.76,4.85,4.89,4.71,300921,144687744.0,3.78,1.89,0.09,4.0
1395,2003-11-07,4.85,4.63,4.87,4.6,304838,144487392.0,5.57,-4.54,-0.22,4.05
1396,2003-11-10,4.5,4.75,4.75,4.5,124088,57798420.0,5.4,2.59,0.12,1.65
1397,2003-11-11,4.76,4.75,4.89,4.69,204558,97899128.0,4.21,0.0,0.0,2.72
1398,2003-11-12,4.72,4.62,4.76,4.61,130272,60740476.0,3.16,-2.74,-0.13,1.73
1399,2003-11-13,4.59,4.63,4.72,4.57,73657,34263964.0,3.25,0.22,0.01,0.98
1400,2003-11-14,4.64,4.69,4.75,4.63,79234,37095528.0,2.59,1.3,0.06,1.05
1401,2003-11-17,4.7,4.69,4.76,4.66,60833,28663746.0,2.13,0.0,0.0,0.81
1402,2003-11-18,4.66,4.57,4.68,4.56,97612,45036320.0,2.56,-2.56,-0.12,1.3
1403,2003-11-19,4.52,4.6,4.64,4.52,73181,33615172.0,2.63,0.66,0.03,0.97
1404,2003-11-20,4.58,4.67,4.71,4.54,120566,55779412.0,3.7,1.52,0.07,1.6
1405,2003-11-21,4.69,4.7,4.94,4.62,223848,106827320.0,6.85,0.64,0.03,2.97
1406,2003-11-24,4.7,4.82,4.91,4.67,261708,126591600.0,5.11,2.55,0.12,3.48
1407,2003-11-25,4.85,4.82,4.89,4.75,156799,75259992.0,2.9,0.0,0.0,2.08
1408,2003-11-26,4.82,5.04,5.05,4.76,456839,226534576.0,6.02,4.56,0.22,6.07
1409,2003-11-27,5.04,5.0,5.14,4.96,350867,177556784.0,3.57,-0.79,-0.04,4.66
1410,2003-11-28,5.0,5.06,5.12,5.0,133271,67439664.0,2.4,1.2,0.06,1.77
1411,2003-12-01,5.06,5.38,5.46,5.06,324289,171246816.0,7.91,6.32,0.32,4.31
1412,2003-12-02,5.39,5.35,5.44,5.33,267033,143638736.0,2.04,-0.56,-0.03,3.55
1413,2003-12-03,5.34,5.44,5.56,5.29,296666,160792912.0,5.05,1.68,0.09,3.94
1414,2003-12-04,5.43,5.42,5.51,5.39,199683,108704352.0,2.21,-0.37,-0.02,2.65
1415,2003-12-05,5.42,5.22,5.42,5.2,283324,149190416.0,4.06,-3.69,-0.2,3.76
1416,2003-12-08,5.2,5.16,5.28,5.12,188324,97840656.0,3.07,-1.15,-0.06,2.5
1417,2003-12-09,5.14,5.3,5.3,5.13,111466,58100624.0,3.29,2.71,0.14,1.48
1418,2003-12-10,5.3,5.38,5.39,5.26,185129,98632616.0,2.45,1.51,0.08,2.46
1419,2003-12-11,5.4,5.24,5.41,5.2,162771,86455440.0,3.9,-2.6,-0.14,2.16
1420,2003-12-12,5.22,5.21,5.26,5.16,94934,49393576.0,1.91,-0.57,-0.03,1.26
1421,2003-12-15,5.25,5.27,5.31,5.18,74096,38891456.0,2.5,1.15,0.06,0.98
1422,2003-12-16,5.27,5.26,5.28,5.14,121744,63225752.0,2.66,-0.19,-0.01,1.62
1423,2003-12-17,5.24,5.22,5.38,5.21,220935,117001936.0,3.23,-0.76,-0.04,2.93
1424,2003-12-18,5.2,5.34,5.36,5.17,185512,98202696.0,3.64,2.3,0.12,2.46
1425,2003-12-22,5.48,5.71,5.8,5.45,530603,298790976.0,6.55,6.93,0.37,7.05
1426,2003-12-23,5.71,5.71,5.86,5.62,263521,150971680.0,4.2,0.0,0.0,3.5
1427,2003-12-24,5.7,5.75,5.8,5.65,168811,96500048.0,2.63,0.7,0.04,2.24
1428,2003-12-25,5.7,5.67,5.87,5.6,229096,131301176.0,4.7,-1.39,-0.08,3.04
1429,2003-12-26,5.66,5.58,5.71,5.53,153677,85784560.0,3.17,-1.59,-0.09,2.04
1430,2003-12-29,5.49,5.52,5.61,5.46,140814,77892008.0,2.69,-1.08,-0.06,1.87
1431,2003-12-30,5.53,5.7,5.73,5.53,200719,113876352.0,3.62,3.26,0.18,2.67
1432,2003-12-31,5.7,5.53,5.72,5.5,180446,101032560.0,3.86,-2.98,-0.17,2.4
1433,2004-01-02,5.53,5.67,5.7,5.52,129839,73577024.0,3.25,2.53,0.14,1.72
1434,2004-01-05,5.68,5.97,5.99,5.68,359533,212014160.0,5.47,5.29,0.3,4.77
1435,2004-01-06,5.98,5.97,6.03,5.85,267260,158364832.0,3.02,0.0,0.0,3.55
1436,2004-01-07,5.97,6.21,6.43,5.89,474193,295640640.0,9.05,4.02,0.24,6.29
1437,2004-01-08,6.2,6.31,6.4,6.12,265195,165195744.0,4.51,1.61,0.1,3.52
1438,2004-01-09,6.3,6.32,6.7,6.26,427410,278843232.0,6.97,0.16,0.01,5.67
1439,2004-01-12,6.31,6.84,6.87,6.31,422392,280763840.0,8.86,8.23,0.52,5.61
1440,2004-01-13,6.87,6.9,7.1,6.65,366427,252490256.0,6.58,0.88,0.06,4.86
1441,2004-01-14,6.91,6.72,6.98,6.7,209193,142743152.0,4.06,-2.61,-0.18,2.78
1442,2004-01-15,6.75,6.55,6.9,6.5,208061,139004064.0,5.95,-2.53,-0.17,2.76
1443,2004-01-16,6.51,6.32,6.64,6.2,322307,204317520.0,6.72,-3.51,-0.23,4.28
1444,2004-01-29,6.32,6.42,6.44,6.12,193606,121445960.0,5.06,1.58,0.1,2.57
1445,2004-01-30,6.41,6.11,6.44,6.1,218393,136114704.0,5.3,-4.83,-0.31,2.9
1446,2004-02-02,6.25,6.05,6.39,5.88,294522,178743504.0,8.35,-0.98,-0.06,3.91
1447,2004-02-03,6.05,6.3,6.33,6.05,215568,134185688.0,4.63,4.13,0.25,2.86
1448,2004-02-04,6.3,6.26,6.35,6.11,327005,203388640.0,3.81,-0.63,-0.04,4.34
1449,2004-02-05,6.26,6.22,6.31,6.13,256082,158836592.0,2.88,-0.64,-0.04,3.4
1450,2004-02-06,6.2,6.42,6.55,6.09,363757,231184464.0,7.4,3.22,0.2,4.83
1451,2004-02-09,6.42,6.6,6.67,6.42,316703,207626608.0,3.89,2.8,0.18,4.2
1452,2004-02-10,6.6,6.34,6.63,6.29,250693,160597232.0,5.15,-3.94,-0.26,3.33
1453,2004-02-11,6.35,6.12,6.37,6.0,317487,195185808.0,5.84,-3.47,-0.22,4.21
1454,2004-02-12,6.1,5.88,6.15,5.82,373161,222790064.0,5.39,-3.92,-0.24,4.95
1455,2004-02-13,5.88,5.9,5.99,5.85,139036,82412968.0,2.38,0.34,0.02,1.85
1456,2004-02-16,5.95,6.13,6.2,5.95,170621,104399808.0,4.24,3.9,0.23,2.26
1457,2004-02-17,6.15,6.16,6.32,6.04,246521,152761024.0,4.57,0.49,0.03,3.27
1458,2004-02-18,6.11,6.31,6.38,6.08,281077,176156864.0,4.87,2.44,0.15,3.73
1459,2004-02-19,6.31,6.25,6.38,6.22,157024,98526536.0,2.54,-0.95,-0.06,2.08
1460,2004-02-20,6.25,6.4,6.44,6.25,219284,139699104.0,3.04,2.4,0.15,2.91
1461,2004-02-23,6.42,6.59,6.75,6.42,547041,361943840.0,5.16,2.97,0.19,7.26
1462,2004-02-24,6.6,6.7,6.77,6.4,375932,249059120.0,5.61,1.67,0.11,4.99
1463,2004-02-25,6.79,6.66,7.1,6.62,455435,313636896.0,7.16,-0.6,-0.04,6.05
1464,2004-02-26,6.63,7.04,7.06,6.61,425230,291629312.0,6.76,5.71,0.38,5.64
1465,2004-02-27,7.05,6.96,7.23,6.93,462848,326987584.0,4.26,-1.14,-0.08,6.14
1466,2004-03-01,7.09,6.95,7.09,6.9,222102,154867344.0,2.73,-0.14,-0.01,2.95
1467,2004-03-02,6.98,6.86,7.03,6.7,245018,167477840.0,4.75,-1.29,-0.09,3.25
1468,2004-03-03,6.89,6.7,6.99,6.63,167156,113387208.0,5.25,-2.33,-0.16,2.22
1469,2004-03-05,6.7,6.58,6.84,6.58,166466,111975664.0,3.88,-1.79,-0.12,2.21
1470,2004-03-08,6.58,6.68,6.73,6.55,100881,66895508.0,2.74,1.52,0.1,1.34
1471,2004-03-09,6.7,6.74,6.94,6.68,147205,100378128.0,3.89,0.9,0.06,1.95
1472,2004-03-10,6.74,6.97,6.97,6.66,179118,123014080.0,4.6,3.41,0.23,2.38
1473,2004-03-11,6.98,6.93,7.07,6.92,177989,124325616.0,2.15,-0.57,-0.04,2.36
1474,2004-03-12,6.94,6.99,7.0,6.87,120322,83420712.0,1.88,0.87,0.06,1.6
1475,2004-03-15,7.0,7.28,7.35,7.0,340813,246949536.0,5.01,4.15,0.29,4.52
1476,2004-03-16,7.3,7.22,7.33,7.16,139651,100947936.0,2.34,-0.82,-0.06,1.85
1477,2004-03-17,7.22,7.11,7.26,6.98,185490,131569584.0,3.88,-1.52,-0.11,2.46
1478,2004-03-18,7.11,7.0,7.2,6.99,221932,157198304.0,2.95,-1.55,-0.11,2.95
1479,2004-03-19,7.09,7.14,7.18,6.95,207830,147274480.0,3.29,2.0,0.14,2.76
1480,2004-03-22,7.15,7.02,7.2,6.95,529422,373664512.0,3.5,-1.68,-0.12,7.03
1481,2004-03-23,7.0,6.86,7.0,6.74,281784,192384272.0,3.7,-2.28,-0.16,3.74
1482,2004-03-24,6.86,6.8,6.95,6.78,112946,77278944.0,2.48,-0.87,-0.06,1.5
1483,2004-03-25,6.79,6.85,6.86,6.69,103612,70152696.0,2.5,0.74,0.05,1.38
1484,2004-03-26,6.85,6.78,6.88,6.67,127251,85522240.0,3.07,-1.02,-0.07,1.69
1485,2004-03-29,6.75,6.55,6.75,6.53,185238,122365928.0,3.24,-3.39,-0.23,2.46
1486,2004-03-30,6.55,6.64,6.67,6.53,113845,74983560.0,2.14,1.37,0.09,1.51
1487,2004-03-31,6.65,6.84,6.86,6.59,245854,166215104.0,4.07,3.01,0.2,3.26
1488,2004-04-01,6.85,6.88,6.91,6.79,268838,184235136.0,1.75,0.58,0.04,3.57
1489,2004-04-02,6.9,6.88,7.01,6.82,300890,208038944.0,2.76,0.0,0.0,3.99
1490,2004-04-05,6.94,6.66,6.97,6.6,205852,137678736.0,5.38,-3.2,-0.22,2.73
1491,2004-04-06,6.64,6.64,6.7,6.44,160706,105230800.0,3.9,-0.3,-0.02,2.13
1492,2004-04-07,6.64,6.59,6.7,6.53,121385,80197568.0,2.56,-0.75,-0.05,1.61
1493,2004-04-08,6.58,6.6,6.63,6.48,106833,70028360.0,2.28,0.15,0.01,1.42
1494,2004-04-09,6.6,6.32,6.62,6.3,163780,105053504.0,4.85,-4.24,-0.28,2.17
1495,2004-04-12,6.28,6.15,6.28,6.08,142797,87778352.0,3.16,-2.69,-0.17,1.89
1496,2004-04-13,6.13,6.08,6.22,6.08,119245,73326760.0,2.28,-1.14,-0.07,1.58
1497,2004-04-14,6.08,5.99,6.15,5.93,163026,98256048.0,3.62,-1.48,-0.09,2.16
1498,2004-04-15,6.0,5.95,6.07,5.93,95747,57288308.0,2.34,-0.67,-0.04,1.27
1499,2004-04-16,5.95,6.12,6.15,5.94,137009,82852376.0,3.53,2.86,0.17,1.82
1500,2004-04-19,6.15,5.84,6.18,5.8,142722,85068712.0,6.21,-4.58,-0.28,1.89
1501,2004-04-20,5.8,5.6,5.83,5.54,161618,91026256.0,4.97,-4.11,-0.24,2.14
1502,2004-04-21,5.6,5.48,5.64,5.37,156269,85562240.0,4.82,-2.14,-0.12,2.07
1503,2004-04-22,5.48,5.65,5.65,5.44,109641,60732664.0,3.83,3.1,0.17,1.45
1504,2004-04-23,5.62,5.53,5.64,5.5,75328,41870984.0,2.48,-2.12,-0.12,1.0
1505,2004-04-26,5.5,5.41,5.6,5.36,98588,53643744.0,4.34,-2.17,-0.12,1.31
1506,2004-04-27,5.4,5.26,5.45,5.18,112669,59196696.0,4.99,-2.77,-0.15,1.49
1507,2004-04-28,5.2,5.23,5.3,5.15,111081,57981196.0,2.85,-0.57,-0.03,1.47
1508,2004-04-29,5.24,5.15,5.3,5.11,88667,46018884.0,3.63,-1.53,-0.08,1.18
1509,2004-04-30,5.1,4.78,5.1,4.64,505980,239134368.0,8.93,-7.18,-0.37,6.71
1510,2004-05-10,4.78,4.56,4.79,4.55,180373,83895440.0,5.02,-4.6,-0.22,2.39
1511,2004-05-11,4.58,4.72,4.76,4.54,224272,104974536.0,4.82,3.51,0.16,2.98
1512,2004-05-12,4.72,4.91,4.92,4.7,210544,101683424.0,4.66,4.03,0.19,2.79
1513,2004-05-13,4.9,4.83,4.91,4.8,133838,64781900.0,2.24,-1.63,-0.08,1.78
1514,2004-05-14,4.82,4.64,4.84,4.59,129962,60904492.0,5.18,-3.93,-0.19,1.72
1515,2004-05-17,4.61,4.67,4.74,4.58,67857,31665312.0,3.45,0.65,0.03,0.9
1516,2004-05-18,4.67,4.94,4.95,4.6,197912,95086224.0,7.49,5.78,0.27,2.63
1517,2004-05-19,4.94,4.86,4.98,4.84,202351,99213696.0,2.83,-1.62,-0.08,2.68
1518,2004-05-20,4.86,4.8,4.86,4.67,142295,67924792.0,3.91,-1.23,-0.06,1.89
1519,2004-05-21,4.79,4.86,4.96,4.76,144916,70664168.0,4.17,1.25,0.06,1.92
1520,2004-05-24,4.86,4.89,4.94,4.82,95465,46614028.0,2.47,0.62,0.03,1.27
1521,2004-05-25,4.88,4.69,4.88,4.65,102703,48673852.0,4.7,-4.09,-0.2,1.36
1522,2004-05-26,4.67,4.77,4.82,4.65,61581,29191784.0,3.62,1.71,0.08,0.82
1523,2004-05-27,4.73,4.85,4.9,4.7,148193,71910472.0,4.19,1.68,0.08,1.97
1524,2004-05-28,4.85,4.78,4.86,4.76,68696,32973384.0,2.06,-1.44,-0.07,0.91
1525,2004-05-31,4.78,4.79,4.82,4.74,31318,14956738.0,1.67,0.21,0.01,0.42
1526,2004-06-01,4.79,4.84,4.86,4.71,90172,43189768.0,3.13,1.04,0.05,1.2
1527,2004-06-02,4.84,4.68,4.84,4.65,157953,74297624.0,3.93,-3.31,-0.16,2.1
1528,2004-06-03,4.68,4.63,4.72,4.6,115157,53458280.0,2.56,-1.07,-0.05,1.53
1529,2004-06-04,4.63,4.59,4.68,4.57,83130,38290972.0,2.38,-0.86,-0.04,1.1
1530,2004-06-07,4.57,4.42,4.57,4.37,116899,51754256.0,4.36,-3.7,-0.17,1.55
1531,2004-06-08,4.42,4.38,4.46,4.36,57383,25238996.0,2.26,-0.9,-0.04,0.76
1532,2004-06-09,4.38,4.36,4.56,4.33,175223,77452512.0,5.25,-0.46,-0.02,2.32
1533,2004-06-10,4.35,4.47,4.53,4.35,131592,58733256.0,4.13,2.52,0.11,1.75
1534,2004-06-11,4.48,4.4,4.56,4.39,115000,51328564.0,3.8,-1.57,-0.07,1.53
1535,2004-06-14,4.41,4.21,4.42,4.2,82349,35134908.0,5.0,-4.32,-0.19,1.09
1536,2004-06-16,4.31,4.43,4.55,4.25,319724,141333040.0,7.13,5.23,0.22,4.24
1537,2004-06-17,4.41,4.33,4.42,4.31,102888,44802148.0,2.48,-2.26,-0.1,1.36
1538,2004-06-18,4.32,4.15,4.33,4.07,203721,84918896.0,6.0,-4.16,-0.18,2.7
1539,2004-06-21,4.13,4.19,4.23,4.07,60241,25163054.0,3.86,0.96,0.04,0.8
1540,2004-06-22,4.2,4.2,4.25,4.16,61040,25710344.0,2.15,0.24,0.01,0.81
1541,2004-06-23,4.2,4.15,4.2,4.13,42539,17709004.0,1.67,-1.19,-0.05,0.56
1542,2004-06-24,4.16,4.16,4.28,4.15,76318,32214840.0,3.13,0.24,0.01,1.01
1543,2004-06-25,4.17,4.15,4.23,4.13,72329,30177564.0,2.4,-0.24,-0.01,0.96
1544,2004-06-28,4.15,4.27,4.27,4.14,109156,46125284.0,3.13,2.89,0.12,1.45
1545,2004-06-29,4.31,4.43,4.43,4.25,243687,106045728.0,4.22,3.75,0.16,3.23
1546,2004-06-30,4.26,4.23,4.34,4.2,180967,77508376.0,3.16,-4.51,-0.2,2.4
1547,2004-07-01,4.22,4.4,4.45,4.22,243314,106700888.0,5.44,4.02,0.17,3.23
1548,2004-07-02,4.4,4.43,4.48,4.35,139768,61787016.0,2.95,0.68,0.03,1.85
1549,2004-07-05,4.43,4.42,4.46,4.38,69209,30481498.0,1.81,-0.23,-0.01,0.92
1550,2004-07-06,4.42,4.45,4.49,4.41,108530,48370020.0,1.81,0.68,0.03,1.44
1551,2004-07-07,4.44,4.36,4.45,4.35,43411,18979818.0,2.25,-2.02,-0.09,0.58
1552,2004-07-08,4.36,4.32,4.41,4.3,71866,31081614.0,2.52,-0.92,-0.04,0.95
1553,2004-07-09,4.33,4.34,4.39,4.28,60794,26310124.0,2.55,0.46,0.02,0.81
1554,2004-07-12,4.3,4.2,4.3,4.19,75702,32008180.0,2.53,-3.23,-0.14,1.0
1555,2004-07-13,4.18,4.22,4.24,4.17,41459,17431514.0,1.67,0.48,0.02,0.55
1556,2004-07-14,4.22,4.25,4.26,4.15,38016,15950437.0,2.61,0.71,0.03,0.5
1557,2004-07-15,4.25,4.28,4.3,4.2,54824,23284050.0,2.35,0.71,0.03,0.73
1558,2004-07-16,4.3,4.44,4.45,4.26,186915,81781192.0,4.44,3.74,0.16,2.48
1559,2004-07-19,4.44,4.43,4.46,4.37,100297,44330880.0,2.03,-0.23,-0.01,1.33
1560,2004-07-20,4.42,4.33,4.43,4.31,67580,29442236.0,2.71,-2.26,-0.1,0.9
1561,2004-07-21,4.32,4.25,4.32,4.23,86414,36861588.0,2.08,-1.85,-0.08,1.15
1562,2004-07-22,4.25,4.16,4.27,4.14,101564,42641776.0,3.06,-2.12,-0.09,1.35
1563,2004-07-23,4.15,4.15,4.16,4.09,83246,34220592.0,1.68,-0.24,-0.01,1.1
1564,2004-07-26,4.15,4.16,4.19,4.11,61639,25584742.0,1.93,0.24,0.01,0.82
1565,2004-07-27,4.17,4.19,4.2,4.12,41864,17426958.0,1.92,0.72,0.03,0.56
1566,2004-07-28,4.21,4.15,4.22,4.12,49625,20609198.0,2.39,-0.95,-0.04,0.66
1567,2004-07-29,4.15,4.2,4.21,4.12,47173,19617400.0,2.17,1.2,0.05,0.63
1568,2004-07-30,4.2,4.13,4.22,4.13,30151,12573023.0,2.14,-1.67,-0.07,0.4
1569,2004-08-02,4.11,4.03,4.12,4.02,54421,22137464.0,2.42,-2.42,-0.1,0.72
1570,2004-08-03,4.03,3.99,4.06,3.97,69540,27911486.0,2.23,-0.99,-0.04,0.92
1571,2004-08-04,3.99,4.16,4.3,3.97,113286,46800012.0,8.27,4.26,0.17,1.5
1572,2004-08-05,4.15,4.08,4.22,4.08,72178,29886780.0,3.37,-1.92,-0.08,0.96
1573,2004-08-06,4.08,4.12,4.18,4.07,54645,22478574.0,2.7,0.98,0.04,0.72
1574,2004-08-09,4.13,4.17,4.2,4.1,66187,27581862.0,2.43,1.21,0.05,0.88
1575,2004-08-10,4.16,4.22,4.23,4.16,60597,25472040.0,1.68,1.2,0.05,0.8
1576,2004-08-11,4.21,4.12,4.21,4.11,61787,25649880.0,2.37,-2.37,-0.1,0.82
1577,2004-08-12,4.1,4.07,4.1,4.02,40818,16537237.0,1.94,-1.21,-0.05,0.54
1578,2004-08-13,4.07,4.02,4.09,4.0,61070,24567990.0,2.21,-1.23,-0.05,0.81
1579,2004-08-16,4.05,4.04,4.07,4.0,34669,13929452.0,1.74,0.5,0.02,0.46
1580,2004-08-17,4.04,4.06,4.08,4.01,25402,10297072.0,1.73,0.5,0.02,0.34
1581,2004-08-18,4.06,4.05,4.11,4.05,23316,9507257.0,1.48,-0.25,-0.01,0.31
1582,2004-08-19,4.05,4.06,4.09,4.02,30635,12397853.0,1.73,0.25,0.01,0.41
1583,2004-08-20,4.05,4.08,4.08,4.01,27839,11260016.0,1.72,0.49,0.02,0.37
1584,2004-08-23,4.07,4.05,4.07,4.04,19106,7744330.0,0.74,-0.74,-0.03,0.25
1585,2004-08-24,4.03,4.12,4.17,4.03,50794,20868034.0,3.46,1.73,0.07,0.67
1586,2004-08-25,4.1,4.14,4.15,4.08,27306,11229955.0,1.7,0.49,0.02,0.36
1587,2004-08-26,4.16,4.21,4.23,4.15,99560,41775384.0,1.93,1.69,0.07,1.32
1588,2004-08-27,4.2,4.17,4.27,4.14,67468,28407030.0,3.09,-0.95,-0.04,0.89
1589,2004-08-30,4.16,4.2,4.21,4.11,23984,10016424.0,2.4,0.72,0.03,0.32
1590,2004-08-31,4.25,4.25,4.35,4.23,92606,39484320.0,2.86,1.19,0.05,1.23
1591,2004-09-01,4.25,4.17,4.26,4.16,40559,17092586.0,2.35,-1.88,-0.08,0.54
1592,2004-09-02,4.16,4.22,4.24,4.13,34220,14293792.0,2.64,1.2,0.05,0.45
1593,2004-09-03,4.2,4.23,4.25,4.18,23343,9818063.0,1.66,0.24,0.01,0.31
1594,2004-09-06,4.23,4.24,4.25,4.19,21560,9091933.0,1.42,0.24,0.01,0.29
1595,2004-09-07,4.23,4.29,4.3,4.22,62384,26661352.0,1.89,1.18,0.05,0.83
1596,2004-09-08,4.28,4.29,4.32,4.25,57164,24509784.0,1.63,0.0,0.0,0.76
1597,2004-09-09,4.29,4.21,4.29,4.16,50843,21368844.0,3.03,-1.86,-0.08,0.67
1598,2004-09-10,4.2,4.23,4.25,4.11,73936,30860990.0,3.33,0.48,0.02,0.98
1599,2004-09-13,4.22,4.13,4.22,4.12,27406,11379458.0,2.36,-2.36,-0.1,0.36
1600,2004-09-14,4.15,4.24,4.27,4.15,51776,21825660.0,2.91,2.66,0.11,0.69
1601,2004-09-15,4.24,4.4,4.52,4.23,248230,109138704.0,6.84,3.77,0.16,3.29
1602,2004-09-16,4.45,4.56,4.63,4.39,301599,136900528.0,5.45,3.64,0.16,4.0
1603,2004-09-17,4.57,4.68,4.68,4.51,309449,142740208.0,3.73,2.63,0.12,4.1
1604,2004-09-20,4.7,4.87,4.89,4.67,283967,135985408.0,4.7,4.06,0.19,3.77
1605,2004-09-21,4.86,5.26,5.36,4.79,546114,274939200.0,11.7,8.01,0.39,7.24
1606,2004-09-22,5.26,5.13,5.35,5.09,454313,235813408.0,4.94,-2.47,-0.13,6.03
1607,2004-09-23,5.1,5.3,5.3,5.05,260290,135073952.0,4.87,3.31,0.17,3.45
1608,2004-09-24,5.35,5.21,5.6,5.2,673452,366652384.0,7.55,-1.7,-0.09,8.93
1609,2004-09-27,5.36,5.47,5.69,5.31,481686,263851504.0,7.29,4.99,0.26,6.39
1610,2004-09-28,5.49,5.53,5.62,5.48,363753,201622608.0,2.56,1.1,0.06,4.83
1611,2004-09-29,5.53,5.42,5.6,5.38,276847,151560608.0,3.98,-1.99,-0.11,3.67
1612,2004-09-30,5.4,5.53,5.55,5.4,256635,140865472.0,2.77,2.03,0.11,3.4
1613,2004-10-08,5.53,5.62,5.63,5.4,155822,85626792.0,4.16,1.63,0.09,2.07
1614,2004-10-11,5.64,5.65,5.76,5.53,221476,125316232.0,4.09,0.53,0.03,2.94
1615,2004-10-12,5.62,5.52,5.65,5.44,149307,82198712.0,3.72,-2.3,-0.13,1.98
1616,2004-10-13,5.52,5.31,5.55,5.1,311571,165377376.0,8.15,-3.8,-0.21,4.13
1617,2004-10-14,5.26,5.2,5.34,5.15,176632,92460352.0,3.58,-2.07,-0.11,2.34
1618,2004-10-15,5.18,5.24,5.25,5.08,84313,43610424.0,3.27,0.77,0.04,1.12
1619,2004-10-18,5.22,5.3,5.35,5.22,202535,107409856.0,2.48,1.15,0.06,2.69
1620,2004-10-19,5.32,5.42,5.44,5.3,137524,74170648.0,2.64,2.26,0.12,1.82
1621,2004-10-20,5.43,5.42,5.55,5.37,109319,59524140.0,3.32,0.0,0.0,1.45
1622,2004-10-21,5.41,5.19,5.49,5.11,150390,78999184.0,7.01,-4.24,-0.23,1.99
1623,2004-10-22,5.15,5.23,5.26,5.08,80958,41951084.0,3.47,0.77,0.04,1.07
1624,2004-10-25,5.23,4.72,5.28,4.71,233608,114742472.0,10.9,-9.75,-0.51,3.1
1625,2004-10-26,4.65,4.7,4.85,4.61,154993,73144464.0,5.08,-0.42,-0.02,2.06
1626,2004-10-27,4.65,4.82,4.84,4.65,58941,28163968.0,4.04,2.55,0.12,0.78
1627,2004-10-28,4.84,4.83,4.95,4.77,83494,40528460.0,3.73,0.21,0.01,1.11
1628,2004-10-29,4.73,4.74,4.89,4.63,101521,48014512.0,5.38,-1.86,-0.09,1.35
1629,2004-11-01,4.74,4.79,4.83,4.65,49164,23579220.0,3.8,1.05,0.05,0.65
1630,2004-11-02,4.72,4.8,4.81,4.72,53823,25719826.0,1.88,0.21,0.01,0.71
1631,2004-11-03,4.8,4.9,4.94,4.8,63087,30868308.0,2.92,2.08,0.1,0.84
1632,2004-11-04,4.9,4.86,5.03,4.78,44390,21896472.0,5.1,-0.82,-0.04,0.59
1633,2004-11-05,4.9,4.8,4.91,4.74,40990,19638780.0,3.5,-1.23,-0.06,0.54
1634,2004-11-08,4.78,4.72,4.78,4.65,31481,14775612.0,2.71,-1.67,-0.08,0.42
1635,2004-11-09,4.73,4.65,4.75,4.5,113826,52344160.0,5.3,-1.48,-0.07,1.51
1636,2004-11-10,4.64,4.78,4.78,4.51,204185,95980704.0,5.81,2.8,0.13,2.71
1637,2004-11-11,4.78,4.8,4.89,4.72,138029,66246536.0,3.56,0.42,0.02,1.83
1638,2004-11-12,4.78,4.8,4.85,4.76,71045,34055852.0,1.88,0.0,0.0,0.94
1639,2004-11-15,4.8,4.87,4.88,4.8,63345,30638742.0,1.67,1.46,0.07,0.84
1640,2004-11-16,4.9,5.24,5.35,4.88,454501,235379952.0,9.65,7.6,0.37,6.03
1641,2004-11-17,5.2,5.2,5.27,5.12,151388,78363544.0,2.86,-0.76,-0.04,2.01
1642,2004-11-18,5.18,5.22,5.25,5.12,73426,37935100.0,2.5,0.38,0.02,0.97
1643,2004-11-19,5.19,5.28,5.31,5.16,101366,53140124.0,2.87,1.15,0.06,1.34
1644,2004-11-22,5.28,5.35,5.48,5.25,157296,84825216.0,4.36,1.33,0.07,2.09
1645,2004-11-23,5.4,5.29,5.4,5.2,68054,35795724.0,3.74,-1.12,-0.06,0.9
1646,2004-11-24,5.24,5.23,5.28,5.17,50576,26365372.0,2.08,-1.13,-0.06,0.67
1647,2004-11-25,5.2,5.23,5.26,5.16,29646,15454863.0,1.91,0.0,0.0,0.39
1648,2004-11-26,5.23,5.38,5.42,5.21,111800,59760472.0,4.02,2.87,0.15,1.48
1649,2004-11-29,5.38,5.37,5.43,5.26,64731,34773232.0,3.16,-0.19,-0.01,0.86
1650,2004-11-30,5.35,5.32,5.35,5.27,40386,21413116.0,1.49,-0.93,-0.05,0.54
1651,2004-12-01,5.28,5.18,5.35,5.14,62675,32536202.0,3.95,-2.63,-0.14,0.83
1652,2004-12-02,5.18,5.22,5.25,5.08,51982,26683164.0,3.28,0.77,0.04,0.69
1653,2004-12-03,5.22,5.25,5.35,5.18,70203,36891760.0,3.26,0.57,0.03,0.93
1654,2004-12-06,5.24,5.35,5.39,5.18,82347,43857236.0,4.0,1.9,0.1,1.09
1655,2004-12-07,5.35,5.33,5.4,5.3,66450,35548120.0,1.87,-0.37,-0.02,0.88
1656,2004-12-08,5.33,5.48,5.52,5.33,204872,111738800.0,3.56,2.81,0.15,2.72
1657,2004-12-09,5.48,5.64,5.82,5.44,407725,230877008.0,6.93,2.92,0.16,5.41
1658,2004-12-10,5.6,5.49,5.65,5.38,125103,68941328.0,4.79,-2.66,-0.15,1.66
1659,2004-12-13,5.39,5.54,5.54,5.35,65900,35795484.0,3.46,0.91,0.05,0.87
1660,2004-12-14,5.54,5.51,5.6,5.4,52252,28829098.0,3.61,-0.54,-0.03,0.69
1661,2004-12-15,5.55,5.71,5.73,5.55,208308,117944480.0,3.27,3.63,0.2,2.76
1662,2004-12-16,5.72,5.74,5.81,5.66,252584,144703600.0,2.63,0.53,0.03,3.35
1663,2004-12-17,5.75,5.65,5.78,5.57,79205,44834324.0,3.66,-1.57,-0.09,1.05
1664,2004-12-20,5.58,5.43,5.6,5.4,91488,50128292.0,3.54,-3.89,-0.22,1.21
1665,2004-12-21,5.4,5.46,5.5,5.39,67747,36885160.0,2.03,0.55,0.03,0.9
1666,2004-12-22,5.46,5.64,5.65,5.43,114167,63184148.0,4.03,3.3,0.18,1.51
1667,2004-12-23,5.62,5.51,5.62,5.47,60989,33801220.0,2.66,-2.3,-0.13,0.81
1668,2004-12-24,5.47,5.55,5.63,5.46,53523,29645092.0,3.09,0.73,0.04,0.71
1669,2004-12-27,5.52,5.68,5.68,5.52,75333,42411992.0,2.88,2.34,0.13,1.0
1670,2004-12-28,5.69,5.72,5.77,5.64,104267,59559456.0,2.29,0.7,0.04,1.38
1671,2004-12-29,5.71,5.7,5.77,5.64,116497,66354728.0,2.27,-0.35,-0.02,1.55
1672,2004-12-31,5.7,5.68,5.76,5.51,301074,169202224.0,4.39,-0.35,-0.02,3.99
1673,2005-01-04,5.58,5.49,5.62,5.44,129094,71378896.0,3.17,-3.35,-0.19,1.71
1674,2005-01-05,5.48,5.35,5.49,5.28,113869,60894284.0,3.83,-2.55,-0.14,1.51
1675,2005-01-06,5.32,5.22,5.35,5.18,124619,65187780.0,3.18,-2.43,-0.13,1.65
1676,2005-01-07,5.2,5.25,5.28,5.17,48937,25588060.0,2.11,0.57,0.03,0.65
1677,2005-01-10,5.23,5.31,5.34,5.16,37491,19768808.0,3.43,1.14,0.06,0.5
1678,2005-01-11,5.31,5.35,5.37,5.28,46512,24849178.0,1.69,0.75,0.04,0.62
1679,2005-01-12,5.35,5.4,5.41,5.31,31685,17018002.0,1.87,0.93,0.05,0.42
1680,2005-01-13,5.38,5.46,5.47,5.34,43042,23343846.0,2.41,1.11,0.06,0.57
1681,2005-01-14,5.45,5.45,5.51,5.4,52512,28665828.0,2.01,-0.18,-0.01,0.7
1682,2005-01-17,5.38,5.36,5.4,5.29,45515,24312522.0,2.02,-1.65,-0.09,0.6
1683,2005-01-18,5.33,5.45,5.48,5.3,51751,27798182.0,3.36,1.68,0.09,0.69
1684,2005-01-19,5.38,5.4,5.46,5.37,28413,15367718.0,1.65,-0.92,-0.05,0.38
1685,2005-01-20,5.36,5.34,5.4,5.31,36492,19527936.0,1.67,-1.11,-0.06,0.48
1686,2005-01-21,5.34,5.58,5.62,5.3,87257,47520436.0,5.99,4.49,0.24,1.16
1687,2005-01-24,5.62,5.64,5.66,5.52,138794,77893208.0,2.51,1.08,0.06,1.84
1688,2005-01-25,5.64,5.69,5.71,5.54,71468,40435296.0,3.01,0.89,0.05,0.95
1689,2005-01-26,5.69,5.62,5.72,5.6,54208,30699654.0,2.11,-1.23,-0.07,0.72
1690,2005-01-27,5.6,5.59,5.67,5.57,94044,52618872.0,1.78,-0.53,-0.03,1.25
1691,2005-01-28,5.58,5.62,5.68,5.54,58857,32873488.0,2.5,0.54,0.03,0.78
1692,2005-01-31,5.62,5.57,5.62,5.53,70163,39128032.0,1.6,-0.89,-0.05,0.93
1693,2005-02-01,5.56,5.59,5.61,5.51,66469,37034044.0,1.8,0.36,0.02,0.88
1694,2005-02-02,5.57,5.95,5.98,5.55,289843,167386000.0,7.69,6.44,0.36,3.84
1695,2005-02-03,5.93,5.93,6.02,5.81,153433,91425144.0,3.53,-0.34,-0.02,2.04
1696,2005-02-04,5.95,6.06,6.11,5.86,187461,112566240.0,4.22,2.19,0.13,2.49
1697,2005-02-16,6.06,6.07,6.24,6.05,108093,66686628.0,3.14,0.17,0.01,1.43
1698,2005-02-17,6.1,5.92,6.1,5.86,78709,46842804.0,3.95,-2.47,-0.15,1.04
1699,2005-02-18,5.92,5.94,6.0,5.86,46016,27223448.0,2.36,0.34,0.02,0.61
1700,2005-02-21,5.94,6.02,6.05,5.85,129474,77370600.0,3.37,1.35,0.08,1.72
1701,2005-02-22,6.04,6.21,6.24,6.01,141931,87294816.0,3.82,3.16,0.19,1.88
1702,2005-02-23,6.0,6.11,6.24,5.98,238523,145888352.0,4.19,-1.61,-0.1,3.16
1703,2005-02-24,6.11,6.1,6.13,5.99,67941,41107576.0,2.29,-0.16,-0.01,0.9
1704,2005-02-25,6.08,6.12,6.24,6.05,164687,101582512.0,3.11,0.33,0.02,2.18
1705,2005-03-01,6.05,6.01,6.09,5.99,87666,52914748.0,1.63,-1.8,-0.11,1.16
1706,2005-03-02,6.0,5.74,6.02,5.74,156075,90984048.0,4.66,-4.49,-0.27,2.07
1707,2005-03-03,5.74,5.8,5.81,5.65,110800,63691532.0,2.79,1.05,0.06,1.47
1708,2005-03-04,5.81,5.79,5.84,5.76,68386,39661716.0,1.38,-0.17,-0.01,0.91
1709,2005-03-07,5.79,5.9,6.0,5.77,134366,78975400.0,3.97,1.9,0.11,1.78
1710,2005-03-08,5.92,5.93,6.0,5.9,159860,95201704.0,1.69,0.51,0.03,2.12
1711,2005-03-09,5.95,5.89,5.95,5.8,90619,53255692.0,2.53,-0.67,-0.04,1.2
1712,2005-03-10,5.88,5.67,5.89,5.64,81605,46740212.0,4.24,-3.74,-0.22,1.08
1713,2005-03-11,5.67,5.54,5.73,5.52,61519,34441792.0,3.7,-2.29,-0.13,0.82
1714,2005-03-14,5.56,5.55,5.76,5.45,126510,70944088.0,5.6,0.18,0.01,1.68
1715,2005-03-15,5.54,5.47,5.54,5.44,101470,55675228.0,1.8,-1.44,-0.08,1.35
1716,2005-03-16,5.58,5.41,5.58,5.39,66487,36201244.0,3.47,-1.1,-0.06,0.88
1717,2005-03-17,5.42,5.36,5.46,5.35,145252,78609928.0,2.03,-0.92,-0.05,1.93
1718,2005-03-18,5.35,5.5,5.52,5.32,107427,58548988.0,3.73,2.61,0.14,1.42
1719,2005-03-21,5.5,5.55,5.58,5.46,64202,35581568.0,2.18,0.91,0.05,0.85
1720,2005-03-22,5.55,5.35,5.55,5.26,98145,52626116.0,5.23,-3.6,-0.2,1.3
1721,2005-03-23,5.33,5.3,5.45,5.25,68724,36532484.0,3.74,-0.93,-0.05,0.91
1722,2005-03-24,5.3,5.41,5.41,5.26,83672,44656024.0,2.83,2.08,0.11,1.11
1723,2005-03-25,5.43,5.5,5.5,5.37,86504,47147392.0,2.4,1.66,0.09,1.15
1724,2005-03-28,5.52,5.43,5.52,5.38,50678,27490998.0,2.55,-1.27,-0.07,0.67
1725,2005-03-29,5.4,5.43,5.48,5.38,31369,17057944.0,1.84,0.0,0.0,0.42
1726,2005-03-30,5.4,5.4,5.5,5.34,50577,27319842.0,2.95,-0.55,-0.03,0.67
1727,2005-03-31,5.3,5.34,5.38,5.23,54457,28812218.0,2.78,-1.11,-0.06,0.72
1728,2005-04-01,5.32,5.62,5.65,5.31,197538,108952624.0,6.37,5.24,0.28,2.62
1729,2005-04-04,5.55,5.56,5.63,5.48,157799,87573960.0,2.67,-1.07,-0.06,2.09
1730,2005-04-05,5.49,5.4,5.6,5.33,110821,60389456.0,4.86,-2.88,-0.16,1.47
1731,2005-04-06,5.3,5.2,5.37,5.08,185690,96179232.0,5.37,-3.7,-0.2,2.46
1732,2005-04-07,5.2,5.22,5.32,5.08,166247,86472048.0,4.62,0.38,0.02,2.2
1733,2005-04-08,5.22,5.25,5.31,5.15,76445,39923224.0,3.07,0.57,0.03,1.01
1734,2005-04-11,5.22,5.11,5.23,5.08,144559,74032928.0,2.86,-2.67,-0.14,1.92
1735,2005-04-12,5.09,4.94,5.1,4.93,159388,79715048.0,3.33,-3.33,-0.17,2.11
1736,2005-04-13,4.96,5.13,5.14,4.96,172196,86852312.0,3.64,3.85,0.19,2.28
1737,2005-04-14,5.15,5.06,5.2,5.03,78017,39900260.0,3.31,-1.36,-0.07,1.03
1738,2005-04-15,5.0,5.07,5.09,4.96,40995,20639276.0,2.57,0.2,0.01,0.54
1739,2005-04-18,5.06,5.0,5.06,4.91,43680,21746688.0,2.96,-1.38,-0.07,0.58
1740,2005-04-19,5.03,5.08,5.09,4.98,46094,23291330.0,2.2,1.6,0.08,0.61
1741,2005-04-20,5.09,5.12,5.17,5.01,113198,57695024.0,3.15,0.79,0.04,1.5
1742,2005-04-21,5.12,5.01,5.13,4.93,63724,31901894.0,3.91,-2.15,-0.11,0.85
1743,2005-04-22,5.01,4.89,5.07,4.88,65926,32578030.0,3.79,-2.4,-0.12,0.87
1744,2005-04-25,4.85,4.67,4.85,4.65,82162,38805932.0,4.09,-4.5,-0.22,1.09
1745,2005-04-26,4.65,4.69,4.73,4.54,80876,37745316.0,4.07,0.43,0.02,1.07
1746,2005-04-27,4.66,4.61,4.73,4.59,68979,32215682.0,2.99,-1.71,-0.08,0.91
1747,2005-04-28,4.61,4.58,4.61,4.51,128666,58759396.0,2.17,-0.65,-0.03,1.71
1748,2005-04-29,4.56,4.49,4.63,4.47,98197,44606264.0,3.49,-1.97,-0.09,1.3
1749,2005-05-10,4.4,4.44,4.46,4.3,67837,29794092.0,3.56,-1.11,-0.05,0.9
1750,2005-05-11,4.46,4.4,4.46,4.34,25408,11176427.0,2.7,-0.9,-0.04,0.34
1751,2005-05-12,4.38,4.24,4.43,4.2,68182,29311112.0,5.23,-3.64,-0.16,0.9
1752,2005-05-13,4.21,4.28,4.3,4.21,40903,17432344.0,2.12,0.94,0.04,0.54
1753,2005-05-16,4.3,4.09,4.3,3.99,105858,43531300.0,7.24,-4.44,-0.19,1.4
1754,2005-05-17,4.08,4.14,4.17,4.04,97273,40056000.0,3.18,1.22,0.05,1.29
1755,2005-05-18,3.86,3.83,3.89,3.81,67035,25709206.0,1.93,-7.49,-0.31,0.89
1756,2005-05-19,3.85,3.99,4.04,3.68,191855,74007816.0,9.4,4.18,0.16,2.54
1757,2005-05-20,3.96,3.99,4.07,3.92,89184,35680696.0,3.76,0.0,0.0,1.18
1758,2005-05-23,3.99,3.94,3.99,3.9,67265,26493092.0,2.26,-1.25,-0.05,0.89
1759,2005-05-24,3.94,3.9,3.94,3.78,153847,59209412.0,4.06,-1.02,-0.04,2.04
1760,2005-05-25,3.87,3.94,3.97,3.83,145471,57064168.0,3.59,1.03,0.04,1.93
1761,2005-05-26,3.92,3.91,3.99,3.89,93418,36932972.0,2.54,-0.76,-0.03,1.24
1762,2005-05-27,3.91,3.89,3.96,3.87,36506,14275834.0,2.3,-0.51,-0.02,0.48
1763,2005-05-30,3.88,3.96,3.97,3.86,62382,24453118.0,2.83,1.8,0.07,0.83
1764,2005-05-31,3.99,3.94,4.01,3.92,51276,20318980.0,2.27,-0.51,-0.02,0.68
1765,2005-06-01,3.96,3.95,4.06,3.93,128053,50905744.0,3.3,0.25,0.01,1.7
1766,2005-06-02,3.95,3.91,3.96,3.86,59157,23045256.0,2.53,-1.01,-0.04,0.78
1767,2005-06-03,3.9,3.88,3.9,3.8,50335,19348742.0,2.56,-0.77,-0.03,0.67
1768,2005-06-06,3.88,3.94,3.94,3.82,73599,28573252.0,3.09,1.55,0.06,0.98
1769,2005-06-07,3.94,3.87,4.0,3.84,133424,52504996.0,4.06,-1.78,-0.07,1.77
1770,2005-06-08,3.83,4.21,4.25,3.83,427384,176229824.0,10.85,8.79,0.34,5.67
1771,2005-06-09,4.2,4.2,4.29,4.09,416934,175020096.0,4.75,-0.24,-0.01,5.53
1772,2005-06-10,4.19,4.09,4.21,4.02,198032,81565760.0,4.52,-2.62,-0.11,2.63
1773,2005-06-13,4.08,4.06,4.1,3.95,162026,65096024.0,3.67,-0.73,-0.03,2.15
1774,2005-06-14,4.08,4.07,4.19,4.03,166580,68453568.0,3.94,0.25,0.01,2.21
1775,2005-06-15,4.07,3.99,4.08,3.97,95997,38526708.0,2.7,-1.97,-0.08,1.27
1776,2005-06-16,3.99,4.0,4.05,3.93,111787,44465644.0,3.01,0.25,0.01,1.48
1777,2005-06-17,4.09,4.06,4.16,4.05,306348,125322632.0,2.75,1.5,0.06,4.06
1778,2005-06-20,4.08,4.22,4.24,4.02,238657,99258992.0,5.42,3.94,0.16,3.17
1779,2005-06-21,4.22,4.08,4.22,4.06,156884,64755420.0,3.79,-3.32,-0.14,2.08
1780,2005-06-22,4.07,4.05,4.09,4.0,123282,49858948.0,2.21,-0.74,-0.03,1.64
1781,2005-06-23,4.05,4.04,4.11,4.02,115038,46650620.0,2.22,-0.25,-0.01,1.53
1782,2005-06-24,4.03,4.03,4.06,3.98,96032,38595044.0,1.98,-0.25,-0.01,1.27
1783,2005-06-27,4.08,4.1,4.12,4.03,259274,105666552.0,2.23,1.74,0.07,3.44
1784,2005-06-28,4.09,3.98,4.09,3.95,253549,101821352.0,3.41,-2.93,-0.12,3.36
1785,2005-06-29,3.97,3.88,4.08,3.87,187347,73477056.0,5.28,-2.51,-0.1,2.48
1786,2005-06-30,3.85,3.7,3.93,3.69,164915,62238936.0,6.19,-4.64,-0.18,2.19
1787,2005-07-01,3.7,3.64,3.72,3.61,90127,32913856.0,2.97,-1.62,-0.06,1.2
1788,2005-07-04,3.62,3.6,3.64,3.49,138408,49233944.0,4.12,-1.1,-0.04,1.84
1789,2005-07-05,3.58,3.56,3.61,3.5,102817,36483172.0,3.06,-1.11,-0.04,1.36
1790,2005-07-06,3.55,3.54,3.61,3.53,42784,15261288.0,2.25,-0.56,-0.02,0.57
1791,2005-07-07,3.56,3.58,3.59,3.54,40077,14300334.0,1.41,1.13,0.04,0.53
1792,2005-07-08,3.55,3.48,3.57,3.46,60826,21264312.0,3.07,-2.79,-0.1,0.81
1793,2005-07-11,3.54,3.47,3.6,3.46,76834,26916808.0,4.02,-0.29,-0.01,1.02
1794,2005-07-12,3.47,3.58,3.61,3.42,153481,54364980.0,5.48,3.17,0.11,2.04
1795,2005-07-13,3.57,3.58,3.63,3.53,75269,26883716.0,2.79,0.0,0.0,1.0
1796,2005-07-14,3.58,3.59,3.65,3.56,81526,29434238.0,2.51,0.28,0.01,1.08
1797,2005-07-15,3.59,3.5,3.62,3.48,73788,26082352.0,3.9,-2.51,-0.09,0.98
1798,2005-07-18,3.5,3.52,3.55,3.46,45892,16128435.0,2.57,0.57,0.02,0.61
1799,2005-07-19,3.5,3.57,3.59,3.5,69116,24607656.0,2.56,1.42,0.05,0.92
1800,2005-07-20,3.56,3.71,3.71,3.55,183385,67102240.0,4.48,3.92,0.14,2.43
1801,2005-07-21,3.7,3.8,3.82,3.67,185559,69756896.0,4.04,2.43,0.09,2.46
1802,2005-07-22,3.77,3.79,3.86,3.74,221103,83937816.0,3.16,-0.26,-0.01,2.93
1803,2005-07-25,3.79,3.8,3.81,3.77,84729,32138528.0,1.06,0.26,0.01,1.12
1804,2005-07-26,3.8,3.93,3.98,3.8,247653,97348944.0,4.74,3.42,0.13,3.28
1805,2005-07-27,3.92,4.01,4.02,3.9,205703,81988616.0,3.05,2.04,0.08,2.73
1806,2005-07-28,4.01,3.99,4.03,3.94,103556,41308736.0,2.24,-0.5,-0.02,1.37
1807,2005-07-29,3.97,4.01,4.01,3.9,120148,47721504.0,2.76,0.5,0.02,1.59
1808,2005-08-01,4.0,4.02,4.07,3.97,86712,34998552.0,2.49,0.25,0.01,1.15
1809,2005-08-02,4.02,4.2,4.22,3.98,223178,92554552.0,5.97,4.48,0.18,2.96
1810,2005-08-03,4.2,4.3,4.35,4.18,233660,100460320.0,4.05,2.38,0.1,3.1
1811,2005-08-04,4.3,4.27,4.33,4.23,126268,53953268.0,2.33,-0.7,-0.03,1.67
1812,2005-08-05,4.3,4.4,4.42,4.3,160389,70307872.0,2.81,3.04,0.13,2.13
1813,2005-08-08,4.41,4.5,4.56,4.4,162608,73084232.0,3.64,2.27,0.1,2.16
1814,2005-08-09,4.5,4.42,4.51,4.33,166240,72999872.0,4.0,-1.78,-0.08,2.2
1815,2005-08-10,4.42,4.45,4.52,4.3,166979,73885800.0,4.98,0.68,0.03,2.21
1816,2005-08-11,4.45,4.63,4.67,4.4,272078,124355056.0,6.07,4.04,0.18,3.61
1817,2005-08-12,4.65,4.6,4.75,4.56,239582,111347712.0,4.1,-0.65,-0.03,3.18
1818,2005-08-15,4.65,4.75,4.76,4.6,158296,74148752.0,3.48,3.26,0.15,2.1
1819,2005-08-16,4.75,4.75,4.84,4.65,227965,108577128.0,4.0,0.0,0.0,3.02
1820,2005-08-17,4.74,4.61,4.74,4.57,161620,74902768.0,3.58,-2.95,-0.14,2.14
1821,2005-08-18,4.64,4.42,4.68,4.4,343551,157030816.0,6.07,-4.12,-0.19,4.56
1822,2005-08-19,4.41,4.45,4.52,4.38,115074,51364348.0,3.17,0.68,0.03,1.53
1823,2005-08-22,4.43,4.49,4.51,4.4,93191,41825852.0,2.47,0.9,0.04,1.24
1824,2005-08-23,4.46,4.52,4.64,4.44,210708,95143152.0,4.45,0.67,0.03,2.79
1825,2005-08-24,4.54,4.65,4.7,4.52,196497,91079984.0,3.98,2.88,0.13,2.61
1826,2005-08-25,4.65,4.59,4.66,4.56,67736,31168410.0,2.15,-1.29,-0.06,0.9
1827,2005-08-26,4.57,4.61,4.63,4.49,97738,44527028.0,3.05,0.44,0.02,1.3
1828,2005-08-29,4.6,4.42,4.6,4.41,93609,41948748.0,4.12,-4.12,-0.19,1.24
1829,2005-08-30,4.41,4.43,4.51,4.35,90030,39894420.0,3.62,0.23,0.01,1.19
1830,2005-08-31,4.43,4.5,4.51,4.42,34095,15222549.0,2.03,1.58,0.07,0.45
1831,2005-09-01,4.49,4.54,4.59,4.43,66420,30138820.0,3.56,0.89,0.04,0.88
1832,2005-09-02,4.56,4.51,4.57,4.49,50912,22971740.0,1.76,-0.66,-0.03,0.68
1833,2005-09-05,4.51,4.51,4.53,4.44,42310,19010510.0,2.0,0.0,0.0,0.56
1834,2005-09-06,4.51,4.57,4.69,4.48,136392,62710732.0,4.66,1.33,0.06,1.81
1835,2005-09-07,4.57,4.62,4.64,4.54,69953,32236040.0,2.19,1.09,0.05,0.93
1836,2005-09-08,4.64,4.58,4.7,4.58,69419,32179444.0,2.6,-0.87,-0.04,0.92
1837,2005-09-09,4.57,4.52,4.63,4.49,55283,25117948.0,3.06,-1.31,-0.06,0.73
1838,2005-09-12,4.52,4.45,4.52,4.43,81087,36180764.0,1.99,-1.55,-0.07,1.08
1839,2005-09-13,4.45,4.62,4.63,4.45,70393,32033414.0,4.04,3.82,0.17,0.93
1840,2005-09-14,4.62,4.66,4.67,4.6,98719,45821984.0,1.52,0.87,0.04,1.31
1841,2005-09-15,4.66,4.6,4.68,4.6,37601,17364822.0,1.72,-1.29,-0.06,0.5
1842,2005-09-16,4.64,4.56,4.64,4.54,23801,10890468.0,2.17,-0.87,-0.04,0.32
1843,2005-09-19,4.58,4.53,4.59,4.48,63607,28740344.0,2.41,-0.66,-0.03,0.84
1844,2005-09-20,4.55,4.47,4.55,4.4,123940,55219496.0,3.31,-1.32,-0.06,1.64
1845,2005-09-21,4.47,4.29,4.47,4.26,118602,51568032.0,4.7,-4.03,-0.18,1.57
1846,2005-09-22,4.29,4.12,4.3,4.07,104248,43553956.0,5.36,-3.96,-0.17,1.38
1847,2005-09-23,4.13,4.13,4.19,4.12,56472,23411018.0,1.7,0.24,0.01,0.75
1848,2005-09-26,4.13,3.92,4.18,3.88,177829,70723592.0,7.26,-5.08,-0.21,2.36
1849,2005-09-27,3.94,3.98,4.0,3.89,142661,56278852.0,2.81,1.53,0.06,1.89
1850,2005-09-28,3.96,3.95,3.97,3.91,78338,30912238.0,1.51,-0.75,-0.03,1.04
1851,2005-09-29,3.97,4.19,4.19,3.97,151607,62399124.0,5.57,6.08,0.24,2.01
1852,2005-09-30,4.24,4.34,4.35,4.22,155947,66940404.0,3.1,3.58,0.15,2.07
1853,2005-10-10,4.2,4.13,4.27,4.12,136631,57049188.0,3.46,-4.84,-0.21,1.81
1854,2005-10-11,4.13,4.14,4.18,4.09,59366,24525926.0,2.18,0.24,0.01,0.79
1855,2005-10-12,4.18,4.18,4.24,4.15,134545,56190444.0,2.17,0.97,0.04,1.78
1856,2005-10-13,4.17,4.14,4.22,4.08,113551,47180564.0,3.35,-0.96,-0.04,1.51
1857,2005-10-14,4.2,4.34,4.37,4.18,346462,149072352.0,4.59,4.83,0.2,4.6
1858,2005-10-31,4.1,4.51,4.59,3.95,603752,271753568.0,14.75,3.92,0.17,8.01
1859,2005-11-01,4.51,4.61,4.62,4.47,257541,117322040.0,3.33,2.22,0.1,3.42
1860,2005-11-02,4.61,4.59,4.65,4.54,151679,69925616.0,2.39,-0.43,-0.02,2.01
1861,2005-11-03,4.58,4.58,4.61,4.51,156052,71377736.0,2.18,-0.22,-0.01,2.07
1862,2005-11-04,4.58,4.49,4.58,4.4,173895,77588336.0,3.93,-1.97,-0.09,2.31
1863,2005-11-07,4.49,4.54,4.56,4.4,75846,34226740.0,3.56,1.11,0.05,1.01
1864,2005-11-08,4.52,4.55,4.58,4.52,116829,53248656.0,1.32,0.22,0.01,1.55
1865,2005-11-09,4.54,4.49,4.56,4.48,137398,62203704.0,1.76,-1.32,-0.06,1.82
1866,2005-11-10,4.49,4.54,4.57,4.47,142118,64227084.0,2.23,1.11,0.05,1.88
1867,2005-11-11,4.55,4.61,4.66,4.51,216953,100166072.0,3.3,1.54,0.07,2.88
1868,2005-12-02,3.87,4.12,4.28,3.85,1663813,685529600.0,9.33,-10.63,-0.49,17.65
1869,2005-12-05,4.15,4.21,4.22,4.08,862901,358184192.0,3.4,2.18,0.09,9.16
1870,2005-12-06,4.19,4.13,4.22,4.08,307348,127518296.0,3.33,-1.9,-0.08,3.26
1871,2005-12-07,4.09,3.93,4.09,3.9,314141,124756456.0,4.6,-4.84,-0.2,3.33
1872,2005-12-08,3.91,3.85,3.96,3.8,278161,107463872.0,4.07,-2.04,-0.08,2.95
1873,2005-12-09,3.85,3.92,3.94,3.82,152469,59414548.0,3.12,1.82,0.07,1.62
1874,2005-12-12,3.91,3.98,3.99,3.86,143249,56272280.0,3.32,1.53,0.06,1.52
1875,2005-12-13,3.96,3.93,3.97,3.89,64923,25475210.0,2.01,-1.26,-0.05,0.69
1876,2005-12-14,3.91,3.9,3.93,3.86,78729,30636348.0,1.78,-0.76,-0.03,0.84
1877,2005-12-15,3.92,3.93,3.96,3.9,88422,34755536.0,1.54,0.77,0.03,0.94
1878,2005-12-16,3.94,3.9,3.95,3.88,85275,33349026.0,1.78,-0.76,-0.03,0.9
1879,2005-12-19,3.9,3.91,3.92,3.8,165701,63931360.0,3.08,0.26,0.01,1.76
1880,2005-12-20,3.91,3.86,3.92,3.82,96002,36949308.0,2.56,-1.28,-0.05,1.02
1881,2005-12-21,3.86,3.85,3.89,3.82,103356,39899304.0,1.81,-0.26,-0.01,1.1
1882,2005-12-22,3.84,3.88,3.9,3.83,111055,42910912.0,1.82,0.78,0.03,1.18
1883,2005-12-23,3.88,3.91,3.95,3.85,147265,57521476.0,2.58,0.77,0.03,1.56
1884,2005-12-26,3.91,3.92,3.95,3.89,78469,30769816.0,1.53,0.26,0.01,0.83
1885,2005-12-27,3.92,3.96,3.98,3.91,91339,36107868.0,1.79,1.02,0.04,0.97
1886,2005-12-29,3.98,3.96,4.07,3.93,128277,51192732.0,3.54,0.0,0.0,1.36
1887,2005-12-30,3.98,3.94,3.99,3.85,126435,49319760.0,3.54,-0.51,-0.02,1.34
1888,2006-01-04,3.9,3.9,3.93,3.85,160354,62145700.0,2.03,-1.02,-0.04,1.7
1889,2006-01-05,3.9,3.98,3.99,3.88,215103,84794096.0,2.82,2.05,0.08,2.28
1890,2006-01-06,4.0,4.01,4.09,3.98,235202,94858392.0,2.76,0.75,0.03,2.5
1891,2006-01-09,4.02,4.05,4.08,3.95,201197,80668288.0,3.24,1.0,0.04,2.13
1892,2006-01-10,4.06,4.06,4.08,3.99,136317,54933552.0,2.22,0.25,0.01,1.45
1893,2006-01-11,4.05,4.09,4.13,4.02,205257,83673880.0,2.71,0.74,0.03,2.18
1894,2006-01-12,4.09,4.07,4.09,4.02,116972,47513244.0,1.71,-0.49,-0.02,1.24
1895,2006-01-13,4.07,3.99,4.07,3.98,104949,42175920.0,2.21,-1.97,-0.08,1.11
1896,2006-01-16,3.99,3.9,4.0,3.9,85781,33780696.0,2.51,-2.26,-0.09,0.91
1897,2006-01-17,3.9,3.93,3.96,3.87,138761,54379988.0,2.31,0.77,0.03,1.47
1898,2006-01-18,3.92,3.97,3.99,3.91,112117,44440136.0,2.04,1.02,0.04,1.19
1899,2006-01-19,3.97,4.31,4.37,3.96,577336,246298192.0,10.33,8.56,0.34,6.13
1900,2006-01-20,4.29,4.22,4.37,4.19,276492,118592688.0,4.18,-2.09,-0.09,2.93
1901,2006-01-23,4.21,4.29,4.43,4.21,275235,119499056.0,5.21,1.66,0.07,2.92
1902,2006-01-24,4.3,4.36,4.42,4.26,181766,78872792.0,3.73,1.63,0.07,1.93
1903,2006-01-25,4.36,4.47,4.55,4.34,241258,108083856.0,4.82,2.52,0.11,2.56
1904,2006-02-06,4.92,4.92,4.92,4.82,310172,152428784.0,2.24,10.07,0.45,3.29
1905,2006-02-07,5.0,5.03,5.05,4.84,362067,180031920.0,4.27,2.24,0.11,3.84
1906,2006-02-08,5.04,4.91,5.05,4.88,204936,101165176.0,3.38,-2.39,-0.12,2.17
1907,2006-02-09,4.89,4.73,4.9,4.66,212117,101217792.0,4.89,-3.67,-0.18,2.25
1908,2006-02-10,4.73,4.81,4.84,4.7,227866,109092688.0,2.96,1.69,0.08,2.42
1909,2006-02-13,4.81,4.93,5.05,4.78,270284,132660008.0,5.61,2.49,0.12,2.87
1910,2006-02-14,4.94,4.85,4.98,4.83,99310,48352756.0,3.04,-1.62,-0.08,1.05
1911,2006-02-15,4.86,4.66,4.93,4.65,254004,121729664.0,5.77,-3.92,-0.19,2.7
1912,2006-02-16,4.66,4.65,4.72,4.59,239485,111332848.0,2.79,-0.21,-0.01,2.54
1913,2006-02-17,4.68,4.89,4.91,4.62,165010,79105312.0,6.24,5.16,0.24,1.75
1914,2006-02-20,4.86,4.88,5.04,4.82,241649,119269456.0,4.5,-0.2,-0.01,2.56
1915,2006-02-21,4.88,5.15,5.15,4.83,467234,235547072.0,6.56,5.53,0.27,4.96
1916,2006-02-22,5.16,5.39,5.45,5.14,506526,270285088.0,6.02,4.66,0.24,5.37
1917,2006-02-23,5.45,5.36,5.51,5.2,268482,144118000.0,5.75,-0.56,-0.03,2.85
1918,2006-02-24,5.38,5.39,5.45,5.28,234525,125386512.0,3.17,0.56,0.03,2.49
1919,2006-02-27,5.38,5.23,5.38,5.22,139960,74187168.0,2.97,-2.97,-0.16,1.49
1920,2006-02-28,5.22,5.28,5.33,5.15,192037,101117352.0,3.44,0.96,0.05,2.04
1921,2006-03-01,5.3,5.24,5.3,5.18,117110,61260840.0,2.27,-0.76,-0.04,1.24
1922,2006-03-02,5.21,5.05,5.23,5.02,214582,109587600.0,4.01,-3.63,-0.19,2.28
1923,2006-03-03,5.05,5.05,5.11,5.01,135829,68849256.0,1.98,0.0,0.0,1.44
1924,2006-03-06,5.05,5.18,5.31,5.05,151184,78719904.0,5.15,2.57,0.13,1.6
1925,2006-03-07,5.25,5.15,5.25,5.11,114519,59034688.0,2.7,-0.58,-0.03,1.22
1926,2006-03-08,5.1,4.88,5.12,4.7,254393,124052392.0,8.16,-5.24,-0.27,2.7
1927,2006-03-09,4.88,4.88,4.9,4.8,86261,41690196.0,2.05,0.0,0.0,0.92
1928,2006-03-10,4.99,5.02,5.15,4.98,148620,75061136.0,3.48,2.87,0.14,1.58
1929,2006-03-13,5.02,5.12,5.16,5.02,130953,67092188.0,2.79,1.99,0.1,1.39
1930,2006-03-14,5.12,5.12,5.18,5.08,77588,39805500.0,1.95,0.0,0.0,0.82
1931,2006-03-15,5.12,5.31,5.39,5.12,147050,76976080.0,5.27,3.71,0.19,1.56
1932,2006-03-16,5.29,5.17,5.31,5.12,179083,93472192.0,3.58,-2.64,-0.14,1.9
1933,2006-03-17,5.17,5.16,5.23,5.12,90200,46501384.0,2.13,-0.19,-0.01,0.96
1934,2006-03-20,5.15,5.24,5.24,5.09,72575,37427640.0,2.91,1.55,0.08,0.77
1935,2006-03-21,5.17,5.19,5.25,5.14,100194,52031904.0,2.1,-0.95,-0.05,1.06
1936,2006-03-22,5.18,5.09,5.18,4.98,184748,93194800.0,3.85,-1.93,-0.1,1.96
1937,2006-03-23,5.05,5.0,5.08,4.94,274070,136419248.0,2.75,-1.77,-0.09,2.91
1938,2006-03-24,5.05,5.13,5.17,4.95,338802,171757440.0,4.4,2.6,0.13,3.59
1939,2006-03-27,5.12,5.17,5.2,5.06,109948,56547100.0,2.73,0.78,0.04,1.17
1940,2006-03-28,5.2,5.46,5.47,5.17,396684,213109056.0,5.8,5.61,0.29,4.21
1941,2006-03-29,5.46,5.46,5.61,5.35,269145,147451424.0,4.76,0.0,0.0,2.86
1942,2006-03-30,5.45,5.44,5.55,5.38,135337,74054056.0,3.11,-0.37,-0.02,1.44
1943,2006-03-31,5.42,5.48,5.6,5.4,152620,83981896.0,3.68,0.74,0.04,1.62
1944,2006-04-03,5.61,5.65,5.77,5.59,244570,138927456.0,3.28,3.1,0.17,2.6
1945,2006-04-04,5.63,5.62,5.7,5.52,164806,92306896.0,3.19,-0.53,-0.03,1.75
1946,2006-04-05,5.61,5.59,5.65,5.54,88497,49481852.0,1.96,-0.53,-0.03,0.94
1947,2006-04-06,5.58,5.6,5.66,5.55,105041,58930552.0,1.97,0.18,0.01,1.11
1948,2006-04-07,5.57,5.39,5.58,5.36,160961,87281176.0,3.93,-3.75,-0.21,1.71
1949,2006-04-10,5.39,5.51,5.53,5.35,131439,71369592.0,3.34,2.23,0.12,1.39
1950,2006-04-11,5.52,5.64,5.73,5.4,198061,110435008.0,5.99,2.36,0.13,2.1
1951,2006-04-12,5.63,5.46,5.67,5.4,125063,69054944.0,4.79,-3.19,-0.18,1.33
1952,2006-04-13,5.44,5.64,5.76,5.41,270253,151475104.0,6.41,3.3,0.18,2.87
1953,2006-04-14,5.8,6.01,6.19,5.79,377196,226614208.0,7.09,6.56,0.37,4.0
1954,2006-04-17,6.03,6.12,6.13,5.9,188162,113268920.0,3.83,1.83,0.11,2.0
1955,2006-04-18,6.13,6.43,6.64,6.0,334231,213416560.0,10.46,5.07,0.31,3.55
1956,2006-04-19,6.4,6.33,6.45,6.15,229289,145423840.0,4.67,-1.56,-0.1,2.43
1957,2006-04-20,6.3,6.36,6.5,6.28,190313,121945264.0,3.48,0.47,0.03,2.02
1958,2006-04-21,6.3,6.28,6.4,6.13,216045,135696576.0,4.25,-1.26,-0.08,2.29
1959,2006-04-24,6.3,5.95,6.4,5.88,297688,179815680.0,8.28,-5.25,-0.33,3.16
1960,2006-04-25,5.92,5.78,5.93,5.55,494676,280438880.0,6.39,-2.86,-0.17,5.25
1961,2006-04-26,5.75,5.94,5.96,5.63,317722,184160336.0,5.71,2.77,0.16,3.37
1962,2006-04-27,5.94,5.74,6.0,5.63,276361,160260304.0,6.23,-3.37,-0.2,2.93
1963,2006-04-28,5.6,5.59,5.61,5.4,411158,226712976.0,3.66,-2.61,-0.15,4.36
1964,2006-05-08,5.6,6.01,6.02,5.57,410592,241406304.0,8.05,7.51,0.42,4.36
1965,2006-05-09,6.0,6.11,6.15,5.89,369100,222212320.0,4.33,1.66,0.1,3.92
1966,2006-05-10,6.12,6.02,6.15,5.85,462996,276758464.0,4.91,-1.47,-0.09,4.91
1967,2006-05-11,6.0,5.83,6.09,5.8,385486,229618304.0,4.82,-3.16,-0.19,4.09
1968,2006-05-12,5.82,5.97,6.02,5.8,230244,136197104.0,3.77,2.4,0.14,2.44
1969,2006-05-15,6.0,6.43,6.45,5.98,705887,439396736.0,7.87,7.71,0.46,7.49
1970,2006-05-16,6.45,6.12,6.64,6.1,601669,381870656.0,8.4,-4.82,-0.31,6.38
1971,2006-05-17,6.1,6.12,6.26,6.02,306912,187885664.0,3.92,0.0,0.0,3.26
1972,2006-05-18,6.1,6.07,6.2,5.94,254376,153804416.0,4.25,-0.82,-0.05,2.7
1973,2006-05-19,6.07,6.29,6.5,6.06,451735,283465984.0,7.25,3.62,0.22,4.79
1974,2006-05-22,6.3,6.35,6.59,6.19,504729,325703904.0,6.36,0.95,0.06,5.36
1975,2006-05-23,6.29,5.94,6.29,5.81,507570,305934048.0,7.56,-6.46,-0.41,5.39
1976,2006-05-24,5.97,6.0,6.15,5.65,339285,199974256.0,8.42,1.01,0.06,3.6
1977,2006-05-25,6.0,5.98,6.02,5.8,148336,87663824.0,3.67,-0.33,-0.02,1.57
1978,2006-05-26,6.01,6.04,6.11,5.98,223216,134928656.0,2.17,1.0,0.06,2.37
1979,2006-05-29,6.09,6.27,6.4,6.03,411932,256117344.0,6.13,3.81,0.23,4.37
1980,2006-05-30,6.28,6.09,6.32,5.98,364552,222371120.0,5.42,-2.87,-0.18,3.87
1981,2006-05-31,6.09,6.02,6.15,5.98,241240,145670208.0,2.79,-1.15,-0.07,2.56
1982,2006-06-01,6.05,6.07,6.1,5.99,271013,163418336.0,1.83,0.83,0.05,2.88
1983,2006-06-02,6.05,5.88,6.09,5.86,322201,191501328.0,3.79,-3.13,-0.19,3.42
1984,2006-06-05,5.85,5.92,5.98,5.82,198906,117406504.0,2.72,0.68,0.04,2.11
1985,2006-06-06,5.9,6.01,6.08,5.85,254053,151574896.0,3.89,1.52,0.09,2.7
1986,2006-06-07,6.05,5.72,6.08,5.71,291769,171080944.0,6.16,-4.83,-0.29,3.1
1987,2006-06-08,5.73,5.55,5.77,5.49,269019,150154976.0,4.9,-2.97,-0.17,2.85
1988,2006-06-09,5.55,5.49,5.62,5.46,173660,96284000.0,2.88,-1.08,-0.06,1.84
1989,2006-06-12,5.45,5.45,5.54,5.4,132112,72236992.0,2.55,-0.73,-0.04,1.4
1990,2006-06-13,5.45,5.5,5.58,5.43,156701,86192592.0,2.75,0.92,0.05,1.66
1991,2006-06-14,5.5,5.33,5.5,5.32,119219,64384364.0,3.27,-3.09,-0.17,1.26
1992,2006-06-15,5.35,5.31,5.44,5.28,151315,81051600.0,3.0,-0.38,-0.02,1.61
1993,2006-06-16,5.41,5.58,5.59,5.41,290624,160217936.0,3.39,5.08,0.27,3.08
1994,2006-06-19,5.53,5.66,5.71,5.48,181958,102724616.0,4.12,1.43,0.08,1.93
1995,2006-06-21,5.62,5.62,5.72,5.53,154601,86798800.0,3.36,-0.71,-0.04,1.64
1996,2006-06-22,5.67,5.68,5.77,5.67,177419,101346280.0,1.78,1.07,0.06,1.88
1997,2006-06-23,5.68,5.74,5.75,5.66,102053,58196664.0,1.58,1.06,0.06,1.08
1998,2006-06-26,5.79,6.01,6.12,5.79,352222,210871088.0,5.75,4.7,0.27,3.74
1999,2006-06-27,6.03,6.06,6.07,5.94,224171,134928976.0,2.16,0.83,0.05,2.38
2000,2006-06-28,5.7,5.73,5.77,5.66,151567,86726848.0,1.82,-5.45,-0.33,1.61
2001,2006-06-29,5.75,6.0,6.1,5.75,388479,232218096.0,6.11,4.71,0.27,4.12
2002,2006-06-30,6.03,6.12,6.14,5.91,381172,230771984.0,3.83,2.0,0.12,4.04
2003,2006-07-03,6.13,6.13,6.18,6.07,165628,101287688.0,1.8,0.16,0.01,1.76
2004,2006-07-04,6.15,5.97,6.16,5.91,279170,167460112.0,4.08,-2.61,-0.16,2.96
2005,2006-07-05,5.95,5.9,5.95,5.85,148392,87561936.0,1.68,-1.17,-0.07,1.57
2006,2006-07-06,5.87,5.92,5.97,5.86,164434,97371864.0,1.86,0.34,0.02,1.74
2007,2006-07-07,5.95,5.9,6.01,5.87,102293,60757540.0,2.36,-0.34,-0.02,1.09
2008,2006-07-10,5.88,5.85,5.92,5.68,228018,131554008.0,4.07,-0.85,-0.05,2.42
2009,2006-07-11,5.83,5.79,5.85,5.69,148757,85440048.0,2.74,-1.03,-0.06,1.58
2010,2006-07-12,5.76,5.75,5.79,5.69,194649,111685592.0,1.73,-0.69,-0.04,2.07
2011,2006-07-13,5.72,5.53,5.82,5.52,213688,120754584.0,5.22,-3.83,-0.22,2.27
2012,2006-07-14,5.49,5.51,5.56,5.45,157651,86771816.0,1.99,-0.36,-0.02,1.67
2013,2006-07-17,5.51,5.64,5.64,5.46,125159,69436712.0,3.27,2.36,0.13,1.33
2014,2006-07-18,5.66,5.72,5.73,5.6,159380,90071664.0,2.3,1.42,0.08,1.69
2015,2006-07-19,5.7,5.6,5.74,5.58,121062,68373768.0,2.8,-2.1,-0.12,1.28
2016,2006-07-20,5.61,5.66,5.7,5.61,80786,45724588.0,1.61,1.07,0.06,0.86
2017,2006-07-21,5.67,5.6,5.67,5.57,71251,39957360.0,1.77,-1.06,-0.06,0.76
2018,2006-07-24,5.51,5.57,5.66,5.49,66094,36749608.0,3.04,-0.54,-0.03,0.7
2019,2006-07-25,5.58,5.58,5.61,5.55,76272,42577680.0,1.08,0.18,0.01,0.81
2020,2006-07-26,5.6,5.6,5.63,5.51,73535,41051932.0,2.15,0.36,0.02,0.78
2021,2006-07-27,5.62,5.54,5.64,5.49,97835,54323708.0,2.68,-1.07,-0.06,1.04
2022,2006-07-28,5.54,5.47,5.57,5.47,83871,46149520.0,1.81,-1.26,-0.07,0.89
2023,2006-07-31,5.49,5.23,5.49,5.21,146987,78138640.0,5.12,-4.39,-0.24,1.56
2024,2006-08-01,5.23,5.24,5.28,5.18,74165,38819384.0,1.91,0.19,0.01,0.79
2025,2006-08-02,5.24,5.2,5.27,5.15,85924,44625592.0,2.29,-0.76,-0.04,0.91
2026,2006-08-03,5.2,5.2,5.22,5.15,52424,27184466.0,1.35,0.0,0.0,0.56
2027,2006-08-04,5.2,5.28,5.36,5.2,109922,58202288.0,3.08,1.54,0.08,1.17
2028,2006-08-07,5.24,5.22,5.34,5.2,55703,29360244.0,2.65,-1.14,-0.06,0.59
2029,2006-08-08,5.26,5.42,5.44,5.25,70306,37575112.0,3.64,3.83,0.2,0.75
2030,2006-08-09,5.39,5.51,5.52,5.39,86689,47362300.0,2.4,1.66,0.09,0.92
2031,2006-08-10,5.5,5.51,5.52,5.45,49178,26972188.0,1.27,0.0,0.0,0.52
2032,2006-08-11,5.5,5.38,5.5,5.32,122942,65961668.0,3.27,-2.36,-0.13,1.3
2033,2006-08-14,5.36,5.46,5.48,5.36,73739,39968028.0,2.23,1.49,0.08,0.78
2034,2006-08-15,5.56,5.59,5.63,5.5,229260,128036016.0,2.38,2.38,0.13,2.43
2035,2006-08-16,5.59,5.59,5.65,5.56,160832,90047824.0,1.61,0.0,0.0,1.71
2036,2006-08-17,5.59,5.47,5.59,5.44,101718,55847092.0,2.68,-2.15,-0.12,1.08
2037,2006-08-18,5.45,5.4,5.51,5.35,119254,64652816.0,2.93,-1.28,-0.07,1.27
2038,2006-08-21,5.25,5.37,5.37,5.22,60018,31912286.0,2.78,-0.56,-0.03,0.64
2039,2006-08-22,5.37,5.4,5.43,5.35,80999,43679044.0,1.49,0.56,0.03,0.86
2040,2006-08-23,5.41,5.46,5.48,5.41,75306,41027892.0,1.3,1.11,0.06,0.8
2041,2006-08-24,5.46,5.44,5.46,5.38,45508,24692988.0,1.47,-0.37,-0.02,0.48
2042,2006-08-25,5.44,5.38,5.45,5.37,86781,46916616.0,1.47,-1.1,-0.06,0.92
2043,2006-08-28,5.41,5.48,5.5,5.38,81071,44246312.0,2.23,1.86,0.1,0.86
2044,2006-08-29,5.49,5.47,5.55,5.47,110750,61036320.0,1.46,-0.18,-0.01,1.18
2045,2006-08-30,5.46,5.46,5.5,5.43,53947,29430052.0,1.28,-0.18,-0.01,0.57
2046,2006-08-31,5.46,5.6,5.63,5.45,227355,126371712.0,3.3,2.56,0.14,2.41
2047,2006-09-01,5.64,5.57,5.64,5.48,145953,81108224.0,2.86,-0.54,-0.03,1.55
2048,2006-09-04,5.56,5.6,5.62,5.52,102974,57468012.0,1.8,0.54,0.03,1.09
2049,2006-09-05,5.6,5.55,5.62,5.52,96053,53398852.0,1.79,-0.89,-0.05,1.02
2050,2006-09-06,5.55,5.58,5.6,5.52,74017,41211776.0,1.44,0.54,0.03,0.79
2051,2006-09-07,5.59,5.49,5.6,5.49,70023,38635800.0,1.97,-1.61,-0.09,0.74
2052,2006-09-08,5.49,5.5,5.53,5.46,42472,23328460.0,1.28,0.18,0.01,0.45
2053,2006-09-11,5.55,5.56,5.59,5.51,88297,49051300.0,1.45,1.09,0.06,0.94
2054,2006-09-12,5.56,5.67,5.72,5.56,344995,194908608.0,2.88,1.98,0.11,3.66
2055,2006-09-13,5.69,5.63,5.75,5.63,185736,105804688.0,2.12,-0.71,-0.04,1.97
2056,2006-09-14,5.63,5.58,5.65,5.53,105866,59164420.0,2.13,-0.89,-0.05,1.12
2057,2006-09-15,5.58,5.77,5.83,5.53,322012,185038976.0,5.38,3.41,0.19,3.42
2058,2006-09-18,5.85,5.88,5.96,5.81,292148,172470528.0,2.6,1.91,0.11,3.1
2059,2006-09-19,5.9,5.82,5.91,5.81,119687,69926752.0,1.7,-1.02,-0.06,1.27
2060,2006-09-20,5.8,5.77,5.84,5.76,102369,59195320.0,1.37,-0.86,-0.05,1.09
2061,2006-09-21,5.76,5.82,5.83,5.75,108817,62965656.0,1.39,0.87,0.05,1.15
2062,2006-09-22,5.85,5.69,5.86,5.67,134679,77377640.0,3.26,-2.23,-0.13,1.43
2063,2006-09-25,5.66,5.59,5.67,5.56,102519,57556036.0,1.93,-1.76,-0.1,1.09
2064,2006-09-26,5.58,5.53,5.62,5.47,138828,76605664.0,2.68,-1.07,-0.06,1.47
2065,2006-09-27,5.54,5.57,5.58,5.47,85141,46955032.0,1.99,0.72,0.04,0.9
2066,2006-09-28,5.58,5.6,5.63,5.55,111582,62371068.0,1.44,0.54,0.03,1.18
2067,2006-10-09,5.74,5.76,5.85,5.71,219087,126236592.0,2.5,2.86,0.16,2.32
2068,2006-10-10,5.76,5.9,6.03,5.76,355849,211119264.0,4.69,2.43,0.14,3.78
2069,2006-10-11,5.9,5.9,6.02,5.86,308918,183429120.0,2.71,0.0,0.0,3.28
2070,2006-10-12,5.98,6.32,6.49,5.96,980722,614167872.0,8.98,7.12,0.42,10.41
2071,2006-10-13,6.32,6.33,6.45,6.28,314934,199903360.0,2.69,0.16,0.01,3.34
2072,2006-10-16,6.35,6.33,6.53,6.26,280747,180260304.0,4.27,0.0,0.0,2.98
2073,2006-10-17,6.33,6.19,6.4,6.17,189554,118790600.0,3.63,-2.21,-0.14,2.01
2074,2006-10-18,6.22,6.31,6.34,6.22,142302,89670680.0,1.94,1.94,0.12,1.51
2075,2006-10-19,6.31,6.34,6.42,6.3,141591,90209256.0,1.9,0.48,0.03,1.5
2076,2006-10-20,6.4,6.29,6.41,6.27,107099,67822848.0,2.21,-0.79,-0.05,1.14
2077,2006-10-23,6.33,6.07,6.41,6.0,207473,129064152.0,6.52,-3.5,-0.22,2.2
2078,2006-10-24,6.08,6.25,6.28,6.08,82720,51274780.0,3.29,2.97,0.18,0.88
2079,2006-10-25,6.26,6.32,6.33,6.13,96743,60537252.0,3.2,1.12,0.07,1.03
2080,2006-10-26,6.37,6.54,6.57,6.27,349790,226068224.0,4.75,3.48,0.22,3.71
2081,2006-10-27,6.55,6.63,6.68,6.47,308742,203373360.0,3.21,1.38,0.09,3.28
2082,2006-10-30,6.8,6.9,6.99,6.72,397516,273138368.0,4.07,4.07,0.27,4.22
2083,2006-10-31,6.96,6.93,7.07,6.9,314519,219541216.0,2.46,0.43,0.03,3.34
2084,2006-11-01,7.0,7.04,7.07,6.93,214947,150598560.0,2.02,1.59,0.11,2.28
2085,2006-11-02,7.1,7.37,7.47,7.1,326493,239479136.0,5.26,4.69,0.33,3.46
2086,2006-11-03,7.38,7.46,7.71,7.37,380945,287041728.0,4.61,1.22,0.09,4.04
2087,2006-11-06,7.44,7.98,8.12,7.35,482555,379259296.0,10.32,6.97,0.52,5.12
2088,2006-11-07,8.07,7.95,8.08,7.75,323913,255899200.0,4.14,-0.38,-0.03,3.44
2089,2006-11-08,7.95,7.78,7.99,7.72,221088,172783456.0,3.4,-2.14,-0.17,2.35
2090,2006-11-09,7.69,7.79,7.89,7.63,172250,133585848.0,3.34,0.13,0.01,1.83
2091,2006-11-10,7.76,7.55,8.0,7.5,283880,220974480.0,6.42,-3.08,-0.24,3.01
2092,2006-11-13,7.5,7.14,7.71,7.02,272311,199298112.0,9.14,-5.43,-0.41,2.89
2093,2006-11-14,7.19,7.16,7.24,6.84,227654,160187856.0,5.6,0.28,0.02,2.42
2094,2006-11-15,7.15,7.68,7.83,7.09,314956,236314128.0,10.34,7.26,0.52,3.34
2095,2006-11-16,7.8,7.72,8.11,7.7,467148,371213344.0,5.34,0.52,0.04,4.96
2096,2006-11-17,7.7,8.01,8.08,7.63,372824,295677184.0,5.83,3.76,0.29,3.96
2097,2006-11-20,8.19,8.1,8.33,7.98,348948,283624768.0,4.37,1.12,0.09,3.7
2098,2006-11-21,8.08,7.98,8.08,7.73,288039,226862656.0,4.32,-1.48,-0.12,3.06
2099,2006-11-22,7.98,7.89,8.05,7.78,233164,184700176.0,3.38,-1.13,-0.09,2.47
2100,2006-11-23,7.8,8.08,8.21,7.79,224925,181112960.0,5.32,2.41,0.19,2.39
2101,2006-11-24,8.05,8.05,8.2,7.92,144335,115790800.0,3.47,-0.37,-0.03,1.53
2102,2006-11-27,8.03,7.98,8.23,7.91,309129,248448720.0,3.98,-0.87,-0.07,3.28
2103,2006-11-28,7.96,7.87,7.97,7.69,334551,260399776.0,3.51,-1.38,-0.11,3.55
2104,2006-11-29,7.77,8.4,8.45,7.65,456264,371965792.0,10.17,6.73,0.53,4.84
2105,2006-11-30,8.41,9.05,9.13,8.34,506551,448406080.0,9.4,7.74,0.65,5.37
2106,2006-12-01,9.1,8.84,9.22,8.82,296719,267422768.0,4.42,-2.32,-0.21,3.15
2107,2006-12-04,8.8,8.95,9.0,8.77,393268,348827456.0,2.6,1.24,0.11,4.17
2108,2006-12-05,8.92,8.87,9.18,8.83,445595,399370048.0,3.91,-0.89,-0.08,4.23
2109,2006-12-06,8.8,8.87,9.05,8.55,381259,335648032.0,5.64,0.0,0.0,3.62
2110,2006-12-07,8.89,8.9,9.26,8.82,486048,442754784.0,4.96,0.34,0.03,4.62
2111,2006-12-08,8.8,8.39,8.88,8.35,298351,258155952.0,5.96,-5.73,-0.51,2.83
2112,2006-12-11,8.34,8.64,8.68,8.31,213878,182893024.0,4.41,2.98,0.25,2.03
2113,2006-12-12,8.68,8.6,8.82,8.39,281739,242246864.0,4.98,-0.46,-0.04,2.68
2114,2006-12-13,8.6,8.55,8.72,8.42,440631,376496224.0,3.49,-0.58,-0.05,4.18
2115,2006-12-14,8.6,8.72,8.76,8.55,355322,307526880.0,2.46,1.99,0.17,3.37
2116,2006-12-15,8.73,8.65,8.81,8.53,486453,417934432.0,3.21,-0.8,-0.07,4.62
2117,2006-12-18,8.69,8.69,8.76,8.55,351658,304344544.0,2.43,0.46,0.04,3.34
2118,2006-12-19,8.75,9.08,9.14,8.75,503138,451527872.0,4.49,4.49,0.39,4.78
2119,2006-12-20,9.03,8.93,9.04,8.85,239634,214103648.0,2.09,-1.65,-0.15,2.28
2120,2006-12-21,8.92,8.65,8.94,8.6,510009,442958432.0,3.81,-3.14,-0.28,4.84
2121,2006-12-22,8.58,8.45,8.67,8.43,345233,293057216.0,2.77,-2.31,-0.2,3.28
2122,2006-12-25,8.45,8.73,8.74,8.45,367095,315691328.0,3.43,3.31,0.28,3.49
2123,2006-12-26,8.76,8.89,9.03,8.74,681861,606145792.0,3.32,1.83,0.16,6.48
2124,2006-12-27,8.96,9.27,9.45,8.96,592014,550822272.0,5.51,4.27,0.38,5.62
2125,2006-12-28,9.32,9.27,9.54,9.17,351481,329493760.0,3.99,0.0,0.0,3.34
2126,2006-12-29,9.6,10.2,10.2,9.6,767970,769488512.0,6.47,10.03,0.93,7.29
2127,2007-01-04,10.41,11.0,11.22,10.41,898121,995076864.0,7.94,7.84,0.8,8.53
2128,2007-01-05,10.97,10.9,11.68,10.81,623441,699282560.0,7.91,-0.91,-0.1,5.92
2129,2007-01-08,10.82,10.99,11.24,10.7,353779,386691424.0,4.95,0.83,0.09,3.36
2130,2007-01-09,11.11,11.81,11.89,10.91,513975,593525440.0,8.92,7.46,0.82,4.88
2131,2007-01-10,11.8,12.02,12.71,11.57,624717,755377152.0,9.65,1.78,0.21,5.93
2132,2007-01-11,12.02,11.89,12.35,11.77,294071,353509216.0,4.83,-1.08,-0.13,2.79
2133,2007-01-12,11.8,11.45,12.0,11.2,325484,376830528.0,6.73,-3.7,-0.44,3.09
2134,2007-01-15,11.5,11.96,12.1,11.26,346228,406517280.0,7.34,4.45,0.51,3.29
2135,2007-01-16,11.95,11.72,12.18,11.61,388162,459305440.0,4.77,-2.01,-0.24,3.69
2136,2007-01-17,11.82,12.22,12.67,11.66,445047,545453248.0,8.62,4.27,0.5,4.23
2137,2007-01-18,11.96,11.79,12.18,11.27,401210,466315168.0,7.45,-3.52,-0.43,3.81
2138,2007-01-19,12.05,11.98,12.15,11.76,379148,452801856.0,3.31,1.61,0.19,3.6
2139,2007-01-22,12.09,13.06,13.08,12.09,561328,715293056.0,8.26,9.02,1.08,5.33
2140,2007-01-23,13.23,13.78,13.8,12.88,518568,699728832.0,7.04,5.51,0.72,4.92
2141,2007-01-24,13.76,13.8,14.35,13.62,286620,403128000.0,5.3,0.15,0.02,2.72
2142,2007-01-25,13.55,13.17,13.87,13.05,280352,375061760.0,5.94,-4.57,-0.63,2.66
2143,2007-01-26,12.92,13.52,13.64,12.92,333517,440363072.0,5.47,2.66,0.35,3.17
2144,2007-01-29,13.62,14.15,14.3,13.62,231607,325364640.0,5.03,4.66,0.63,2.2
2145,2007-01-30,14.18,14.28,14.81,14.18,297950,432948352.0,4.45,0.92,0.13,2.83
2146,2007-01-31,14.18,12.95,14.26,12.85,307950,413561184.0,9.87,-9.31,-1.33,2.92
2147,2007-02-01,12.68,12.8,12.96,12.3,198744,252759904.0,5.1,-1.16,-0.15,1.89
2148,2007-02-02,12.79,11.83,12.79,11.62,442712,532003552.0,9.14,-7.58,-0.97,4.2
2149,2007-02-05,11.59,11.16,11.79,11.15,332121,377140192.0,5.41,-5.66,-0.67,3.15
2150,2007-02-06,11.47,11.46,11.52,10.04,742467,788902400.0,13.26,2.69,0.3,7.05
2151,2007-02-07,11.87,11.63,12.0,11.5,378982,447674400.0,4.36,1.48,0.17,3.6
2152,2007-02-08,11.77,11.87,11.9,11.1,438840,500867264.0,6.88,2.06,0.24,4.17
2153,2007-02-09,11.91,11.48,11.91,11.3,308840,356427968.0,5.14,-3.29,-0.39,2.93
2154,2007-02-12,11.48,12.16,12.17,11.3,414412,487485024.0,7.58,5.92,0.68,3.94
2155,2007-02-13,12.15,12.16,12.45,11.92,317826,387304576.0,4.36,0.0,0.0,3.02
2156,2007-02-14,12.18,12.37,12.4,12.0,282687,345750464.0,3.29,1.73,0.21,2.68
2157,2007-02-15,12.42,12.83,13.03,12.39,441051,561697344.0,5.17,3.72,0.46,4.19
2158,2007-02-16,13.0,12.81,13.25,12.65,427472,552528832.0,4.68,-0.16,-0.02,4.06
2159,2007-02-26,13.15,13.83,13.88,13.15,374643,508427328.0,5.7,7.96,1.02,3.56
2160,2007-02-27,13.91,12.45,14.1,12.45,478240,629487552.0,11.93,-9.98,-1.38,4.54
2161,2007-02-28,11.98,12.87,13.1,11.98,475295,595921024.0,9.0,3.37,0.42,4.51
2162,2007-03-01,12.97,12.3,12.97,12.03,410613,507756128.0,7.3,-4.43,-0.57,3.9
2163,2007-03-02,12.23,12.31,12.52,12.06,199605,245686096.0,3.74,0.08,0.01,1.9
2164,2007-03-05,12.16,11.7,12.25,11.25,400170,469683712.0,8.12,-4.96,-0.61,3.8
2165,2007-03-06,11.5,11.91,12.05,11.38,231792,273325504.0,5.73,1.79,0.21,2.2
2166,2007-03-07,11.99,12.37,12.5,11.9,424409,520888704.0,5.04,3.86,0.46,4.03
2167,2007-03-08,12.36,12.41,12.43,12.11,235673,288965728.0,2.59,0.32,0.04,2.24
2168,2007-03-09,12.47,12.41,12.65,12.3,285111,355676320.0,2.82,0.0,0.0,2.71
2169,2007-03-12,12.44,12.68,12.76,12.25,377326,471673280.0,4.11,2.18,0.27,3.58
2170,2007-03-13,12.78,12.8,12.97,12.6,346518,442406496.0,2.92,0.95,0.12,3.29
2171,2007-03-14,12.6,12.27,12.6,12.18,374243,460361344.0,3.28,-4.14,-0.53,3.55
2172,2007-03-15,12.23,12.35,12.45,12.15,307544,377019104.0,2.44,0.65,0.08,2.92
2173,2007-03-16,12.4,12.11,12.45,11.9,339525,413719872.0,4.45,-1.94,-0.24,3.22
2174,2007-03-19,11.77,12.3,12.35,11.68,345178,418827232.0,5.53,1.57,0.19,3.28
2175,2007-03-20,12.31,12.2,12.35,11.91,346411,419804160.0,3.58,-0.81,-0.1,3.29
2176,2007-03-21,12.24,12.13,12.36,12.0,307087,373997632.0,2.95,-0.57,-0.07,2.92
2177,2007-03-22,12.17,12.43,12.69,12.17,596360,742131584.0,4.29,2.47,0.3,5.66
2178,2007-03-23,12.5,13.22,13.25,12.44,877695,1131799680.0,6.52,6.36,0.79,8.33
2179,2007-03-27,13.65,13.27,13.72,13.23,541954,728121728.0,3.71,0.38,0.05,5.15
2180,2007-03-28,13.27,13.5,13.64,12.7,504013,671735360.0,7.08,1.73,0.23,4.79
2181,2007-03-29,13.6,13.66,14.18,13.59,655399,908555072.0,4.37,1.19,0.16,6.22
2182,2007-03-30,13.58,14.57,14.98,13.58,825064,1184145152.0,10.25,6.66,0.91,7.84
2183,2007-04-02,14.8,15.59,15.72,14.65,609898,933715456.0,7.34,7.0,1.02,5.79
2184,2007-04-03,15.8,15.5,16.22,15.41,521374,820377472.0,5.2,-0.58,-0.09,4.95
2185,2007-04-04,15.5,16.2,16.45,15.37,484096,774825920.0,6.97,4.52,0.7,4.6
2186,2007-04-05,16.18,16.26,16.32,15.85,303741,487892384.0,2.9,0.37,0.06,2.88
2187,2007-04-06,15.95,15.92,16.28,15.87,296588,473908352.0,2.52,-2.09,-0.34,2.82
2188,2007-04-09,16.01,17.1,17.1,15.95,344124,570040960.0,7.22,7.41,1.18,3.27
2189,2007-04-10,17.12,17.55,18.02,16.71,411962,723496448.0,7.66,2.63,0.45,3.91
2190,2007-04-11,17.8,17.35,18.22,16.88,503002,876362240.0,7.64,-1.14,-0.2,4.78
2191,2007-04-12,17.26,17.36,17.43,16.91,412486,703642624.0,3.0,0.06,0.01,3.92
2192,2007-04-13,17.5,16.69,17.55,16.66,491330,829295616.0,5.13,-3.86,-0.67,4.67
2193,2007-04-16,16.7,16.82,16.86,16.35,390969,651638528.0,3.06,0.78,0.13,3.71
2194,2007-04-17,17.3,17.1,17.58,16.83,436722,752826688.0,4.46,1.66,0.28,4.15
2195,2007-04-18,17.1,17.23,17.37,16.68,480010,817948288.0,4.04,0.76,0.13,4.56
2196,2007-04-19,17.1,16.17,17.1,15.78,435248,718201984.0,7.66,-6.15,-1.06,4.13
2197,2007-04-20,16.4,17.2,17.43,16.4,406942,688678848.0,6.37,6.37,1.03,3.86
2198,2007-04-23,17.41,17.99,18.15,17.41,453645,810674624.0,4.3,4.59,0.79,4.31
2199,2007-04-24,18.13,18.25,18.37,17.7,440790,797914816.0,3.72,1.45,0.26,4.19
2200,2007-04-25,18.22,17.84,18.35,17.63,264116,474220928.0,3.95,-2.25,-0.41,2.51
2201,2007-04-26,17.8,18.0,18.25,17.76,270037,485596608.0,2.75,0.9,0.16,2.56
2202,2007-04-27,18.0,17.29,18.0,17.2,285388,498167456.0,4.44,-3.94,-0.71,2.71
2203,2007-04-30,17.5,17.64,18.18,17.42,298588,529232288.0,4.4,2.02,0.35,2.84
2204,2007-05-08,18.0,19.06,19.25,17.7,522107,953176000.0,8.79,8.05,1.42,4.96
2205,2007-05-09,19.35,18.83,19.35,18.28,456807,858065472.0,5.61,-1.21,-0.23,4.34
2206,2007-05-10,18.85,19.89,20.44,18.85,674401,1330865280.0,8.44,5.63,1.06,6.4
2207,2007-05-11,19.65,19.41,19.8,19.17,319661,619538304.0,3.17,-2.41,-0.48,3.04
2208,2007-05-14,19.06,19.89,20.5,18.8,428589,855767872.0,8.76,2.47,0.48,4.07
2209,2007-05-15,20.0,19.33,20.14,19.3,310449,610449344.0,4.22,-2.82,-0.56,2.95
2210,2007-05-16,19.32,19.5,19.6,19.0,258400,497412608.0,3.1,0.88,0.17,2.45
2211,2007-05-17,19.5,20.0,20.16,19.35,314370,622866048.0,4.15,2.56,0.5,2.99
2212,2007-05-18,19.99,20.06,20.53,19.7,308494,622462720.0,4.15,0.3,0.06,2.93
2213,2007-05-21,19.4,20.26,20.95,19.18,316079,645821824.0,8.82,1.0,0.2,3.0
2214,2007-05-22,20.0,19.65,20.0,19.57,549501,1082401280.0,2.12,-3.01,-0.61,5.22
2215,2007-05-23,19.65,19.35,19.65,19.0,464951,894355264.0,3.31,-1.53,-0.3,4.42
2216,2007-05-24,19.36,19.0,19.45,18.6,396294,752683072.0,4.39,-1.81,-0.35,3.76
2217,2007-05-25,18.99,19.11,19.2,18.7,336126,638865984.0,2.63,0.58,0.11,3.19
2218,2007-05-28,19.27,19.57,19.64,19.19,448783,872246144.0,2.35,2.41,0.46,4.26
2219,2007-05-30,18.81,17.83,19.5,17.61,697050,1288627072.0,9.66,-8.89,-1.74,6.62
2220,2007-05-31,17.7,18.34,18.65,16.38,565066,995788416.0,12.73,2.86,0.51,5.37
2221,2007-06-01,18.5,18.13,18.98,17.81,435449,806722752.0,6.38,-1.15,-0.21,4.14
2222,2007-06-04,18.15,16.52,18.42,16.5,390274,673085952.0,10.59,-8.88,-1.61,3.71
2223,2007-06-05,16.5,17.46,17.47,15.85,435002,722341376.0,9.81,5.69,0.94,4.13
2224,2007-06-06,17.5,17.73,17.8,16.96,320696,562778112.0,4.81,1.55,0.27,3.05
2225,2007-06-07,17.89,17.93,18.14,17.5,325726,582299904.0,3.61,1.13,0.2,3.09
2226,2007-06-11,18.05,18.11,18.35,17.88,297801,538733568.0,2.62,1.0,0.18,2.83
2227,2007-06-12,18.15,18.85,18.87,17.8,479627,877820032.0,5.91,4.09,0.74,4.55
2228,2007-06-13,19.15,19.22,19.6,18.92,493758,950693056.0,3.61,1.96,0.37,4.69
2229,2007-06-14,19.5,19.06,19.57,19.0,332040,640398848.0,2.97,-0.83,-0.16,3.15
2230,2007-06-15,18.99,19.11,19.28,18.77,242940,461440832.0,2.68,0.26,0.05,2.31
2231,2007-06-18,19.68,19.77,19.88,19.13,378227,740881600.0,3.92,3.45,0.66,3.59
2232,2007-06-19,19.85,20.85,20.85,19.85,442557,907236288.0,5.06,5.46,1.08,4.2
2233,2007-06-20,21.07,20.27,21.44,20.1,447078,931335040.0,6.43,-2.78,-0.58,4.25
2234,2007-06-21,20.15,20.49,20.6,19.8,322118,652699584.0,3.95,1.09,0.22,3.06
2235,2007-06-22,20.09,18.61,20.09,18.31,354004,677057344.0,8.69,-9.18,-1.88,3.36
2236,2007-06-25,18.72,17.55,19.05,17.31,271931,497246496.0,9.35,-5.7,-1.06,2.58
2237,2007-06-26,17.29,18.19,18.19,17.1,220719,391904896.0,6.21,3.65,0.64,2.1
2238,2007-06-27,18.2,18.57,18.62,17.9,233608,427122432.0,3.96,2.09,0.38,2.22
2239,2007-06-28,18.62,17.89,18.83,17.88,350392,647601536.0,5.12,-3.66,-0.68,3.33
2240,2007-06-29,17.51,17.69,18.1,17.38,208154,369467552.0,4.02,-1.12,-0.2,1.98
2241,2007-07-02,17.69,18.24,18.42,17.69,224217,405613056.0,4.13,3.11,0.55,2.13
2242,2007-07-03,18.38,18.76,19.16,18.38,246139,463875360.0,4.28,2.85,0.52,2.34
2243,2007-07-04,18.89,18.6,19.48,18.51,181582,345754432.0,5.17,-0.85,-0.16,1.72
2244,2007-07-05,18.1,17.6,18.4,17.6,138373,249187168.0,4.3,-5.38,-1.0,1.31
2245,2007-07-06,17.65,18.47,18.61,17.62,142959,258522304.0,5.63,4.94,0.87,1.36
2246,2007-07-09,18.7,19.35,19.97,18.5,366980,707193152.0,7.96,4.76,0.88,3.48
2247,2007-07-10,19.38,18.75,19.41,18.68,189305,359256096.0,3.77,-3.1,-0.6,1.8
2248,2007-07-11,18.75,18.8,19.05,18.18,147135,273819200.0,4.64,0.27,0.05,1.4
2249,2007-07-12,18.83,18.95,19.07,18.5,111200,208556320.0,3.03,0.8,0.15,1.06
2250,2007-07-13,18.96,18.9,19.05,18.68,104741,197697920.0,1.95,-0.26,-0.05,0.99
2251,2007-07-16,18.72,18.28,18.91,18.26,126156,234227536.0,3.44,-3.28,-0.62,1.2
2252,2007-07-17,18.28,18.25,18.48,17.9,105731,192494288.0,3.17,-0.16,-0.03,1.0
2253,2007-07-18,18.11,17.83,18.2,17.4,448738,794841728.0,4.38,-2.3,-0.42,4.26
2254,2007-07-19,17.75,17.34,17.75,17.1,278886,483299552.0,3.65,-2.75,-0.49,2.65
2255,2007-07-20,17.35,17.76,17.9,17.33,248300,435537088.0,3.29,2.42,0.42,2.36
2256,2007-07-23,17.75,19.54,19.54,17.75,811798,1551969152.0,10.08,10.02,1.78,7.71
2257,2007-07-24,19.8,21.0,21.49,19.8,1119364,2339415040.0,8.65,7.47,1.46,10.63
2258,2007-07-25,21.25,21.6,22.1,21.18,595656,1291219072.0,4.38,2.86,0.6,5.66
2259,2007-07-26,21.8,21.33,22.3,21.19,323218,702968512.0,5.14,-1.25,-0.27,3.07
2260,2007-07-27,21.03,22.2,22.88,20.81,490324,1071487040.0,9.7,4.08,0.87,4.66
2261,2007-07-30,22.1,24.39,24.42,22.02,532108,1268087552.0,10.81,9.86,2.19,5.05
2262,2007-07-31,24.4,23.97,25.26,23.85,393244,971562624.0,5.78,-1.72,-0.42,3.73
2263,2007-08-01,23.9,23.0,24.63,22.95,308382,729739712.0,7.01,-4.05,-0.97,2.93
2264,2007-08-02,23.4,24.79,24.98,23.4,311653,760859904.0,6.87,7.78,1.79,2.96
2265,2007-08-03,24.96,25.23,25.62,24.95,342609,869451840.0,2.7,1.77,0.44,3.25
2266,2007-08-06,25.52,26.57,27.07,25.5,218719,579409856.0,6.22,5.31,1.34,2.08
2267,2007-08-07,26.57,27.53,28.0,26.0,376382,1020938816.0,7.53,3.61,0.96,3.57
2268,2007-08-08,27.59,27.11,27.75,26.15,265517,712862784.0,5.81,-1.53,-0.42,2.52
2269,2007-08-09,27.15,29.75,29.8,27.15,254154,728927488.0,9.77,9.74,2.64,2.41
2270,2007-08-10,29.0,28.78,29.65,28.3,183817,529525600.0,4.54,-3.26,-0.97,1.75
2271,2007-08-13,28.7,27.86,28.7,27.58,273324,766057600.0,3.89,-3.2,-0.92,2.6
2272,2007-08-14,27.5,27.94,28.37,27.4,158201,438465952.0,3.48,0.29,0.08,1.5
2273,2007-08-15,27.9,28.25,28.99,27.3,166167,462981792.0,6.05,1.11,0.31,1.58
2274,2007-08-16,28.0,27.5,28.05,26.4,335508,906475776.0,5.84,-2.65,-0.75,3.19
2275,2007-08-17,26.5,26.1,27.86,25.9,295629,788136384.0,7.13,-5.09,-1.4,2.81
2276,2007-08-20,27.48,28.71,28.71,27.3,222451,627016960.0,5.4,10.0,2.61,2.11
2277,2007-08-21,29.75,30.15,31.02,28.99,307193,915419776.0,7.07,5.02,1.44,2.92
2278,2007-08-22,29.18,29.35,30.1,29.0,266607,791177984.0,3.65,-2.65,-0.8,2.53
2279,2007-08-23,29.35,30.4,30.5,29.17,213062,636323264.0,4.53,3.58,1.05,2.02
2280,2007-08-24,30.49,32.65,32.85,30.49,274694,886016384.0,7.76,7.4,2.25,2.61
2281,2007-08-27,32.8,34.45,35.52,32.8,330775,1142402944.0,8.33,5.51,1.8,3.14
2282,2007-08-29,34.7,32.99,35.5,32.72,160411,541468416.0,8.07,-4.24,-1.46,1.52
2283,2007-08-30,33.11,33.28,34.29,31.88,177077,582378176.0,7.31,0.88,0.29,1.68
2284,2007-08-31,33.55,34.4,34.9,32.5,145392,496763648.0,7.21,3.37,1.12,1.38
2285,2007-09-03,34.9,36.87,37.7,34.9,163905,595181440.0,8.14,7.18,2.47,1.56
2286,2007-09-04,36.88,35.81,37.32,35.41,111450,402832192.0,5.18,-2.87,-1.06,1.06
2287,2007-09-05,35.85,36.4,37.07,35.58,119839,435868224.0,4.16,1.65,0.59,1.14
2288,2007-09-06,36.45,36.4,37.88,36.05,114135,423764064.0,5.03,0.0,0.0,1.08
2289,2007-09-07,36.8,35.25,36.8,35.0,185394,661813568.0,4.95,-3.16,-1.15,1.76
2290,2007-09-10,34.5,35.82,35.87,33.8,125353,437395584.0,5.87,1.62,0.57,1.19
2291,2007-09-11,35.62,33.68,36.53,33.6,139511,493655616.0,8.18,-5.97,-2.14,1.32
2292,2007-09-12,33.5,33.78,34.98,33.3,125910,426868736.0,4.99,0.3,0.1,1.2
2293,2007-09-13,34.0,35.39,35.8,33.55,168002,580925120.0,6.66,4.77,1.61,1.6
2294,2007-09-14,35.55,36.3,37.45,34.75,308598,1121946368.0,7.63,2.57,0.91,2.93
2295,2007-09-17,36.09,38.2,38.5,35.61,300212,1106209152.0,7.96,5.23,1.9,2.85
2296,2007-09-18,38.17,36.25,38.17,35.4,288215,1043262720.0,7.25,-5.1,-1.95,2.74
2297,2007-09-19,35.85,34.75,36.3,33.9,252140,876304384.0,6.62,-4.14,-1.5,2.39
2298,2007-09-20,34.9,34.48,35.68,34.37,150723,526366208.0,3.77,-0.78,-0.27,1.43
2299,2007-09-21,34.5,33.3,34.92,32.0,274572,902549824.0,8.47,-3.42,-1.18,2.61
2300,2007-09-24,33.4,34.2,34.52,32.3,159543,533332960.0,6.67,2.7,0.9,1.52
2301,2007-09-25,34.79,33.15,34.8,33.0,77393,262258160.0,5.26,-3.07,-1.05,0.73
2302,2007-09-26,32.7,33.1,34.0,32.5,97785,326716096.0,4.52,-0.15,-0.05,0.93
2303,2007-09-27,33.1,34.2,34.5,33.0,106066,360119136.0,4.53,3.32,1.1,1.01
2304,2007-09-28,34.52,36.0,36.45,34.52,203235,725472576.0,5.64,5.26,1.8,1.93
2305,2007-10-08,38.25,37.5,38.6,37.06,376243,1426592512.0,4.28,4.17,1.5,3.57
2306,2007-10-09,37.5,36.1,37.62,35.7,274428,997136832.0,5.12,-3.73,-1.4,2.61
2307,2007-10-18,35.2,34.59,35.31,33.13,402653,1386546688.0,6.04,-4.18,-1.51,3.14
2308,2007-10-19,35.2,33.2,35.2,33.08,214357,732826304.0,6.13,-4.02,-1.39,1.67
2309,2007-10-22,32.51,32.9,33.25,31.68,121626,396753536.0,4.73,-0.9,-0.3,0.95
2310,2007-10-23,32.78,33.4,33.47,31.8,166731,540590656.0,5.08,1.52,0.5,1.3
2311,2007-10-24,33.78,32.25,33.8,32.01,166711,551320320.0,5.36,-3.44,-1.15,1.3
2312,2007-10-25,31.32,30.12,31.5,29.89,214150,650426176.0,4.99,-6.6,-2.13,1.67
2313,2007-10-26,29.6,30.2,32.02,29.41,142751,435317088.0,8.67,0.27,0.08,1.11
2314,2007-10-29,30.28,32.1,32.29,30.28,168084,524200448.0,6.66,6.29,1.9,1.31
2315,2007-10-30,32.0,32.6,32.6,31.08,182978,584375168.0,4.74,1.56,0.5,1.43
2316,2007-10-31,32.29,31.21,32.98,31.0,341688,1078989696.0,6.07,-4.26,-1.39,2.67
2317,2007-11-01,31.22,29.12,31.41,28.96,416141,1234861056.0,7.85,-6.7,-2.09,3.25
2318,2007-11-02,28.5,27.19,28.5,26.91,320331,887190656.0,5.46,-6.63,-1.93,2.5
2319,2007-11-05,27.21,27.51,28.4,27.0,156929,434021568.0,5.15,1.18,0.32,1.22
2320,2007-11-06,27.65,27.7,28.4,27.6,108026,302045952.0,2.91,0.69,0.19,0.84
2321,2007-11-07,28.2,26.6,28.2,26.18,110600,296667072.0,7.29,-3.97,-1.1,0.86
2322,2007-11-08,26.52,24.63,26.52,24.6,139101,352330528.0,7.22,-7.41,-1.97,1.09
2323,2007-11-09,24.25,24.12,25.25,24.0,286927,701854592.0,5.08,-2.07,-0.51,2.24
2324,2007-11-12,23.6,23.2,24.03,21.72,301135,686179264.0,9.58,-3.81,-0.92,2.35
2325,2007-11-13,23.7,23.0,24.5,22.84,420118,995677824.0,7.16,-0.86,-0.2,3.28
2326,2007-11-14,23.9,25.18,25.18,23.5,343563,830058944.0,7.3,9.48,2.18,2.68
2327,2007-11-15,24.8,24.41,25.48,24.34,216778,538847232.0,4.53,-3.06,-0.77,1.69
2328,2007-11-16,24.0,23.65,24.2,23.45,114128,270330560.0,3.07,-3.11,-0.76,0.89
2329,2007-11-19,23.89,24.4,24.83,23.89,140595,342838880.0,3.97,3.17,0.75,1.1
2330,2007-11-20,24.2,26.75,26.84,24.0,388389,999805824.0,11.64,9.63,2.35,3.03
2331,2007-11-21,26.76,26.26,27.89,26.25,281656,762940736.0,6.13,-1.83,-0.49,2.2
2332,2007-11-22,25.7,26.6,27.51,25.09,220260,581020800.0,9.22,1.29,0.34,1.72
2333,2007-11-23,26.35,27.04,27.35,25.86,173940,465427136.0,5.6,1.65,0.44,1.36
2334,2007-11-26,27.32,26.26,27.87,26.2,124828,338371808.0,6.18,-2.88,-0.78,0.97
2335,2007-11-27,25.68,25.97,26.7,25.68,101529,265058784.0,3.88,-1.1,-0.29,0.79
2336,2007-11-28,26.11,25.01,26.44,24.58,136728,345654176.0,7.16,-3.7,-0.96,1.07
2337,2007-11-29,25.47,25.35,25.87,24.16,219748,546882880.0,6.84,1.36,0.34,1.72
2338,2007-11-30,25.35,24.44,25.4,24.38,148814,369053920.0,4.02,-3.59,-0.91,1.16
2339,2007-12-03,24.33,24.8,25.5,24.1,78972,197243312.0,5.73,1.47,0.36,0.62
2340,2007-12-04,24.9,26.38,26.4,24.9,233856,606087936.0,6.05,6.37,1.58,1.83
2341,2007-12-05,26.38,28.8,29.02,26.0,487408,1369327104.0,11.45,9.17,2.42,3.8
2342,2007-12-06,28.88,28.45,29.2,28.09,171625,489793024.0,3.85,-1.22,-0.35,1.34
2343,2007-12-07,28.55,29.32,30.38,28.55,196522,583230848.0,6.43,3.06,0.87,1.53
2344,2007-12-10,28.64,29.74,30.55,28.64,168317,502002272.0,6.51,1.43,0.42,1.31
2345,2007-12-11,29.79,29.35,29.9,28.51,166398,481662464.0,4.67,-1.31,-0.39,1.3
2346,2007-12-12,29.18,28.91,29.99,28.5,233000,681114368.0,5.08,-1.5,-0.44,1.82
2347,2007-12-13,28.99,27.01,29.3,27.01,307599,848723584.0,7.92,-6.57,-1.9,2.4
2348,2007-12-14,26.7,27.95,28.04,26.28,146006,397676896.0,6.52,3.48,0.94,1.14
2349,2007-12-17,27.98,27.1,28.05,26.96,169762,462159840.0,3.9,-3.04,-0.85,1.32
2350,2007-12-18,26.95,27.25,27.49,26.42,138605,371070496.0,3.95,0.55,0.15,1.08
2351,2007-12-19,27.61,29.12,29.16,27.61,220136,630379520.0,5.69,6.86,1.87,1.72
2352,2007-12-20,29.16,29.05,29.46,28.85,185457,539754176.0,2.09,-0.24,-0.07,1.45
2353,2007-12-21,28.9,29.4,29.68,28.65,179012,524099712.0,3.55,1.2,0.35,1.4
2354,2007-12-24,29.0,28.9,29.4,28.24,352704,1017187328.0,3.95,-1.7,-0.5,2.75
2355,2007-12-25,28.93,29.8,30.51,28.9,312154,930828224.0,5.57,3.11,0.9,2.44
2356,2007-12-26,29.96,29.73,30.44,29.1,174189,517140416.0,4.5,-0.23,-0.07,1.36
2357,2007-12-27,29.7,30.18,30.5,29.4,207436,622265344.0,3.7,1.51,0.45,1.62
2358,2008-01-02,30.01,29.38,30.05,28.65,253289,735492160.0,4.64,-2.65,-0.8,1.98
2359,2008-01-03,29.0,30.5,30.54,28.03,306954,899328768.0,8.54,3.81,1.12,2.4
2360,2008-01-04,30.56,30.42,31.08,30.31,331290,1018203264.0,2.52,-0.26,-0.08,2.59
2361,2008-01-07,30.35,30.82,31.28,29.8,248851,768164800.0,4.87,1.31,0.4,1.94
2362,2008-01-08,30.85,30.73,32.06,30.3,251380,795180224.0,5.71,-0.29,-0.09,1.96
2363,2008-01-09,30.5,30.68,31.3,30.08,261844,803040000.0,3.97,-0.16,-0.05,2.04
2364,2008-01-10,30.9,31.5,32.2,30.9,297915,945058752.0,4.24,2.67,0.82,2.33
2365,2008-01-11,31.38,30.85,31.87,30.66,153792,476831264.0,3.84,-2.06,-0.65,1.2
2366,2008-01-14,30.88,30.6,31.15,30.38,212164,651693568.0,2.5,-0.81,-0.25,1.66
2367,2008-01-15,30.78,31.0,31.55,30.48,194114,601871936.0,3.5,1.31,0.4,1.51
2368,2008-01-16,30.4,29.09,30.6,29.0,229954,682796160.0,5.16,-6.16,-1.91,1.79
2369,2008-01-17,28.75,27.05,29.06,26.89,417215,1152753664.0,7.46,-7.01,-2.04,3.26
2370,2008-01-18,27.3,26.65,27.36,26.1,530917,1405273600.0,4.66,-1.48,-0.4,4.14
2371,2008-01-21,26.87,24.9,26.99,24.88,328970,853497472.0,7.92,-6.57,-1.75,2.57
2372,2008-01-22,23.99,23.21,24.69,22.7,590029,1383244672.0,7.99,-6.79,-1.69,4.6
2373,2008-01-23,23.75,24.44,24.62,23.18,306855,735521280.0,6.2,5.3,1.23,2.39
2374,2008-01-24,24.75,24.0,24.9,23.48,244879,589487040.0,5.81,-1.8,-0.44,1.91
2375,2008-01-25,24.08,24.15,24.92,23.3,336985,805974080.0,6.75,0.63,0.15,2.63
2376,2008-01-28,24.0,21.77,24.0,21.74,286547,644244096.0,9.36,-9.86,-2.38,2.24
2377,2008-01-29,21.56,21.3,22.38,21.0,218347,472424544.0,6.34,-2.16,-0.47,1.7
2378,2008-01-30,21.85,21.82,22.36,21.25,289379,632735488.0,5.21,2.44,0.52,2.26
2379,2008-01-31,21.82,22.36,23.0,21.55,297300,671527424.0,6.65,2.47,0.54,2.32
2380,2008-02-01,22.42,22.28,22.8,21.13,160309,354924736.0,7.47,-0.36,-0.08,1.25
2381,2008-02-04,23.12,24.51,24.51,23.1,220858,532871360.0,6.33,10.01,2.23,1.72
2382,2008-02-05,25.0,25.02,25.71,24.46,259486,657150592.0,5.1,2.08,0.51,2.03
2383,2008-02-13,24.6,24.47,25.01,24.21,116786,287045504.0,3.2,-2.2,-0.55,0.91
2384,2008-02-14,24.6,25.3,25.63,24.6,120260,303471168.0,4.21,3.39,0.83,0.94
2385,2008-02-15,24.98,25.8,26.08,24.45,183139,461508256.0,6.44,1.98,0.5,1.43
2386,2008-02-18,25.78,25.68,26.26,24.78,210058,541270848.0,5.74,-0.47,-0.12,1.64
2387,2008-02-19,25.68,26.55,26.75,25.01,177606,467060416.0,6.78,3.39,0.87,1.39
2388,2008-02-20,26.75,25.7,27.1,25.6,155918,411658240.0,5.65,-3.2,-0.85,1.22
2389,2008-02-21,25.21,25.9,26.29,25.12,156641,404395840.0,4.55,0.78,0.2,1.22
2390,2008-02-22,25.6,24.43,25.88,23.9,243171,599037120.0,7.64,-5.68,-1.47,1.9
2391,2008-02-25,24.45,24.22,24.89,23.68,140117,340470336.0,4.95,-0.86,-0.21,1.09
2392,2008-02-26,25.3,23.8,25.68,22.81,244696,589309824.0,11.85,-1.73,-0.42,1.91
2393,2008-02-27,24.06,24.44,24.7,23.96,116595,284152512.0,3.11,2.69,0.64,0.91
2394,2008-02-28,24.5,26.14,26.8,24.2,424514,1085425280.0,10.64,6.96,1.7,3.31
2395,2008-02-29,25.8,25.98,26.77,25.65,176998,461700480.0,4.28,-0.61,-0.16,1.38
2396,2008-03-03,25.6,26.2,26.32,25.02,256966,659231168.0,5.0,0.85,0.22,2.01
2397,2008-03-04,26.0,25.0,26.12,24.77,227480,575326592.0,5.15,-4.58,-1.2,1.78
2398,2008-03-05,24.8,23.61,24.81,22.68,339006,799880384.0,8.52,-5.56,-1.39,2.65
2399,2008-03-06,23.85,23.69,24.1,23.0,151459,359191264.0,4.66,0.34,0.08,1.18
2400,2008-03-07,23.3,23.29,23.81,23.0,100744,235202768.0,3.42,-1.69,-0.4,0.79
2401,2008-03-10,23.11,21.8,23.11,21.58,241508,533516736.0,6.57,-6.4,-1.49,1.88
2402,2008-03-11,21.2,21.7,22.1,21.2,130631,282099744.0,4.13,-0.46,-0.1,1.02
2403,2008-03-12,22.6,21.35,22.79,21.01,235725,516645088.0,8.2,-1.61,-0.35,1.84
2404,2008-03-13,21.1,20.45,21.29,20.1,195153,402279072.0,5.57,-4.22,-0.9,1.52
2405,2008-03-14,20.21,20.09,20.35,19.63,147641,295068608.0,3.52,-1.76,-0.36,1.15
2406,2008-03-17,19.85,18.78,19.9,18.78,163523,313092768.0,5.57,-6.52,-1.31,1.28
2407,2008-03-18,18.49,17.9,19.28,17.51,154670,282839104.0,9.42,-4.69,-0.88,1.21
2408,2008-03-19,18.6,18.88,19.18,18.05,221123,412749088.0,6.31,5.47,0.98,1.73
2409,2008-03-20,18.5,19.93,20.2,17.94,206513,395465984.0,11.97,5.56,1.05,1.61
2410,2008-03-21,20.0,20.88,21.34,19.8,222253,459068992.0,7.73,4.77,0.95,1.73
2411,2008-03-24,21.2,19.36,21.45,19.34,195892,401294656.0,10.11,-7.28,-1.52,1.53
2412,2008-03-25,18.9,20.27,20.41,18.6,159957,317450240.0,9.35,4.7,0.91,1.25
2413,2008-03-26,20.2,20.3,21.1,20.2,155632,322412416.0,4.44,0.15,0.03,1.21
2414,2008-03-27,19.7,19.55,20.09,19.01,136119,266851216.0,5.32,-3.69,-0.75,1.06
2415,2008-03-28,19.31,20.3,20.52,18.56,189381,369069952.0,10.03,3.84,0.75,1.48
2416,2008-03-31,19.4,19.4,19.9,19.18,103858,202881680.0,3.55,-4.43,-0.9,0.81
2417,2008-04-01,19.39,18.19,19.7,18.0,134399,249267408.0,8.76,-6.24,-1.21,1.05
2418,2008-04-02,18.51,18.6,19.5,17.77,215087,402122720.0,9.51,2.25,0.41,1.68
2419,2008-04-03,18.51,20.3,20.46,18.3,323003,637385792.0,11.61,9.14,1.7,2.52
2420,2008-04-07,20.1,21.08,21.54,19.8,277483,581564992.0,8.57,3.84,0.78,2.17
2421,2008-04-08,20.9,20.92,21.4,20.48,171406,360497152.0,4.36,-0.76,-0.16,1.34
2422,2008-04-09,20.94,21.2,22.13,20.69,431994,928045696.0,6.88,1.34,0.28,3.37
2423,2008-04-10,20.78,21.61,21.71,20.32,184125,387125952.0,6.56,1.93,0.41,1.44
2424,2008-04-11,21.7,21.19,22.05,20.86,199631,429519808.0,5.51,-1.94,-0.42,1.56
2425,2008-04-14,20.58,19.33,20.68,19.17,166352,329761472.0,7.13,-8.78,-1.86,1.3
2426,2008-04-15,18.8,18.97,19.0,17.4,267282,481069024.0,8.28,-1.86,-0.36,2.09
2427,2008-04-16,18.67,18.0,18.75,17.88,193254,353025088.0,4.59,-5.11,-0.97,1.51
2428,2008-04-17,18.08,17.66,18.61,17.19,182381,323187456.0,7.89,-1.89,-0.34,1.42
2429,2008-04-18,17.6,16.96,17.66,16.91,136608,235694400.0,4.25,-3.96,-0.7,1.07
2430,2008-04-21,18.3,17.0,18.4,16.8,288728,499285376.0,9.43,0.24,0.04,2.25
2431,2008-04-22,16.68,17.45,17.6,16.02,167635,278652256.0,9.29,2.65,0.45,1.31
2432,2008-04-23,17.05,18.72,18.98,16.98,275376,501617632.0,11.46,7.28,1.27,2.15
2433,2008-04-24,20.59,20.59,20.59,20.3,336810,691992768.0,1.55,9.99,1.87,2.63
2434,2008-04-25,20.9,21.1,22.38,20.4,392099,841239680.0,9.62,2.48,0.51,3.06
2435,2008-04-28,20.77,20.55,21.6,20.51,157150,329646400.0,5.17,-2.61,-0.55,1.23
2436,2008-04-29,20.55,20.61,21.45,20.5,167224,351131872.0,4.62,0.29,0.06,1.31
2437,2008-04-30,20.66,21.5,21.7,20.66,315177,675222400.0,5.05,4.32,0.89,2.46
2438,2008-05-05,22.0,22.39,22.64,21.85,242686,538758528.0,3.67,4.14,0.89,1.89
2439,2008-05-06,22.4,22.28,22.7,21.7,261346,582642368.0,4.47,-0.49,-0.11,2.04
2440,2008-05-07,22.26,21.05,22.7,21.05,221623,488521440.0,7.41,-5.52,-1.23,1.73
2441,2008-05-08,20.75,21.35,21.62,20.39,159355,336072096.0,5.84,1.43,0.3,1.24
2442,2008-05-09,21.52,21.93,22.48,21.33,243776,532173024.0,5.39,2.72,0.58,1.9
2443,2008-05-12,21.57,22.1,22.52,21.27,170124,377229248.0,5.7,0.78,0.17,1.33
2444,2008-05-13,21.49,22.62,23.35,21.3,284603,648526016.0,9.28,2.35,0.52,2.22
2445,2008-05-14,22.88,22.8,23.2,22.31,162966,371108128.0,3.93,0.8,0.18,1.27
2446,2008-05-15,22.95,23.59,23.86,22.95,265051,622967552.0,3.99,3.46,0.79,2.07
2447,2008-05-16,23.55,23.6,24.2,23.4,236319,563787328.0,3.39,0.04,0.01,1.84
2448,2008-05-19,23.45,22.94,23.8,22.8,120382,279265344.0,4.24,-2.8,-0.66,0.94
2449,2008-05-20,23.09,21.61,23.36,21.48,137688,309333376.0,8.2,-5.8,-1.33,1.07
2450,2008-05-21,21.4,22.58,22.58,20.7,126851,270886176.0,8.7,4.49,0.97,0.99
2451,2008-05-22,22.1,21.78,22.5,21.5,159329,348811712.0,4.43,-3.54,-0.8,1.24
2452,2008-05-23,21.51,21.07,21.86,21.0,82318,175081568.0,3.95,-3.26,-0.71,0.64
2453,2008-05-26,20.85,19.8,20.87,19.77,125330,252365968.0,5.22,-6.03,-1.27,0.98
2454,2008-05-27,19.85,19.9,20.19,19.58,67715,134602576.0,3.08,0.51,0.1,0.53
2455,2008-05-28,20.0,20.59,20.73,19.56,58827,118943792.0,5.88,3.47,0.69,0.46
2456,2008-05-29,20.38,20.19,20.58,19.89,61789,124580504.0,3.35,-1.94,-0.4,0.48
2457,2008-05-30,20.11,20.52,20.75,19.95,57062,116131904.0,3.96,1.63,0.33,0.45
2458,2008-06-02,20.5,20.53,20.75,19.9,36537,74639624.0,4.14,0.05,0.01,0.29
2459,2008-06-03,20.5,20.86,21.1,20.35,86949,181027904.0,3.65,1.61,0.33,0.68
2460,2008-06-04,20.79,20.0,20.93,19.93,135099,274202464.0,4.79,-4.12,-0.86,1.05
2461,2008-06-05,20.0,19.65,20.1,19.0,64056,125530576.0,5.5,-1.75,-0.35,0.5
2462,2008-06-06,19.7,19.65,20.3,19.6,68024,135733728.0,3.56,0.0,0.0,0.53
2463,2008-06-10,18.98,17.9,18.98,17.69,78037,141615248.0,6.56,-8.91,-1.75,0.61
2464,2008-06-11,17.85,17.28,17.93,17.1,86903,151075136.0,4.64,-3.46,-0.62,0.68
2465,2008-06-13,17.28,16.81,17.6,16.8,90229,155102304.0,4.63,-2.72,-0.47,0.7
2466,2008-06-16,16.88,16.7,17.28,16.5,69075,116683896.0,4.64,-0.65,-0.11,0.54
2467,2008-06-17,16.72,16.15,17.15,15.96,72380,119001496.0,7.13,-3.29,-0.55,0.56
2468,2008-06-18,16.0,17.03,17.09,15.51,118332,195702352.0,9.78,5.45,0.88,0.92
2469,2008-06-19,16.9,15.33,16.9,15.33,144892,230002176.0,9.22,-9.98,-1.7,1.13
2470,2008-06-20,15.39,14.47,16.0,13.98,331015,489540288.0,13.18,-5.61,-0.86,2.58
2471,2008-06-23,14.24,13.41,14.24,13.38,210590,292007328.0,5.94,-7.33,-1.06,1.64
2472,2008-06-24,13.45,13.69,13.85,13.12,199148,270961536.0,5.44,2.09,0.28,1.55
2473,2008-06-25,13.7,14.7,14.75,13.7,252616,358518528.0,7.67,7.38,1.01,1.97
2474,2008-06-26,14.75,14.92,15.03,14.31,221294,326045120.0,4.9,1.5,0.22,1.73
2475,2008-06-27,13.7,13.5,13.75,13.26,204421,275445888.0,3.28,-9.52,-1.42,1.6
2476,2008-06-30,13.3,13.03,13.59,12.91,130245,172306224.0,5.04,-3.48,-0.47,1.02
2477,2008-07-01,13.18,12.3,13.25,12.2,174184,217594496.0,8.06,-5.6,-0.73,1.36
2478,2008-07-02,12.34,12.2,12.4,11.9,208797,253266064.0,4.07,-0.81,-0.1,1.63
2479,2008-07-03,11.85,12.65,12.97,11.7,223089,276215552.0,10.41,3.69,0.45,1.74
2480,2008-07-04,12.45,12.25,12.88,12.01,164224,204736400.0,6.88,-3.16,-0.4,1.28
2481,2008-07-07,12.35,13.48,13.48,12.32,431866,571048960.0,9.47,10.04,1.23,3.37
2482,2008-07-08,13.69,13.59,13.87,13.15,404165,547631424.0,5.34,0.82,0.11,3.15
2483,2008-07-09,13.79,14.5,14.79,13.7,474888,672922816.0,8.02,6.7,0.91,3.71
2484,2008-07-10,14.2,14.05,14.65,13.94,278455,396333408.0,4.9,-3.1,-0.45,2.17
2485,2008-07-11,13.95,13.74,14.05,13.41,226934,308898272.0,4.56,-2.21,-0.31,1.77
2486,2008-07-14,13.56,14.03,14.05,13.56,141530,196391536.0,3.57,2.11,0.29,1.1
2487,2008-07-15,14.06,13.32,14.19,13.19,240271,328284768.0,7.13,-5.06,-0.71,1.88
2488,2008-07-16,13.1,12.67,13.14,12.34,229415,291806432.0,6.01,-4.88,-0.65,1.79
2489,2008-07-17,12.91,12.42,12.99,12.38,159127,201403216.0,4.81,-1.97,-0.25,1.24
2490,2008-07-18,12.78,12.78,12.98,12.34,156705,198443472.0,5.15,2.9,0.36,1.22
2491,2008-07-21,12.73,13.35,13.55,12.59,183124,240906976.0,7.51,4.46,0.57,1.43
2492,2008-07-22,13.29,13.29,13.45,13.15,106826,142154096.0,2.25,-0.45,-0.06,0.83
2493,2008-07-23,13.46,13.24,13.63,13.2,185765,249127680.0,3.24,-0.38,-0.05,1.45
2494,2008-07-24,13.4,13.7,13.84,13.31,224284,305341664.0,4.0,3.47,0.46,1.75
2495,2008-07-25,13.5,13.29,13.59,13.19,179708,240324800.0,2.92,-2.99,-0.41,1.4
2496,2008-07-28,13.44,13.39,13.66,13.3,108300,145747344.0,2.71,0.75,0.1,0.85
2497,2008-07-29,13.16,12.86,13.16,12.6,220467,282142944.0,4.18,-3.96,-0.53,1.72
2498,2008-07-30,13.17,12.97,13.22,12.7,212591,275460128.0,4.04,0.86,0.11,1.66
2499,2008-07-31,13.09,12.5,13.09,12.48,112682,142597424.0,4.7,-3.62,-0.47,0.88
2500,2008-08-01,12.3,12.46,12.58,12.02,149134,183300080.0,4.48,-0.32,-0.04,1.16
2501,2008-08-04,12.33,11.81,12.33,11.7,173279,207028992.0,5.06,-5.22,-0.65,1.35
2502,2008-08-05,11.63,10.85,11.88,10.7,380756,425464704.0,9.99,-8.13,-0.96,2.97
2503,2008-08-06,10.96,10.76,11.11,10.57,166514,179937904.0,4.98,-0.83,-0.09,1.3
2504,2008-08-07,10.76,10.7,11.0,10.52,153946,165061264.0,4.46,-0.56,-0.06,1.2
2505,2008-08-08,10.7,10.06,10.74,10.01,180991,186405280.0,6.82,-5.98,-0.64,1.41
2506,2008-08-11,10.04,9.8,10.2,9.62,171404,170471360.0,5.77,-2.58,-0.26,1.34
2507,2008-08-12,9.9,10.29,10.37,9.81,230806,233884912.0,5.71,5.0,0.49,1.8
2508,2008-08-13,10.13,10.3,10.42,9.88,146455,148297024.0,5.25,0.1,0.01,1.14
2509,2008-08-14,10.18,10.13,10.33,10.0,83455,84700096.0,3.2,-1.65,-0.17,0.65
2510,2008-08-15,10.24,10.21,10.47,10.08,184722,189473936.0,3.85,0.79,0.08,1.44
2511,2008-08-18,10.24,9.55,10.25,9.54,131628,129076432.0,6.95,-6.46,-0.66,1.03
2512,2008-08-19,9.36,9.74,9.83,9.28,98692,95278152.0,5.76,1.99,0.19,0.77
2513,2008-08-20,9.63,10.54,10.62,9.52,235228,242667856.0,11.29,8.21,0.8,1.84
2514,2008-08-21,10.3,10.08,10.49,10.0,171764,174603504.0,4.65,-4.36,-0.46,1.34
2515,2008-08-22,10.01,9.96,10.09,9.75,117323,116340696.0,3.37,-1.19,-0.12,0.92
2516,2008-08-25,9.94,9.84,10.04,9.66,42824,42344092.0,3.82,-1.2,-0.12,0.33
2517,2008-08-26,9.65,9.37,9.65,9.28,124534,118093472.0,3.76,-4.78,-0.47,0.97
2518,2008-08-27,9.37,9.05,9.5,8.78,210140,189442640.0,7.68,-3.42,-0.32,1.64
2519,2008-08-28,9.12,9.07,9.2,8.92,245078,221300624.0,3.09,0.22,0.02,1.91
2520,2008-08-29,9.07,9.39,9.55,8.95,273966,252781824.0,6.62,3.53,0.32,2.14
2521,2008-09-01,9.19,9.02,9.23,8.97,148826,135152224.0,2.77,-3.94,-0.37,1.16
2522,2008-09-02,8.97,9.0,9.12,8.86,69400,62379444.0,2.88,-0.22,-0.02,0.54
2523,2008-09-03,8.99,8.79,9.05,8.65,161779,142207616.0,4.44,-2.33,-0.21,1.26
2524,2008-09-04,8.75,8.81,8.93,8.72,108060,95324912.0,2.39,0.23,0.02,0.84
2525,2008-09-05,8.53,8.61,8.67,8.49,118187,101611904.0,2.04,-2.27,-0.2,0.92
2526,2008-09-08,8.6,8.51,8.66,8.45,74279,63316752.0,2.44,-1.16,-0.1,0.58
2527,2008-09-09,8.55,8.74,8.8,8.5,88247,76526608.0,3.53,2.7,0.23,0.69
2528,2008-09-10,8.66,8.72,8.95,8.5,88073,77093728.0,5.15,-0.23,-0.02,0.69
2529,2008-09-11,8.68,8.2,8.7,8.14,154366,129216200.0,6.42,-5.96,-0.52,1.2
2530,2008-09-12,8.21,8.19,8.34,8.15,67808,55860108.0,2.32,-0.12,-0.01,0.53
2531,2008-09-16,8.2,8.01,8.2,7.94,134229,107576696.0,3.17,-2.2,-0.18,1.05
2532,2008-09-17,8.01,7.7,8.11,7.6,166655,129953792.0,6.37,-3.87,-0.31,1.3
2533,2008-09-18,7.58,7.51,7.63,7.0,190982,139585760.0,8.18,-2.47,-0.19,1.49
2534,2008-09-19,8.26,8.26,8.26,8.04,142821,117683048.0,2.93,9.99,0.75,1.11
2535,2008-09-22,8.76,8.34,9.05,7.97,1015730,854728000.0,13.08,0.97,0.08,7.93
2536,2008-09-23,8.0,7.89,8.29,7.71,318606,254017776.0,6.95,-5.4,-0.45,2.49
2537,2008-09-24,7.82,7.98,8.14,7.63,241927,190655440.0,6.46,1.14,0.09,1.89
2538,2008-09-25,8.0,8.71,8.76,7.9,640344,541955072.0,10.78,9.15,0.73,5.0
2539,2008-09-26,8.67,8.8,8.98,8.51,412950,360848192.0,5.4,1.03,0.09,3.22
2540,2008-10-06,8.49,7.92,8.49,7.92,403416,327735680.0,6.48,-10.0,-0.88,3.15
2541,2008-10-07,7.6,7.74,7.94,7.42,243858,187232896.0,6.57,-2.27,-0.18,1.9
2542,2008-10-08,7.45,7.38,7.56,7.28,245558,181881872.0,3.62,-4.65,-0.36,1.92
2543,2008-10-09,7.5,7.1,7.55,7.01,245586,178281040.0,7.32,-3.79,-0.28,1.92
2544,2008-10-10,6.75,6.5,6.75,6.39,377209,246763424.0,5.07,-8.45,-0.6,2.94
2545,2008-10-13,6.42,6.64,6.65,6.17,261848,167962128.0,7.38,2.15,0.14,2.04
2546,2008-10-14,6.91,6.55,6.99,6.55,398382,269318368.0,6.63,-1.36,-0.09,3.11
2547,2008-10-15,6.41,6.63,6.73,6.37,203529,132551400.0,5.5,1.22,0.08,1.59
2548,2008-10-16,6.33,6.2,6.49,6.2,211287,134010240.0,4.37,-6.49,-0.43,1.65
2549,2008-10-17,6.27,6.32,6.34,6.15,154009,96503552.0,3.06,1.94,0.12,1.2
2550,2008-10-20,6.32,6.53,6.6,6.16,196908,125741048.0,6.96,3.32,0.21,1.54
2551,2008-10-21,6.58,6.52,6.72,6.42,255125,167570096.0,4.59,-0.15,-0.01,1.99
2552,2008-10-22,6.35,6.28,6.47,6.28,171479,108892088.0,2.91,-3.68,-0.24,1.34
2553,2008-10-23,6.14,6.27,6.33,6.1,192511,118789768.0,3.66,-0.16,-0.01,1.5
2554,2008-10-24,6.32,6.08,6.39,5.99,249355,153500624.0,6.38,-3.03,-0.19,1.95
2555,2008-10-27,5.9,5.47,5.93,5.47,374226,210127296.0,7.57,-10.03,-0.61,2.92
2556,2008-10-28,5.31,5.51,5.6,5.26,335776,182485728.0,6.22,0.73,0.04,2.62
2557,2008-10-29,5.67,5.6,5.85,5.58,358578,204443536.0,4.9,1.63,0.09,2.8
2558,2008-10-30,5.64,5.84,6.01,5.53,396321,229770336.0,8.57,4.29,0.24,3.09
2559,2008-10-31,5.77,5.63,5.8,5.59,203383,115489600.0,3.6,-3.6,-0.21,1.59
2560,2008-11-03,5.59,5.61,5.78,5.55,152305,86035576.0,4.09,-0.36,-0.02,1.19
2561,2008-11-04,5.58,5.39,5.6,5.31,194908,105774232.0,5.17,-3.92,-0.22,1.52
2562,2008-11-05,5.43,5.71,5.82,5.43,325288,185009536.0,7.24,5.94,0.32,2.54
2563,2008-11-06,5.51,5.83,5.94,5.45,412621,235327840.0,8.58,2.1,0.12,3.22
2564,2008-11-07,5.65,5.81,5.93,5.6,233710,135274048.0,5.66,-0.34,-0.02,1.82
2565,2008-11-10,6.03,6.39,6.39,6.0,569958,360359168.0,6.71,9.98,0.58,4.45
2566,2008-11-11,6.45,6.62,6.9,6.39,799822,533043264.0,7.98,3.6,0.23,6.24
2567,2008-11-12,6.45,6.75,6.77,6.42,395502,261038560.0,5.29,1.96,0.13,3.09
2568,2008-11-13,6.61,7.25,7.34,6.6,752622,526110080.0,10.96,7.41,0.5,5.87
2569,2008-11-14,7.4,7.35,7.4,7.07,749684,543195200.0,4.55,1.38,0.1,5.85
2570,2008-11-17,7.29,7.37,7.38,7.1,542845,392227104.0,3.81,0.27,0.02,4.24
2571,2008-11-18,7.35,6.63,7.35,6.63,606910,419695200.0,9.77,-10.04,-0.74,4.74
2572,2008-11-19,6.59,7.04,7.1,6.48,494908,335126848.0,9.35,6.18,0.41,3.86
2573,2008-11-20,6.8,6.85,7.11,6.68,490644,337453344.0,6.11,-2.7,-0.19,3.83
2574,2008-11-21,6.65,7.05,7.18,6.41,676610,461678592.0,11.24,2.92,0.2,5.28
2575,2008-11-24,7.08,6.72,7.1,6.7,327803,226761056.0,5.67,-4.68,-0.33,2.56
2576,2008-11-25,6.86,6.7,6.92,6.58,197373,132721960.0,5.06,-0.3,-0.02,1.54
2577,2008-11-26,6.71,7.1,7.26,6.64,516671,365866592.0,9.25,5.97,0.4,4.03
2578,2008-11-27,7.7,7.31,7.78,7.3,550404,415642624.0,6.76,2.96,0.21,4.3
2579,2008-11-28,7.21,7.32,7.55,7.15,367229,271188448.0,5.47,0.14,0.01,2.87
2580,2008-12-01,7.24,7.13,7.24,6.79,384691,270007520.0,6.15,-2.6,-0.19,3.0
2581,2008-12-02,6.88,6.97,7.07,6.81,265016,184176512.0,3.65,-2.24,-0.16,2.07
2582,2008-12-03,7.03,7.38,7.47,6.99,393011,284461984.0,6.89,5.88,0.41,2.17
2583,2008-12-04,7.46,7.88,8.12,7.45,993830,790097664.0,9.08,6.78,0.5,5.5
2584,2008-12-05,7.91,7.96,8.07,7.68,483151,381871424.0,4.95,1.02,0.08,2.67
2585,2008-12-08,8.06,8.2,8.2,7.88,720423,580342784.0,4.02,3.02,0.24,3.98
2586,2008-12-09,8.31,8.12,8.42,8.05,532754,438545984.0,4.51,-0.98,-0.08,2.95
2587,2008-12-10,8.07,8.14,8.19,7.7,522530,416908416.0,6.03,0.25,0.02,2.89
2588,2008-12-11,8.1,7.85,8.11,7.78,279213,222038112.0,4.05,-3.56,-0.29,1.54
2589,2008-12-12,7.73,7.34,7.73,7.19,355190,265338752.0,6.88,-6.5,-0.51,1.96
2590,2008-12-15,7.56,7.4,7.61,7.31,197587,147525200.0,4.09,0.82,0.06,1.09
2591,2008-12-16,7.36,7.56,7.6,7.21,144268,106250056.0,5.27,2.16,0.16,0.8
2592,2008-12-17,7.6,7.65,7.82,7.53,259144,200278688.0,3.84,1.19,0.09,1.43
2593,2008-12-18,7.66,7.89,7.91,7.55,276611,214503248.0,4.71,3.14,0.24,1.53
2594,2008-12-19,7.89,7.92,8.12,7.83,296027,237417216.0,3.68,0.38,0.03,1.64
2595,2008-12-22,7.9,7.7,7.93,7.56,242540,187433440.0,4.67,-2.78,-0.22,1.34
2596,2008-12-23,7.78,7.17,7.78,7.15,412479,300669696.0,8.18,-6.88,-0.53,2.28
2597,2008-12-24,7.09,7.03,7.19,6.95,226112,159347568.0,3.35,-1.95,-0.14,1.25
2598,2008-12-25,7.1,7.04,7.13,6.91,106019,74641776.0,3.13,0.14,0.01,0.59
2599,2008-12-26,7.07,7.01,7.1,6.95,114097,80006376.0,2.13,-0.43,-0.03,0.63
2600,2008-12-29,6.93,7.05,7.07,6.71,119210,82316168.0,5.14,0.57,0.04,0.66
2601,2008-12-30,7.03,6.9,7.08,6.7,190421,130805104.0,5.39,-2.13,-0.15,1.05
2602,2008-12-31,6.89,6.95,7.03,6.85,153943,106542112.0,2.61,0.72,0.05,0.85
2603,2009-01-05,7.22,7.52,7.54,7.16,353937,258664192.0,5.47,8.2,0.57,1.96
2604,2009-01-06,7.46,7.9,7.95,7.41,502021,390751424.0,7.18,5.05,0.38,2.78
2605,2009-01-07,7.88,7.79,8.15,7.76,332492,264539280.0,4.94,-1.39,-0.11,1.84
2606,2009-01-08,7.63,7.47,7.65,7.39,212028,159230736.0,3.34,-4.11,-0.32,1.17
2607,2009-01-09,7.45,7.58,7.62,7.44,156203,117913760.0,2.41,1.47,0.11,0.86
2608,2009-01-12,7.5,7.49,7.64,7.39,206043,154473056.0,3.3,-1.19,-0.09,1.14
2609,2009-01-13,7.42,7.4,7.7,7.34,280150,210330224.0,4.81,-1.2,-0.09,1.55
2610,2009-01-14,7.4,7.69,7.74,7.4,302846,229388224.0,4.59,3.92,0.29,1.67
2611,2009-01-15,7.54,7.63,7.78,7.5,340487,260179200.0,3.64,-0.78,-0.06,1.88
2612,2009-01-16,7.72,7.8,7.97,7.71,370493,292165504.0,3.41,2.23,0.17,2.05
2613,2009-01-19,7.88,7.97,8.06,7.8,391830,311609472.0,3.33,2.18,0.17,2.17
2614,2009-01-20,7.97,8.15,8.24,7.9,420111,341141792.0,4.27,2.26,0.18,2.32
2615,2009-01-21,7.79,7.91,8.11,7.69,423084,335083648.0,5.15,-2.94,-0.24,2.34
2616,2009-01-22,7.92,7.78,7.95,7.58,482460,373436096.0,4.68,-1.64,-0.13,2.67
2617,2009-01-23,7.71,7.93,8.03,7.67,426387,337205120.0,4.63,1.93,0.15,2.36
2618,2009-02-02,8.05,7.95,8.09,7.9,157827,125959768.0,2.4,0.25,0.02,0.87
2619,2009-02-03,7.95,8.09,8.1,7.82,285504,228339488.0,3.52,1.76,0.14,1.58
2620,2009-02-04,8.12,8.43,8.45,8.12,383517,318594304.0,4.08,4.2,0.34,2.12
2621,2009-02-05,8.43,8.46,8.99,8.32,566554,491703264.0,7.95,0.36,0.03,3.13
2622,2009-02-09,8.95,8.89,9.06,8.65,615713,547961920.0,4.85,5.08,0.43,3.41
2623,2009-02-10,8.89,8.98,9.06,8.57,530305,466618496.0,5.51,1.01,0.09,2.93
2624,2009-02-11,8.78,8.72,9.09,8.67,648053,573202944.0,4.68,-2.9,-0.26,3.58
2625,2009-02-12,8.76,8.41,8.88,8.22,745344,628700160.0,7.57,-3.56,-0.31,4.12
2626,2009-02-13,8.42,8.8,8.82,8.25,685334,585320256.0,6.78,4.64,0.39,3.79
2627,2009-02-16,8.82,9.6,9.68,8.81,1151958,1061339392.0,9.89,9.09,0.8,6.37
2628,2009-02-17,9.57,9.01,9.57,8.98,842857,773998912.0,6.15,-6.15,-0.59,4.66
2629,2009-02-18,8.78,8.4,8.84,8.38,521350,449191776.0,5.11,-6.77,-0.61,2.88
2630,2009-02-19,8.53,8.65,8.86,8.5,516281,447875200.0,4.29,2.98,0.25,2.86
2631,2009-02-20,8.68,8.78,8.8,8.53,308076,267244976.0,3.12,1.5,0.13,1.7
2632,2009-02-23,8.75,8.9,8.96,8.52,419518,366943456.0,5.01,1.37,0.12,2.32
2633,2009-02-24,8.73,8.38,8.92,8.31,554453,476404736.0,6.85,-5.84,-0.52,3.07
2634,2009-02-25,8.45,8.23,8.52,7.97,429007,351341888.0,6.56,-1.79,-0.15,2.37
2635,2009-02-26,8.23,7.89,8.34,7.81,275539,223161488.0,6.44,-4.13,-0.34,1.52
2636,2009-02-27,7.86,7.45,7.87,7.39,319375,240894320.0,6.08,-5.58,-0.44,1.77
2637,2009-03-02,7.41,7.53,7.59,7.34,187286,140661440.0,3.36,1.07,0.08,1.04
2638,2009-03-03,7.4,7.54,7.71,7.18,300065,223904640.0,7.04,0.13,0.01,1.66
2639,2009-03-04,7.5,7.95,8.03,7.44,438504,341382880.0,7.82,5.44,0.41,2.43
2640,2009-03-05,8.06,7.93,8.1,7.78,445253,354076448.0,4.03,-0.25,-0.02,2.46
2641,2009-03-06,7.78,7.79,7.96,7.71,281821,220957440.0,3.15,-1.77,-0.14,1.56
2642,2009-03-09,7.82,7.47,7.92,7.43,260733,200209184.0,6.29,-4.11,-0.32,1.44
2643,2009-03-10,7.4,7.54,7.55,7.28,373802,276243552.0,3.61,0.94,0.07,2.07
2644,2009-03-11,7.67,7.57,7.94,7.49,384713,297339328.0,5.97,0.4,0.03,2.13
2645,2009-03-12,7.5,7.48,7.52,7.31,246413,182051504.0,2.77,-1.19,-0.09,1.36
2646,2009-03-13,7.53,7.37,7.58,7.37,182525,136121840.0,2.81,-1.47,-0.11,1.01
2647,2009-03-16,7.4,7.56,7.6,7.37,199084,149088464.0,3.12,2.58,0.19,1.1
2648,2009-03-17,7.6,7.81,7.84,7.6,361546,280293440.0,3.17,3.31,0.25,2.0
2649,2009-03-18,7.82,7.95,8.15,7.82,546734,439868480.0,4.23,1.79,0.14,3.02
2650,2009-03-19,7.98,8.0,8.06,7.82,372376,296208352.0,3.02,0.63,0.05,2.06
2651,2009-03-20,8.0,8.27,8.37,8.0,588001,484404832.0,4.63,3.38,0.27,3.25
2652,2009-03-23,8.39,8.49,8.66,8.39,630121,537827008.0,3.26,2.66,0.22,3.48
2653,2009-03-24,8.66,8.58,8.77,8.45,479573,411119360.0,3.77,1.06,0.09,2.65
2654,2009-03-25,8.5,8.19,8.52,8.19,382561,317696384.0,3.85,-4.55,-0.39,2.12
2655,2009-03-26,8.17,8.35,8.37,8.04,345236,284049984.0,4.03,1.95,0.16,1.91
2656,2009-03-27,8.47,8.69,9.0,8.4,890294,775299264.0,7.19,4.07,0.34,4.92
2657,2009-03-30,8.67,8.4,8.67,8.3,403923,341071936.0,4.26,-3.34,-0.29,2.23
2658,2009-03-31,8.19,8.24,8.31,8.1,340789,279611232.0,2.5,-1.9,-0.16,1.88
2659,2009-04-01,8.31,8.4,8.48,8.25,372061,311868224.0,2.79,1.94,0.16,2.06
2660,2009-04-02,8.49,8.54,8.64,8.45,448550,383177920.0,2.26,1.67,0.14,2.48
2661,2009-04-03,8.63,8.58,8.69,8.38,498670,425179360.0,3.63,0.47,0.04,2.76
2662,2009-04-07,8.63,8.6,8.83,8.51,414440,358809952.0,3.73,0.23,0.02,2.29
2663,2009-04-08,8.56,8.23,8.57,8.23,402894,337858496.0,3.95,-4.3,-0.37,2.23
2664,2009-04-09,8.21,8.41,8.43,8.16,257509,213053600.0,3.28,2.19,0.18,1.42
2665,2009-04-10,8.48,8.5,8.52,8.3,349147,294506368.0,2.62,1.07,0.09,1.93
2666,2009-04-13,8.53,8.97,9.07,8.5,1083902,955935360.0,6.71,5.53,0.47,5.99
2667,2009-04-14,8.99,9.17,9.35,8.98,741189,680947392.0,4.12,2.23,0.2,4.1
2668,2009-04-15,9.11,9.18,9.35,9.0,576740,528732992.0,3.82,0.11,0.01,3.19
2669,2009-04-16,9.19,9.4,9.8,9.08,835922,784492416.0,7.84,2.4,0.22,4.62
2670,2009-04-17,9.4,8.96,9.4,8.91,519478,472616384.0,5.21,-4.68,-0.44,2.87
2671,2009-04-20,8.91,9.16,9.2,8.82,281321,255248928.0,4.24,2.23,0.2,1.56
2672,2009-04-21,8.98,9.01,9.18,8.83,321537,289905696.0,3.82,-1.64,-0.15,1.78
2673,2009-04-22,9.07,8.68,9.15,8.62,400698,358575232.0,5.88,-3.66,-0.33,2.22
2674,2009-04-23,8.6,8.63,8.75,8.49,272583,234218208.0,3.0,-0.58,-0.05,1.51
2675,2009-04-24,8.64,8.62,8.72,8.55,260792,224889328.0,1.97,-0.12,-0.01,1.44
2676,2009-04-27,8.59,8.5,8.63,8.3,324167,274039488.0,3.83,-1.39,-0.12,1.79
2677,2009-04-28,8.28,8.2,8.42,8.09,327284,269039936.0,3.88,-3.53,-0.3,1.81
2678,2009-04-29,8.18,8.46,8.49,8.12,235681,196639456.0,4.51,3.17,0.26,1.3
2679,2009-04-30,8.56,8.69,8.83,8.45,249539,215818208.0,4.49,2.72,0.23,1.38
2680,2009-05-04,8.75,9.39,9.5,8.75,619415,573691008.0,8.63,8.06,0.7,3.43
2681,2009-05-05,9.48,9.29,9.68,9.22,509136,480608000.0,4.9,-1.06,-0.1,2.82
2682,2009-05-06,9.35,9.82,9.98,9.34,754652,728843136.0,6.89,5.71,0.53,4.17
2683,2009-05-07,9.93,9.89,10.36,9.67,790663,793901632.0,7.03,0.71,0.07,4.37
2684,2009-05-08,9.78,10.1,10.15,9.63,341151,339240896.0,5.26,2.12,0.21,1.89
2685,2009-05-11,10.11,10.33,10.6,10.07,588419,610007936.0,5.25,2.28,0.23,3.25
2686,2009-05-12,10.05,10.27,10.45,9.81,325910,329885088.0,6.2,-0.58,-0.06,1.8
2687,2009-05-13,10.27,10.38,10.52,10.06,445323,459400288.0,4.48,1.07,0.11,2.46
2688,2009-05-14,10.1,10.0,10.24,9.9,255513,255474912.0,3.28,-3.66,-0.38,1.41
2689,2009-05-15,10.0,9.82,10.1,9.73,173459,171273760.0,3.7,-1.8,-0.18,0.96
2690,2009-05-18,9.73,10.05,10.11,9.54,262892,259652944.0,5.8,2.34,0.23,1.45
2691,2009-05-19,10.15,10.19,10.5,10.11,361062,370866752.0,3.88,1.39,0.14,2.0
2692,2009-05-20,10.27,10.39,10.57,10.07,558849,582572032.0,4.91,1.96,0.2,3.09
2693,2009-05-21,10.2,9.85,10.39,9.84,275867,277428064.0,5.29,-5.2,-0.54,1.53
2694,2009-05-22,9.84,9.86,10.19,9.58,219039,216568352.0,6.19,0.1,0.01,1.21
2695,2009-05-25,9.66,9.85,9.92,9.46,144628,140188224.0,4.67,-0.1,-0.01,0.8
2696,2009-05-26,9.8,9.59,9.9,9.58,224798,217533968.0,3.25,-2.64,-0.26,1.24
2697,2009-05-27,9.62,9.82,9.87,9.52,248823,242486352.0,3.65,2.4,0.23,1.38
2698,2009-06-01,9.87,10.69,10.8,9.81,462621,480068064.0,10.08,8.86,0.87,2.56
2699,2009-06-02,10.8,11.02,11.3,10.6,532121,585617344.0,6.55,3.09,0.33,2.94
2700,2009-06-03,11.3,11.55,11.66,10.95,420408,477900640.0,6.44,4.81,0.53,2.33
2701,2009-06-04,11.4,12.06,12.58,11.35,505547,609908288.0,10.65,4.42,0.51,2.8
2702,2009-06-05,12.08,12.09,12.85,11.95,432215,538329216.0,7.46,0.25,0.03,2.39
2703,2009-06-08,12.09,12.04,12.52,11.85,291292,351907872.0,5.54,-0.41,-0.05,1.61
2704,2009-06-09,12.05,11.93,12.25,11.62,243402,289045472.0,5.23,-0.91,-0.11,1.35
2705,2009-06-10,11.93,12.5,12.69,11.78,385619,475315648.0,7.63,4.78,0.57,2.13
2706,2009-06-11,12.23,12.0,12.45,11.87,279349,338172096.0,4.64,-4.0,-0.5,1.54
2707,2009-06-15,11.6,11.6,11.8,11.19,422265,484373728.0,5.08,-3.33,-0.4,2.34
2708,2009-06-16,11.47,11.68,11.99,11.42,374425,440732160.0,4.91,0.69,0.08,2.07
2709,2009-06-17,11.67,11.9,11.95,11.3,350885,406765920.0,5.57,1.88,0.22,1.94
2710,2009-06-18,11.8,11.97,12.08,11.7,283882,338432768.0,3.19,0.59,0.07,1.57
2711,2009-06-19,12.0,11.91,12.15,11.68,184984,220540640.0,3.93,-0.5,-0.06,1.02
2712,2009-06-22,11.91,12.39,12.65,11.91,385264,476217696.0,6.21,4.03,0.48,2.13
2713,2009-06-23,12.2,13.2,13.53,12.1,647015,833201344.0,11.54,6.54,0.81,3.58
2714,2009-06-24,13.39,14.18,14.2,13.27,690430,961125888.0,7.05,7.42,0.98,3.82
2715,2009-06-26,13.97,13.69,14.3,13.58,359457,500478976.0,5.08,-3.46,-0.49,1.99
2716,2009-06-29,13.64,13.6,13.88,13.28,220093,299248576.0,4.38,-0.66,-0.09,1.22
2717,2009-06-30,13.62,13.19,13.75,13.06,225441,300540960.0,5.07,-3.01,-0.41,1.25
2718,2009-07-01,13.19,14.25,14.25,13.15,358999,498099712.0,8.34,8.04,1.06,1.99
2719,2009-07-02,14.26,14.15,14.55,13.83,487682,687370944.0,5.05,-0.7,-0.1,2.7
2720,2009-07-03,14.0,14.12,14.32,13.73,255168,356922496.0,4.17,-0.21,-0.03,1.41
2721,2009-07-06,14.02,14.72,15.28,14.02,431639,634058176.0,8.92,4.25,0.6,2.39
2722,2009-07-07,14.72,14.72,15.15,14.6,313946,465697760.0,3.74,0.0,0.0,1.74
2723,2009-07-08,14.58,14.39,14.84,13.98,280205,402180384.0,5.84,-2.24,-0.33,1.55
2724,2009-07-09,14.39,14.4,15.0,14.16,361044,521692160.0,5.84,0.07,0.01,2.0
2725,2009-07-10,14.35,14.05,14.35,13.85,415004,581740928.0,3.47,-2.43,-0.35,2.3
2726,2009-07-13,14.05,13.95,14.25,13.9,269141,378565056.0,2.49,-0.71,-0.1,1.49
2727,2009-07-14,14.07,14.27,14.46,14.02,261787,373908224.0,3.15,2.29,0.32,1.45
2728,2009-07-15,14.45,14.46,14.97,14.26,427115,626559552.0,4.98,1.33,0.19,2.36
2729,2009-07-16,14.5,14.7,14.9,14.26,303697,441257408.0,4.43,1.66,0.24,1.68
2730,2009-07-17,14.68,14.98,15.0,14.5,363863,539532416.0,3.4,1.9,0.28,2.01
2731,2009-07-20,15.1,15.31,15.7,15.02,347958,534846880.0,4.54,2.2,0.33,1.92
2732,2009-07-21,15.31,14.7,15.35,14.6,278319,418575744.0,4.9,-3.98,-0.61,1.54
2733,2009-07-22,14.65,14.97,15.31,14.57,251854,378912160.0,5.03,1.84,0.27,1.39
2734,2009-07-23,14.85,14.74,14.88,14.25,297197,432253952.0,4.21,-1.54,-0.23,1.64
2735,2009-07-24,14.75,14.69,14.8,14.26,356329,517101888.0,3.66,-0.34,-0.05,1.97
2736,2009-07-27,14.7,15.55,15.63,14.7,426109,650967168.0,6.33,5.85,0.86,2.36
2737,2009-07-28,15.62,17.11,17.11,15.25,591096,970666048.0,11.96,10.03,1.56,3.27
2738,2009-07-29,17.2,16.48,17.99,15.98,573127,981389760.0,11.75,-3.68,-0.63,3.17
2739,2009-07-30,16.69,16.98,17.9,16.69,623627,1079573632.0,7.34,3.03,0.5,3.45
2740,2009-07-31,17.39,17.35,17.59,16.65,309733,531588352.0,5.54,2.18,0.37,1.71
2741,2009-08-03,17.71,18.9,18.98,17.63,501269,918245696.0,7.78,8.93,1.55,2.77
2742,2009-08-04,18.8,18.5,19.3,18.3,369570,690793728.0,5.29,-2.12,-0.4,2.04
2743,2009-08-05,18.45,17.59,18.45,17.18,398033,702858752.0,6.86,-4.92,-0.91,2.2
2744,2009-08-06,17.49,16.9,17.49,16.42,353788,594590336.0,6.08,-3.92,-0.69,1.96
2745,2009-08-07,16.85,16.1,17.1,16.07,326841,539343232.0,6.09,-4.73,-0.8,1.81
2746,2009-08-10,16.29,16.3,16.5,15.8,275619,445978848.0,4.35,1.24,0.2,1.52
2747,2009-08-11,16.45,16.23,16.7,15.93,268429,438864224.0,4.72,-0.43,-0.07,1.48
2748,2009-08-12,16.2,15.59,16.22,15.38,385150,604379392.0,5.18,-3.94,-0.64,2.13
2749,2009-08-13,15.5,15.95,15.95,15.1,275140,430209312.0,5.45,2.31,0.36,1.52
2750,2009-08-14,15.9,15.44,16.1,15.4,165019,258918320.0,4.39,-3.2,-0.51,0.91
2751,2009-08-17,15.01,13.9,15.18,13.9,248173,358782944.0,8.29,-9.97,-1.54,1.37
2752,2009-08-18,13.6,14.13,14.4,13.6,434859,610717568.0,5.76,1.65,0.23,2.41
2753,2009-08-19,14.01,13.25,14.02,12.76,403961,533689696.0,8.92,-6.23,-0.88,2.23
2754,2009-08-20,13.3,13.71,13.79,13.15,325799,438828064.0,4.83,3.47,0.46,1.8
2755,2009-08-21,13.71,14.14,14.68,13.47,339267,482645312.0,8.83,3.14,0.43,1.88
2756,2009-08-24,14.15,14.19,14.45,13.74,297036,419168992.0,5.02,0.35,0.05,1.64
2757,2009-08-25,14.0,14.0,14.0,12.77,406345,538172480.0,8.67,-1.34,-0.19,2.25
2758,2009-08-26,13.32,13.81,14.08,13.16,291873,400153408.0,6.57,-1.36,-0.19,1.61
2759,2009-08-27,13.55,13.4,14.05,13.2,310218,421776832.0,6.15,-2.97,-0.41,1.72
2760,2009-08-28,13.27,12.31,13.49,12.21,493750,616953344.0,9.55,-8.13,-1.09,2.73
2761,2009-08-31,12.0,11.08,12.1,11.08,553018,621938624.0,8.29,-9.99,-1.23,3.06
2762,2009-09-01,11.08,11.36,11.49,10.95,610250,685031232.0,4.87,2.53,0.28,3.38
2763,2009-09-02,11.06,11.3,11.55,10.99,287950,324541120.0,4.93,-0.53,-0.06,1.59
2764,2009-09-03,11.35,12.43,12.43,11.18,417475,500151200.0,11.06,10.0,1.13,2.31
2765,2009-09-04,12.3,12.26,12.66,12.08,402278,496082976.0,4.67,-1.37,-0.17,2.22
2766,2009-09-07,12.36,12.23,12.78,12.13,366092,456427072.0,5.3,-0.24,-0.03,2.02
2767,2009-09-08,12.2,13.02,13.11,11.85,485276,606510848.0,10.3,6.46,0.79,2.68
2768,2009-09-09,13.03,13.57,13.7,12.95,515558,688547776.0,5.76,4.22,0.55,2.85
2769,2009-09-10,13.3,13.5,14.09,13.2,355000,487314016.0,6.56,-0.52,-0.07,1.96
2770,2009-09-11,13.4,13.76,13.95,13.29,277438,379343776.0,4.89,1.93,0.26,1.53
2771,2009-09-14,13.9,13.7,13.94,13.5,300013,411241696.0,3.2,-0.44,-0.06,1.66
2772,2009-09-15,13.8,13.98,14.3,13.15,514407,704896000.0,8.39,2.04,0.28,2.85
2773,2009-09-16,13.7,13.52,13.75,13.18,366245,494034976.0,4.08,-3.29,-0.46,2.03
2774,2009-09-17,13.54,13.6,13.84,13.5,319072,435396576.0,2.51,0.59,0.08,1.76
2775,2009-09-21,12.77,12.91,12.95,12.25,408302,513434304.0,5.15,-5.07,-0.69,2.26
2776,2009-09-22,12.8,12.29,12.92,12.2,288992,362262976.0,5.58,-4.8,-0.62,1.6
2777,2009-09-23,12.36,12.09,12.5,11.7,264785,319965184.0,6.51,-1.63,-0.2,1.46
2778,2009-09-24,11.82,11.84,12.1,11.5,204019,241578272.0,4.96,-2.07,-0.25,1.13
2779,2009-09-25,11.68,11.6,11.8,11.5,159910,186445520.0,2.53,-2.03,-0.24,0.88
2780,2009-09-28,11.67,11.15,11.95,11.12,203959,234323584.0,7.16,-3.88,-0.45,1.13
2781,2009-09-29,11.25,11.05,11.28,10.78,259863,285539200.0,4.48,-0.9,-0.1,1.44
2782,2009-09-30,11.14,11.34,11.45,11.07,178449,201920960.0,3.44,2.62,0.29,0.99
2783,2009-10-09,11.75,12.11,12.15,11.63,236875,283620448.0,4.59,6.79,0.77,1.31
2784,2009-10-12,12.0,12.0,12.21,11.64,282609,335507168.0,4.71,-0.91,-0.11,1.56
2785,2009-10-13,11.99,12.41,12.44,11.88,343480,422912608.0,4.67,3.42,0.41,1.9
2786,2009-10-14,12.41,12.6,12.84,12.27,333225,420679072.0,4.59,1.53,0.19,1.84
2787,2009-10-15,12.68,12.91,13.16,12.68,266275,346221568.0,3.81,2.46,0.31,1.47
2788,2009-10-16,12.97,12.93,13.1,12.5,192442,246231616.0,4.65,0.15,0.02,1.06
2789,2009-10-19,12.8,13.56,13.84,12.74,343842,460324576.0,8.51,4.87,0.63,1.9
2790,2009-10-20,13.58,13.46,13.6,13.33,219000,294871680.0,1.99,-0.74,-0.1,1.21
2791,2009-10-21,13.48,13.58,13.78,13.23,238136,323131104.0,4.09,0.89,0.12,1.32
2792,2009-10-22,13.43,13.35,13.59,13.18,191768,256707904.0,3.02,-1.69,-0.23,1.06
2793,2009-10-23,13.36,13.51,13.76,13.35,189748,257409776.0,3.07,1.2,0.16,1.05
2794,2009-10-26,13.5,13.6,13.8,13.43,215453,293070112.0,2.74,0.67,0.09,1.19
2795,2009-10-27,13.44,13.04,13.53,12.95,245300,327630368.0,4.26,-4.12,-0.56,1.36
2796,2009-10-28,12.79,13.0,13.15,12.44,277109,356307008.0,5.44,-0.31,-0.04,1.53
2797,2009-10-29,12.53,12.4,12.58,12.37,242692,302452320.0,1.62,-4.62,-0.6,1.34
2798,2009-10-30,12.6,12.46,12.71,12.42,156760,197196400.0,2.34,0.48,0.06,0.87
2799,2009-11-02,12.0,12.63,12.7,11.8,192567,236948320.0,7.22,1.36,0.17,1.07
2800,2009-11-03,12.66,12.78,13.0,12.51,245578,314192224.0,3.88,1.19,0.15,1.36
2801,2009-11-04,12.77,13.03,13.31,12.63,460056,595657856.0,5.32,1.96,0.25,2.54
2802,2009-11-05,13.07,13.19,13.22,12.78,364979,473712288.0,3.38,1.23,0.16,2.02
2803,2009-11-06,13.3,13.35,13.75,13.22,421188,568657408.0,4.02,1.21,0.16,2.33
2804,2009-11-09,13.4,13.65,13.95,13.32,329044,450149632.0,4.72,2.25,0.3,1.82
2805,2009-11-10,13.8,13.85,14.3,13.8,434134,610058112.0,3.66,1.47,0.2,2.4
2806,2009-11-11,13.9,13.92,14.17,13.65,246834,344576800.0,3.75,0.51,0.07,1.37
2807,2009-11-12,13.99,14.18,14.46,13.99,385205,550177792.0,3.38,1.87,0.26,2.13
2808,2009-11-13,14.18,13.98,14.29,13.51,310514,430995488.0,5.5,-1.41,-0.2,1.72
2809,2009-11-16,14.09,14.66,14.7,13.91,379734,546051200.0,5.65,4.86,0.68,2.1
2810,2009-11-17,14.8,14.55,15.1,14.5,325745,481892672.0,4.09,-0.75,-0.11,1.8
2811,2009-11-18,14.59,14.45,14.69,14.2,205395,296184064.0,3.37,-0.69,-0.1,1.14
2812,2009-11-19,14.5,14.56,14.64,14.25,201167,290397600.0,2.7,0.76,0.11,1.11
2813,2009-11-20,14.4,14.38,14.64,14.22,310235,448209376.0,2.88,-1.24,-0.18,1.72
2814,2009-11-23,14.36,14.75,14.76,14.3,414379,602986816.0,3.2,2.57,0.37,2.29
2815,2009-11-24,14.81,14.5,15.67,14.4,633529,962363584.0,8.61,-1.69,-0.25,3.5
2816,2009-11-25,14.53,15.36,15.36,14.3,307805,455701536.0,7.31,5.93,0.86,1.7
2817,2009-11-26,15.39,14.9,15.59,14.7,445292,676316544.0,5.79,-2.99,-0.46,2.46
2818,2009-11-27,14.5,13.82,14.64,13.7,254559,361316096.0,6.31,-7.25,-1.08,1.41
2819,2009-11-30,13.97,14.38,14.4,13.8,272564,385040320.0,4.34,4.05,0.56,1.51
2820,2009-12-01,14.24,14.92,14.92,14.06,224241,327852384.0,5.98,3.76,0.54,1.24
2821,2009-12-02,14.91,14.75,14.97,14.68,168235,249599120.0,1.94,-1.14,-0.17,0.93
2822,2009-12-03,14.79,15.0,15.26,14.52,252806,377817216.0,5.02,1.69,0.25,1.4
2823,2009-12-04,15.0,15.27,15.52,14.6,287915,436217344.0,6.13,1.8,0.27,1.59
2824,2009-12-07,15.28,15.82,16.0,15.16,350512,549876800.0,5.5,3.6,0.55,1.94
2825,2009-12-08,15.9,15.66,16.05,15.46,259894,406298976.0,3.73,-1.01,-0.16,1.44
2826,2009-12-09,15.44,15.66,15.85,15.26,223327,350108160.0,3.77,0.0,0.0,1.24
2827,2009-12-10,15.91,15.9,16.22,15.54,312479,496261056.0,4.34,1.53,0.24,1.73
2828,2009-12-11,16.1,15.84,16.2,15.81,163770,261435088.0,2.45,-0.38,-0.06,0.91
2829,2009-12-14,15.85,16.12,16.12,15.41,210875,331816832.0,4.48,1.77,0.28,1.17
2830,2009-12-15,16.07,15.99,16.2,15.87,150119,240660464.0,2.05,-0.81,-0.13,0.83
2831,2009-12-16,15.85,15.36,15.96,15.28,172111,268222832.0,4.25,-3.94,-0.63,0.95
2832,2009-12-17,15.37,14.58,15.37,14.55,223985,333494016.0,5.34,-5.08,-0.78,1.24
2833,2009-12-18,14.4,14.65,15.1,14.23,207111,305360160.0,5.97,0.48,0.07,1.15
2834,2009-12-21,14.79,14.69,14.95,14.52,117562,173375856.0,2.94,0.27,0.04,0.65
2835,2009-12-22,14.8,13.9,14.85,13.88,127483,182828256.0,6.6,-5.38,-0.79,0.71
2836,2009-12-23,13.88,14.05,14.18,13.7,115277,160224416.0,3.45,1.08,0.15,0.64
2837,2009-12-24,14.1,14.95,15.05,13.96,177161,260135904.0,7.76,6.41,0.9,0.98
2838,2009-12-25,14.95,15.1,15.45,14.84,121121,184035712.0,4.08,1.0,0.15,0.67
2839,2009-12-29,15.45,15.49,15.86,15.25,221517,344962432.0,4.04,2.58,0.39,1.23
2840,2009-12-30,15.49,16.08,16.19,15.49,316543,504497696.0,4.52,3.81,0.59,1.75
2841,2009-12-31,15.97,16.0,16.15,15.72,165694,264376704.0,2.67,-0.5,-0.08,0.92
2842,2010-01-04,16.06,15.84,16.2,15.8,87290,139249632.0,2.5,-1.0,-0.16,0.48
2843,2010-01-05,15.8,15.55,15.93,15.16,234810,363775392.0,4.86,-1.83,-0.29,1.3
2844,2010-01-06,15.56,16.0,16.25,15.28,318478,508642080.0,6.24,2.89,0.45,1.76
2845,2010-01-07,15.88,15.63,16.26,15.43,175346,279124384.0,5.19,-2.31,-0.37,0.97
2846,2010-01-08,15.48,15.28,15.58,14.96,256990,392087232.0,3.97,-2.24,-0.35,1.42
2847,2010-01-11,15.66,14.99,15.79,14.8,185040,281522304.0,6.48,-1.9,-0.29,1.02
2848,2010-01-12,14.98,15.12,15.19,14.46,285828,422108608.0,4.87,0.87,0.13,1.58
2849,2010-01-13,14.54,14.0,14.65,13.9,559561,799411264.0,4.96,-7.41,-1.12,3.09
2850,2010-01-14,14.06,13.97,14.16,13.5,664892,910878912.0,4.71,-0.21,-0.03,3.68
2851,2010-01-15,13.85,13.9,14.06,13.49,463470,636726016.0,4.08,-0.5,-0.07,2.56
2852,2010-01-18,13.78,13.86,13.89,13.64,309739,425984480.0,1.8,-0.29,-0.04,1.71
2853,2010-01-19,13.86,13.87,14.16,13.79,398085,557195712.0,2.67,0.07,0.01,2.2
2854,2010-01-20,13.94,13.15,14.0,13.1,446512,600385984.0,6.49,-5.19,-0.72,2.47
2855,2010-01-21,13.15,12.7,13.27,12.51,513450,654387520.0,5.78,-3.42,-0.45,2.84
2856,2010-01-22,12.54,12.15,12.55,11.89,689281,836375680.0,5.2,-4.33,-0.55,3.81
2857,2010-01-25,12.0,12.06,12.33,11.95,282893,344364992.0,3.13,-0.74,-0.09,1.56
2858,2010-01-26,12.07,11.78,12.15,11.6,245248,290011552.0,4.56,-2.32,-0.28,1.36
2859,2010-01-27,11.82,11.74,11.95,11.65,231131,272851488.0,2.55,-0.34,-0.04,1.28
2860,2010-01-28,11.78,11.89,12.05,11.61,305251,363403264.0,3.75,1.28,0.15,1.69
2861,2010-01-29,11.8,11.82,12.07,11.65,276501,327658432.0,3.53,-0.59,-0.07,1.53
2862,2010-02-01,11.8,11.3,11.8,11.2,273979,311036544.0,5.08,-4.4,-0.52,1.52
2863,2010-02-02,11.41,11.29,11.67,11.25,218672,251868432.0,3.72,-0.09,-0.01,1.21
2864,2010-02-03,11.4,11.9,11.96,11.18,323385,374389760.0,6.91,5.4,0.61,1.79
2865,2010-02-04,11.7,11.64,11.78,11.56,311398,363384256.0,1.85,-2.18,-0.26,1.72
2866,2010-02-05,11.3,11.19,11.4,11.05,332566,373666496.0,3.01,-3.87,-0.45,1.84
2867,2010-02-08,11.2,11.29,11.43,11.2,126387,143350336.0,2.06,0.89,0.1,0.7
2868,2010-02-09,11.29,11.45,11.45,11.26,131951,150084848.0,1.68,1.42,0.16,0.73
2869,2010-02-10,11.56,11.74,11.77,11.55,136925,159768448.0,1.92,2.53,0.29,0.76
2870,2010-02-11,11.75,12.11,12.23,11.7,372428,450173472.0,4.51,3.15,0.37,2.06
2871,2010-02-12,12.14,12.2,12.2,12.05,129205,156889840.0,1.24,0.74,0.09,0.71
2872,2010-02-22,12.2,12.16,12.35,12.06,161054,196865232.0,2.38,-0.33,-0.04,0.89
2873,2010-02-23,12.1,11.9,12.1,11.57,223722,263149712.0,4.36,-2.14,-0.26,1.24
2874,2010-02-24,11.7,12.13,12.15,11.59,211267,251997328.0,4.71,1.93,0.23,1.17
2875,2010-02-25,12.11,12.11,12.21,12.05,217238,263524928.0,1.32,-0.16,-0.02,1.2
2876,2010-02-26,12.15,11.91,12.15,11.81,211313,252568352.0,2.81,-1.65,-0.2,1.17
2877,2010-03-01,11.91,12.1,12.16,11.91,202674,244315648.0,2.1,1.6,0.19,1.12
2878,2010-03-02,12.14,12.02,12.2,11.87,201139,241743536.0,2.73,-0.66,-0.08,1.11
2879,2010-03-03,12.01,12.19,12.2,11.89,236021,285544832.0,2.58,1.41,0.17,1.31
2880,2010-03-04,12.2,11.88,12.27,11.79,210579,253013648.0,3.94,-2.54,-0.31,1.16
2881,2010-03-05,11.87,11.88,12.07,11.81,204454,244219984.0,2.19,0.0,0.0,1.13
2882,2010-03-08,11.91,12.2,12.22,11.9,254665,308808128.0,2.69,2.69,0.32,1.41
2883,2010-03-09,12.19,12.41,12.51,11.98,406106,499841888.0,4.34,1.72,0.21,2.25
2884,2010-03-10,12.43,12.45,12.72,12.32,327344,411350016.0,3.22,0.32,0.04,1.81
2885,2010-03-11,12.49,12.41,12.63,12.3,158100,197001312.0,2.65,-0.32,-0.04,0.87
2886,2010-03-12,12.47,12.4,12.8,12.3,328660,413460064.0,4.03,-0.08,-0.01,1.82
2887,2010-03-15,12.41,11.88,12.47,11.8,232981,278149664.0,5.4,-4.19,-0.52,1.29
2888,2010-03-16,11.88,11.91,12.03,11.82,121701,145034208.0,1.77,0.25,0.03,0.67
2889,2010-03-17,11.99,12.21,12.23,11.95,183160,222496784.0,2.35,2.52,0.3,1.01
2890,2010-03-18,12.24,12.12,12.42,12.08,144026,176004768.0,2.78,-0.74,-0.09,0.8
2891,2010-03-19,12.12,12.2,12.27,11.88,216891,261586256.0,3.22,0.66,0.08,1.2
2892,2010-03-22,12.21,12.04,12.21,11.97,153895,185602608.0,1.97,-1.31,-0.16,0.85
2893,2010-03-23,12.01,11.87,12.13,11.86,298163,356822464.0,2.24,-1.41,-0.17,1.65
2894,2010-03-24,11.86,11.85,12.01,11.75,216125,256420848.0,2.19,-0.17,-0.02,1.2
2895,2010-03-25,11.7,11.6,11.83,11.54,223370,260015872.0,2.45,-2.11,-0.25,1.24
2896,2010-03-26,11.56,11.59,11.69,11.39,229225,265188384.0,2.59,-0.09,-0.01,1.27
2897,2010-03-29,11.62,11.8,11.92,11.59,313207,369937888.0,2.85,1.81,0.21,1.73
2898,2010-03-30,11.85,11.76,11.88,11.69,217171,255143888.0,1.61,-0.34,-0.04,1.2
2899,2010-03-31,11.9,11.69,11.97,11.6,217034,255180736.0,3.15,-0.6,-0.07,1.2
2900,2010-04-01,11.78,11.88,11.95,11.67,341964,404420032.0,2.4,1.63,0.19,1.89
2901,2010-04-02,11.89,12.09,12.1,11.82,380115,455995712.0,2.36,1.77,0.21,2.1
2902,2010-04-06,12.14,12.07,12.3,12.0,249317,302426240.0,2.48,-0.17,-0.02,1.38
2903,2010-04-07,12.14,11.98,12.14,11.87,252451,302724416.0,2.24,-0.75,-0.09,1.4
2904,2010-04-08,11.91,11.57,11.93,11.5,396205,463115520.0,3.59,-3.42,-0.41,2.19
2905,2010-04-09,11.62,11.69,11.71,11.52,259612,301208032.0,1.64,1.04,0.12,1.44
2906,2010-04-12,11.73,11.47,11.73,11.4,242221,278478816.0,2.82,-1.88,-0.22,1.34
2907,2010-04-13,11.47,11.49,11.64,11.28,273460,313091904.0,3.14,0.17,0.02,1.51
2908,2010-04-14,11.5,11.48,11.63,11.37,288097,330778752.0,2.26,-0.09,-0.01,1.59
2909,2010-04-15,11.47,11.37,11.54,11.3,234148,267201760.0,2.09,-0.96,-0.11,1.29
2910,2010-04-16,11.41,11.19,11.42,11.14,240528,270079712.0,2.46,-1.58,-0.18,1.33
2911,2010-04-19,11.1,10.28,11.1,10.21,412295,438760288.0,7.95,-8.13,-0.91,2.28
2912,2010-04-20,10.21,10.03,10.33,9.9,409337,409950720.0,4.18,-2.43,-0.25,2.26
2913,2010-04-21,10.01,10.12,10.18,9.9,241800,242683856.0,2.79,0.9,0.09,1.34
2914,2010-04-22,10.07,9.8,10.07,9.73,367524,361031968.0,3.36,-3.16,-0.32,2.03
2915,2010-04-23,9.78,9.69,9.94,9.68,261701,255922224.0,2.65,-1.12,-0.11,1.45
2916,2010-04-26,9.73,9.55,9.81,9.52,186730,180570288.0,2.99,-1.44,-0.14,1.03
2917,2010-04-27,9.52,9.24,9.52,9.2,255382,237230032.0,3.35,-3.25,-0.31,1.41
2918,2010-04-28,9.1,9.23,9.3,9.06,278003,256004400.0,2.6,-0.11,-0.01,1.54
2919,2010-04-29,9.27,9.13,9.29,9.08,249525,229622496.0,2.28,-1.08,-0.1,1.38
2920,2010-04-30,9.23,9.51,9.52,9.17,406570,380152000.0,3.83,4.16,0.38,2.25
2921,2010-05-04,9.32,9.17,9.4,9.08,279900,258759072.0,3.36,-3.58,-0.34,1.55
2922,2010-05-05,9.02,9.2,9.2,8.93,297021,268573088.0,2.94,0.33,0.03,1.64
2923,2010-05-06,9.13,8.69,9.13,8.68,298886,266113440.0,4.89,-5.54,-0.51,1.65
2924,2010-05-07,8.5,8.43,8.58,8.29,324936,274184064.0,3.34,-2.99,-0.26,1.8
2925,2010-05-10,8.46,8.55,8.65,8.3,233400,198072928.0,4.15,1.42,0.12,1.29
2926,2010-05-11,8.69,8.39,8.79,8.36,463415,400584160.0,5.03,-1.87,-0.16,2.56
2927,2010-05-12,8.29,8.53,8.6,8.15,314068,264309792.0,5.36,1.67,0.14,1.74
2928,2010-05-13,8.6,8.7,8.7,8.41,268634,230593392.0,3.4,1.99,0.17,1.49
2929,2010-05-14,8.6,8.51,8.6,8.46,277605,236515872.0,1.61,-2.18,-0.19,1.54
2930,2010-05-17,8.38,7.92,8.38,7.92,402608,326285888.0,5.41,-6.93,-0.59,2.23
2931,2010-05-18,7.94,8.3,8.37,7.83,513354,416428288.0,6.82,4.8,0.38,2.84
2932,2010-05-19,8.16,8.11,8.33,7.99,423258,344927040.0,4.1,-2.29,-0.19,2.34
2933,2010-05-20,8.04,8.17,8.48,8.03,477759,396569856.0,5.55,0.74,0.06,2.64
2934,2010-05-21,7.95,8.53,8.57,7.91,460329,381750624.0,8.08,4.41,0.36,2.55
2935,2010-05-26,8.6,8.45,8.8,8.38,508696,436241184.0,4.92,-0.94,-0.08,2.81
2936,2010-05-27,8.48,8.59,8.68,8.23,364137,308371040.0,5.33,1.66,0.14,2.01
2937,2010-05-28,8.75,8.5,8.76,8.4,437506,375376192.0,4.19,-1.05,-0.09,2.42
2938,2010-05-31,8.45,8.18,8.49,8.18,221833,184545216.0,3.65,-3.76,-0.32,1.23
2939,2010-06-01,8.14,8.08,8.17,7.99,174544,140682976.0,2.2,-1.22,-0.1,0.97
2940,2010-06-02,8.04,8.16,8.16,7.99,123070,99363104.0,2.1,0.99,0.08,0.68
2941,2010-06-03,8.16,8.05,8.24,8.05,168082,136720400.0,2.33,-1.35,-0.11,0.93
2942,2010-06-04,7.95,7.97,8.04,7.87,261522,207780480.0,2.11,-0.99,-0.08,1.45
2943,2010-06-07,7.8,7.74,7.81,7.63,308478,237817600.0,2.26,-2.89,-0.23,1.71
2944,2010-06-08,7.7,7.68,7.77,7.6,159192,122413192.0,2.2,-0.78,-0.06,0.88
2945,2010-06-09,7.71,7.91,7.94,7.61,279447,217738752.0,4.3,2.99,0.23,1.55
2946,2010-06-10,7.81,7.69,7.83,7.65,328273,253828784.0,2.28,-2.78,-0.22,1.82
2947,2010-06-11,7.74,7.76,7.92,7.66,382062,296692608.0,3.38,0.91,0.07,2.11
2948,2010-06-17,7.81,7.71,7.84,7.7,246842,191331472.0,1.8,-0.64,-0.05,1.37
2949,2010-06-21,7.62,8.01,8.03,7.54,491836,385964896.0,6.36,3.89,0.3,2.72
2950,2010-06-22,7.92,7.94,8.05,7.89,315912,251630992.0,2.0,-0.87,-0.07,1.75
2951,2010-06-23,7.83,7.75,7.83,7.64,297456,230386192.0,2.39,-2.39,-0.19,1.65
2952,2010-06-24,7.72,7.74,7.83,7.65,160537,124367752.0,2.32,-0.13,-0.01,0.89
2953,2010-06-25,7.68,7.61,7.7,7.58,188535,143671824.0,1.55,-1.68,-0.13,1.04
2954,2010-06-28,7.59,7.64,7.67,7.58,111962,85400368.0,1.18,0.39,0.03,0.62
2955,2010-06-29,7.64,7.28,7.65,7.27,228557,170468896.0,4.97,-4.71,-0.36,1.26
2956,2010-06-30,7.19,7.18,7.27,7.1,164318,117862728.0,2.34,-1.37,-0.1,0.91
2957,2010-07-01,7.16,7.15,7.24,7.15,135621,97495128.0,1.25,-0.42,-0.03,0.75
2958,2010-07-02,7.15,7.25,7.27,7.08,186210,133761936.0,2.66,1.4,0.1,1.03
2959,2010-07-05,7.19,7.12,7.26,6.99,236327,167901136.0,3.72,-1.79,-0.13,1.31
2960,2010-07-06,7.05,7.24,7.27,7.04,205819,148086480.0,3.23,1.69,0.12,1.14
2961,2010-07-07,7.22,7.25,7.26,7.18,159457,115197928.0,1.1,0.14,0.01,0.88
2962,2010-07-08,7.29,7.24,7.33,7.21,148005,107705480.0,1.66,-0.14,-0.01,0.82
2963,2010-07-09,7.25,7.7,7.86,7.2,484836,368804352.0,9.12,6.35,0.46,2.68
2964,2010-07-12,7.66,7.74,7.83,7.56,294861,226854320.0,3.51,0.52,0.04,1.63
2965,2010-07-13,7.63,7.46,7.63,7.46,168047,126440792.0,2.2,-3.62,-0.28,0.93
2966,2010-07-14,7.47,7.48,7.63,7.42,211590,159012688.0,2.82,0.27,0.02,1.17
2967,2010-07-15,7.48,7.4,7.58,7.38,122611,91704744.0,2.67,-1.07,-0.08,0.68
2968,2010-07-16,7.35,7.57,7.66,7.34,191081,143358608.0,4.32,2.3,0.17,1.06
2969,2010-07-19,7.49,7.88,7.95,7.43,398392,309723520.0,6.87,4.1,0.31,2.2
2970,2010-07-20,7.88,8.0,8.09,7.82,431338,344091072.0,3.43,1.52,0.12,2.39
2971,2010-07-21,8.01,8.16,8.27,7.96,402686,328624096.0,3.88,2.0,0.16,2.23
2972,2010-07-22,8.13,8.39,8.42,8.13,379979,316999616.0,3.55,2.82,0.23,2.1
2973,2010-07-23,8.41,8.36,8.46,8.22,317139,265281120.0,2.86,-0.36,-0.03,1.75
2974,2010-07-26,8.36,8.31,8.39,8.14,271309,224200944.0,2.99,-0.6,-0.05,1.5
2975,2010-07-27,8.26,8.23,8.31,8.13,203752,167389648.0,2.17,-0.96,-0.08,1.13
2976,2010-07-28,8.27,8.53,8.59,8.2,348364,293179840.0,4.74,3.65,0.3,1.93
2977,2010-07-29,8.52,8.8,9.04,8.49,529951,466183680.0,6.45,3.17,0.27,2.93
2978,2010-07-30,8.82,8.8,8.84,8.63,200075,174887840.0,2.39,0.0,0.0,1.11
2979,2010-08-02,8.81,8.95,8.96,8.75,213593,189545712.0,2.39,1.7,0.15,1.18
2980,2010-08-03,9.0,8.66,9.0,8.65,235422,207656768.0,3.91,-3.24,-0.29,1.3
2981,2010-08-04,8.6,8.59,8.64,8.36,270182,229600896.0,3.23,-0.81,-0.07,1.49
2982,2010-08-05,8.55,8.38,8.57,8.3,331071,278004128.0,3.14,-2.44,-0.21,1.83
2983,2010-08-06,8.38,8.54,8.55,8.27,214291,180709776.0,3.34,1.91,0.16,1.19
2984,2010-08-09,8.56,8.57,8.6,8.41,201144,171708304.0,2.22,0.35,0.03,1.11
2985,2010-08-10,8.63,8.42,8.85,8.42,320594,277364544.0,5.02,-1.75,-0.15,1.77
2986,2010-08-11,8.35,8.4,8.52,8.32,183221,153905184.0,2.38,-0.24,-0.02,1.01
2987,2010-08-12,8.32,8.2,8.43,8.16,232228,192179456.0,3.21,-2.38,-0.2,1.28
2988,2010-08-13,8.22,8.36,8.37,8.18,185397,153851456.0,2.32,1.95,0.16,1.03
2989,2010-08-16,8.35,8.6,8.62,8.25,322789,273594240.0,4.43,2.87,0.24,1.79
2990,2010-08-17,8.66,8.66,8.75,8.52,334781,289229568.0,2.67,0.7,0.06,1.85
2991,2010-08-18,8.74,8.67,8.78,8.5,318544,275359520.0,3.23,0.12,0.01,1.76
2992,2010-08-19,8.65,8.69,8.8,8.52,370604,321519520.0,3.23,0.23,0.02,2.05
2993,2010-08-20,8.59,8.41,8.64,8.38,254393,216046352.0,2.99,-3.22,-0.28,1.41
2994,2010-08-23,8.4,8.29,8.44,8.25,177681,148133200.0,2.26,-1.43,-0.12,0.98
2995,2010-08-24,8.26,8.44,8.72,8.15,491585,416170944.0,6.88,1.81,0.15,2.72
2996,2010-08-25,8.33,8.13,8.4,8.11,329481,271288608.0,3.44,-3.67,-0.31,1.82
2997,2010-08-26,8.14,8.09,8.2,8.06,246074,199538496.0,1.72,-0.49,-0.04,1.36
2998,2010-08-27,8.09,8.11,8.16,8.04,183793,148704864.0,1.48,0.25,0.02,1.02
2999,2010-08-30,8.16,8.26,8.33,8.12,184931,152120864.0,2.59,1.85,0.15,1.02
3000,2010-08-31,8.2,8.11,8.21,8.08,273659,222294288.0,1.57,-1.82,-0.15,1.51
3001,2010-09-01,8.12,8.14,8.35,8.09,327413,269091424.0,3.21,0.37,0.03,1.81
3002,2010-09-02,8.28,8.23,8.3,8.19,222509,183194304.0,1.35,1.11,0.09,1.23
3003,2010-09-03,8.27,8.14,8.3,8.1,226830,184858176.0,2.43,-1.09,-0.09,1.25
3004,2010-09-06,8.25,8.65,8.73,8.24,784747,667535424.0,6.02,6.27,0.51,4.34
3005,2010-09-07,8.66,8.89,8.98,8.66,802339,708632960.0,3.7,2.77,0.24,4.44
3006,2010-09-08,8.81,8.76,8.82,8.67,338607,295576864.0,1.69,-1.46,-0.13,1.87
3007,2010-09-09,8.77,8.4,8.78,8.34,421460,358441408.0,5.02,-4.11,-0.36,2.33
3008,2010-09-10,8.38,8.32,8.43,8.13,323924,267912496.0,3.57,-0.95,-0.08,1.79
3009,2010-09-13,8.33,8.44,8.54,8.25,224269,188724576.0,3.49,1.44,0.12,1.24
3010,2010-09-14,8.47,8.56,8.64,8.45,289519,247299424.0,2.25,1.42,0.12,1.6
3011,2010-09-15,8.57,8.55,8.75,8.35,330044,282333504.0,4.67,-0.12,-0.01,1.83
3012,2010-09-16,8.64,8.29,8.64,8.2,236907,198570560.0,5.15,-3.04,-0.26,1.31
3013,2010-09-17,8.31,8.26,8.42,8.19,224351,186212192.0,2.77,-0.36,-0.03,1.24
3014,2010-09-20,8.3,8.27,8.38,8.17,198096,164143776.0,2.54,0.12,0.01,1.1
3015,2010-09-21,8.31,8.24,8.34,8.19,186587,154036416.0,1.81,-0.36,-0.03,1.03
3016,2010-09-27,8.26,8.3,8.38,8.17,165735,137340304.0,2.55,0.73,0.06,0.92
3017,2010-09-28,8.23,8.17,8.33,8.17,236036,194343280.0,1.93,-1.57,-0.13,1.31
3018,2010-09-29,8.18,8.16,8.27,8.15,159222,130645680.0,1.47,-0.12,-0.01,0.88
3019,2010-09-30,8.11,8.28,8.32,8.07,239652,197020032.0,3.06,1.47,0.12,1.33
3020,2010-10-08,8.37,8.58,8.75,8.31,454894,389832544.0,5.31,3.62,0.3,2.52
3021,2010-10-11,8.65,9.44,9.44,8.65,1203198,1093767040.0,9.21,10.02,0.86,6.65
3022,2010-10-12,9.4,9.43,9.62,9.13,850033,793748288.0,5.19,-0.11,-0.01,4.7
3023,2010-10-13,9.43,9.51,9.89,9.43,697050,672115712.0,4.88,0.85,0.08,3.86
3024,2010-10-14,9.58,9.58,9.85,9.46,714479,686510464.0,4.1,0.74,0.07,3.95
3025,2010-10-15,9.59,10.01,10.09,9.53,1041505,1023705344.0,5.85,4.49,0.43,5.76
3026,2010-10-18,10.07,9.84,10.69,9.83,1275984,1309149696.0,8.59,-1.7,-0.17,7.06
3027,2010-10-19,9.86,9.8,9.92,9.42,685039,658719040.0,5.08,-0.41,-0.04,3.79
3028,2010-10-20,9.51,9.47,9.66,9.3,793210,749576256.0,3.67,-3.37,-0.33,4.39
3029,2010-10-21,9.5,9.59,9.62,9.22,554332,521530688.0,4.22,1.27,0.12,3.07
3030,2010-10-22,9.53,9.36,9.53,9.32,396997,373856544.0,2.19,-2.4,-0.23,2.2
3031,2010-10-25,9.31,9.6,9.61,9.21,544742,514662944.0,4.27,2.56,0.24,3.01
3032,2010-10-26,9.64,9.53,9.84,9.5,530369,511262016.0,3.54,-0.73,-0.07,2.93
3033,2010-10-27,9.44,9.57,9.98,9.4,795639,773549504.0,6.09,0.42,0.04,4.4
3034,2010-10-28,9.5,9.41,9.77,9.39,454321,432542528.0,3.97,-1.67,-0.16,2.51
3035,2010-10-29,9.37,9.29,9.47,9.24,370437,345664832.0,2.44,-1.28,-0.12,2.05
3036,2010-11-01,9.25,9.52,9.62,9.25,472283,447727392.0,3.98,2.48,0.23,2.61
3037,2010-11-02,9.55,9.61,9.89,9.53,648605,628051584.0,3.78,0.95,0.09,3.59
3038,2010-11-03,9.65,9.31,9.66,9.31,403323,379968352.0,3.64,-3.12,-0.3,2.23
3039,2010-11-04,9.3,9.41,9.46,9.29,289811,271299776.0,1.83,1.07,0.1,1.6
3040,2010-11-05,9.56,9.49,9.65,9.41,394655,374189184.0,2.55,0.85,0.08,2.18
3041,2010-11-08,9.52,9.9,9.9,9.44,595014,572844416.0,4.85,4.32,0.41,3.29
3042,2010-11-09,9.81,9.69,9.84,9.57,556581,537817792.0,2.73,-2.12,-0.21,3.08
3043,2010-11-10,9.63,9.46,9.63,9.42,347311,329945248.0,2.17,-2.37,-0.23,1.92
3044,2010-11-11,9.42,9.51,9.69,9.39,393897,375745312.0,3.17,0.53,0.05,2.18
3045,2010-11-12,9.42,8.76,9.6,8.74,584281,537118144.0,9.04,-7.89,-0.75,3.23
3046,2010-11-15,8.76,8.72,8.85,8.56,305483,264810832.0,3.31,-0.46,-0.04,1.69
3047,2010-11-16,8.73,8.39,8.83,8.32,327059,281042816.0,5.85,-3.78,-0.33,1.81
3048,2010-11-17,8.29,8.23,8.41,8.18,236664,196552192.0,2.74,-1.91,-0.16,1.31
3049,2010-11-18,8.3,8.31,8.35,8.21,170118,141047536.0,1.7,0.97,0.08,0.94
3050,2010-11-19,8.35,8.27,8.36,7.99,360015,293518016.0,4.45,-0.48,-0.04,1.99
3051,2010-11-22,8.13,8.12,8.21,8.05,257900,209851632.0,1.93,-1.81,-0.15,1.43
3052,2010-11-23,8.06,7.76,8.07,7.71,368407,288468544.0,4.43,-4.43,-0.36,2.04
3053,2010-11-24,7.74,7.93,7.98,7.71,216979,170909616.0,3.48,2.19,0.17,1.2
3054,2010-11-25,7.96,8.12,8.14,7.88,281749,225964320.0,3.28,2.4,0.19,1.56
3055,2010-11-26,8.07,8.0,8.08,7.96,190883,153035392.0,1.48,-1.48,-0.12,1.06
3056,2010-11-29,7.99,7.9,8.0,7.86,153212,121253128.0,1.75,-1.25,-0.1,0.85
3057,2010-11-30,7.88,7.75,7.98,7.62,238887,185661440.0,4.56,-1.9,-0.15,1.32
3058,2010-12-01,7.73,7.8,7.85,7.71,135523,105555208.0,1.81,0.65,0.05,0.75
3059,2010-12-02,7.9,7.82,7.96,7.81,151805,119639240.0,1.92,0.26,0.02,0.84
3060,2010-12-03,7.82,7.83,7.87,7.74,157538,123014656.0,1.66,0.13,0.01,0.87
3061,2010-12-06,7.81,7.86,7.93,7.76,182625,143130272.0,2.17,0.38,0.03,1.01
3062,2010-12-07,7.8,7.96,8.0,7.68,211035,165158624.0,4.07,1.27,0.1,1.17
3063,2010-12-08,7.92,7.89,7.97,7.81,183700,145041456.0,2.01,-0.88,-0.07,1.02
3064,2010-12-09,7.82,7.87,8.17,7.77,228057,182218928.0,5.07,-0.25,-0.02,1.26
3065,2010-12-10,7.83,7.93,8.02,7.8,163594,129197816.0,2.8,0.76,0.06,0.9
3066,2010-12-13,7.95,8.16,8.18,7.9,277813,224243280.0,3.53,2.9,0.23,1.54
3067,2010-12-14,8.23,8.11,8.33,8.07,296970,243088752.0,3.19,-0.61,-0.05,1.64
3068,2010-12-15,8.14,8.11,8.23,8.05,223053,181380464.0,2.22,0.0,0.0,1.23
3069,2010-12-16,8.1,8.05,8.15,8.03,214411,173023904.0,1.48,-0.74,-0.06,1.19
3070,2010-12-17,8.05,8.07,8.15,8.01,162709,131387560.0,1.74,0.25,0.02,0.9
3071,2010-12-20,8.08,7.84,8.12,7.73,240117,189563408.0,4.83,-2.85,-0.23,1.33
3072,2010-12-21,7.85,8.09,8.1,7.82,260562,207803728.0,3.57,3.19,0.25,1.44
3073,2010-12-22,8.1,8.13,8.35,8.06,386687,317384128.0,3.58,0.49,0.04,2.14
3074,2010-12-23,8.11,7.99,8.18,7.96,248401,199576080.0,2.71,-1.72,-0.14,1.37
3075,2010-12-24,7.93,7.94,8.01,7.83,204610,162157504.0,2.25,-0.63,-0.05,1.13
3076,2010-12-27,7.94,7.77,8.05,7.75,214161,169471936.0,3.78,-2.14,-0.17,1.18
3077,2010-12-28,7.74,7.65,7.8,7.63,173656,134003760.0,2.19,-1.54,-0.12,0.96
3078,2010-12-29,7.65,7.67,7.75,7.65,117677,90471344.0,1.31,0.26,0.02,0.65
3079,2010-12-30,7.66,7.68,7.77,7.5,202015,153574912.0,3.52,0.13,0.01,1.12
3080,2010-12-31,7.65,7.73,7.74,7.59,205861,157959840.0,1.95,0.65,0.05,1.14
3081,2011-01-04,7.75,8.07,8.11,7.7,406015,321756096.0,5.3,4.4,0.34,2.25
3082,2011-01-05,7.98,7.98,8.08,7.9,215935,172228096.0,2.23,-1.12,-0.09,1.19
3083,2011-01-06,7.96,7.94,8.03,7.9,150467,119722544.0,1.63,-0.5,-0.04,0.83
3084,2011-01-07,7.95,8.06,8.26,7.88,372960,301161152.0,4.79,1.51,0.12,0.61
3085,2011-01-10,8.05,7.93,8.08,7.91,183336,146511504.0,2.11,-1.61,-0.13,0.3
3086,2011-01-11,7.88,8.03,8.08,7.82,151047,120159888.0,3.28,1.26,0.1,0.25
3087,2011-01-12,8.03,8.12,8.26,8.03,349631,284739808.0,2.86,1.12,0.09,0.57
3088,2011-01-13,8.15,8.06,8.17,8.03,161398,130502528.0,1.72,-0.74,-0.06,0.26
3089,2011-01-14,8.01,7.95,8.04,7.88,174856,139143632.0,1.99,-1.36,-0.11,0.28
3090,2011-01-17,7.87,7.68,7.98,7.65,171782,133782320.0,4.15,-3.4,-0.27,0.28
3091,2011-01-18,7.61,7.61,7.64,7.54,164933,125340256.0,1.3,-0.91,-0.07,0.27
3092,2011-01-19,7.62,7.71,7.74,7.55,177836,135867712.0,2.5,1.31,0.1,0.29
3093,2011-01-20,7.66,7.43,7.68,7.42,175688,132708032.0,3.37,-3.63,-0.28,0.29
3094,2011-01-21,7.43,7.56,7.68,7.4,168307,127185304.0,3.77,1.75,0.13,0.27
3095,2011-01-24,7.55,7.49,7.66,7.48,150714,113986520.0,2.38,-0.93,-0.07,0.25
3096,2011-01-25,7.54,7.62,7.75,7.51,198750,152003392.0,3.2,1.74,0.13,0.32
3097,2011-01-26,7.65,7.68,7.7,7.57,104054,79557328.0,1.71,0.79,0.06,0.17
3098,2011-01-27,7.61,7.75,7.78,7.52,167434,128465800.0,3.39,0.91,0.07,0.27
3099,2011-01-28,7.73,7.66,7.73,7.61,121749,93299272.0,1.55,-1.16,-0.09,0.2
3100,2011-01-31,7.7,7.72,7.76,7.65,163115,125924472.0,1.44,0.78,0.06,0.27
3101,2011-02-01,7.76,7.73,7.77,7.67,94859,73093648.0,1.3,0.13,0.01,0.15
3102,2011-02-09,7.68,7.66,7.74,7.64,99650,76678288.0,1.29,-0.91,-0.07,0.16
3103,2011-02-10,7.66,7.8,7.82,7.64,148250,114479528.0,2.35,1.83,0.14,0.24
3104,2011-02-11,7.78,7.82,7.89,7.76,193476,151422736.0,1.67,0.26,0.02,0.31
3105,2011-02-14,7.82,8.15,8.26,7.81,496447,401297792.0,5.75,4.22,0.33,0.81
3106,2011-02-15,8.17,8.07,8.24,8.06,221695,180749632.0,2.21,-0.98,-0.08,0.36
3107,2011-02-16,8.07,8.2,8.31,8.06,202935,166675120.0,3.1,1.61,0.13,0.33
3108,2011-02-17,8.23,8.18,8.34,8.1,215842,177178288.0,2.93,-0.24,-0.02,0.35
3109,2011-02-18,8.15,8.07,8.17,8.03,174479,141159888.0,1.71,-1.34,-0.11,0.28
3110,2011-02-21,8.02,8.1,8.13,7.99,201213,162061984.0,1.73,0.37,0.03,0.33
3111,2011-02-22,8.11,7.75,8.16,7.75,281116,223158512.0,5.06,-4.32,-0.35,0.46
3112,2011-02-23,7.73,7.78,7.85,7.73,149786,116708288.0,1.55,0.39,0.03,0.24
3113,2011-02-24,7.75,7.79,7.84,7.71,165498,128503232.0,1.67,0.13,0.01,0.27
3114,2011-02-25,7.81,7.77,7.82,7.7,165466,128289784.0,1.54,-0.26,-0.02,0.27
3115,2011-02-28,7.79,7.83,7.84,7.74,180046,140369840.0,1.29,0.77,0.06,0.29
3116,2011-03-01,7.83,7.87,7.91,7.83,216696,170577728.0,1.02,0.51,0.04,0.35
3117,2011-03-02,7.83,7.78,7.87,7.72,208972,162593488.0,1.91,-1.14,-0.09,0.34
3118,2011-03-03,7.78,7.84,7.93,7.76,283928,222889888.0,2.19,0.77,0.06,0.46
3119,2011-03-04,7.86,8.01,8.09,7.85,388377,310074400.0,3.06,2.17,0.17,0.63
3120,2011-03-07,8.02,8.16,8.2,7.99,495366,400839168.0,2.62,1.87,0.15,0.81
3121,2011-03-08,8.15,8.16,8.18,8.04,393173,318977504.0,1.72,0.0,0.0,0.64
3122,2011-03-09,8.16,8.06,8.19,8.03,244562,197709264.0,1.96,-1.23,-0.1,0.4
3123,2011-03-10,8.05,7.92,8.05,7.91,214179,170628544.0,1.74,-1.74,-0.14,0.35
3124,2011-03-11,7.85,7.84,7.94,7.82,187872,148066144.0,1.52,-1.01,-0.08,0.31
3125,2011-03-14,7.99,8.04,8.1,7.96,359182,288489120.0,1.79,2.55,0.2,0.58
3126,2011-03-15,8.08,8.16,8.16,7.78,425130,338239264.0,4.73,1.49,0.12,0.69
3127,2011-03-16,8.16,8.24,8.31,8.06,759209,622886208.0,3.06,0.98,0.08,1.23
3128,2011-03-17,8.15,7.92,8.2,7.9,468416,377530560.0,3.64,-3.88,-0.32,0.76
3129,2011-03-18,7.99,7.93,8.04,7.89,280155,222215024.0,1.89,0.13,0.01,0.46
3130,2011-03-21,7.94,7.89,7.97,7.86,195807,154699408.0,1.39,-0.5,-0.04,0.32
3131,2011-03-22,7.89,7.87,7.92,7.78,234986,184280896.0,1.77,-0.25,-0.02,0.38
3132,2011-03-23,7.85,7.93,7.94,7.82,178632,141114544.0,1.52,0.76,0.06,0.29
3133,2011-03-24,7.94,7.87,7.95,7.86,159473,125858712.0,1.13,-0.76,-0.06,0.26
3134,2011-03-25,7.89,7.97,7.99,7.84,258179,205002864.0,1.91,1.27,0.1,0.42
3135,2011-03-28,7.99,8.06,8.12,7.99,369065,297951008.0,1.63,1.13,0.09,0.6
3136,2011-03-29,8.07,8.09,8.28,8.03,513354,419812608.0,3.1,0.37,0.03,0.83
3137,2011-03-30,8.1,8.14,8.18,8.0,345408,279191872.0,2.22,0.62,0.05,0.56
3138,2011-03-31,8.15,7.92,8.15,7.88,278259,222152608.0,3.32,-2.7,-0.22,0.45
3139,2011-04-01,7.92,8.0,8.01,7.89,169383,134490320.0,1.52,1.01,0.08,0.28
3140,2011-04-06,7.97,8.12,8.16,7.94,360866,291305408.0,2.75,1.5,0.12,0.59
3141,2011-04-07,8.12,8.16,8.29,8.09,587212,482069440.0,2.46,0.49,0.04,0.95
3142,2011-04-08,8.16,8.29,8.33,8.12,552094,455542208.0,2.57,1.59,0.13,0.9
3143,2011-04-11,8.35,8.48,8.65,8.28,1052786,895113792.0,4.46,2.29,0.19,1.71
3144,2011-04-12,8.42,8.74,9.05,8.39,1190987,1042677696.0,7.78,3.07,0.26,1.94
3145,2011-04-13,8.65,8.63,8.74,8.46,451927,387639776.0,3.2,-1.26,-0.11,0.73
3146,2011-04-14,8.62,8.51,8.79,8.47,455813,393941120.0,3.71,-1.39,-0.12,0.74
3147,2011-04-15,8.42,8.29,8.47,8.18,676109,560090112.0,3.41,-2.59,-0.22,1.1
3148,2011-04-18,8.24,8.39,8.39,8.19,488995,406025504.0,2.41,1.21,0.1,0.8
3149,2011-04-19,8.3,8.33,8.58,8.25,492004,414010208.0,3.93,-0.72,-0.06,0.8
3150,2011-04-20,8.35,8.23,8.39,8.2,314172,259133168.0,2.28,-1.2,-0.1,0.51
3151,2011-04-21,8.28,8.52,8.58,8.23,585115,495929920.0,4.25,3.52,0.29,0.95
3152,2011-04-22,8.54,8.53,8.8,8.5,639488,553250304.0,3.52,0.12,0.01,1.04
3153,2011-04-25,8.48,8.22,8.48,8.21,306200,253794000.0,3.17,-3.63,-0.31,0.5
3154,2011-04-26,8.2,8.06,8.2,8.03,297326,240421424.0,2.07,-1.95,-0.16,0.48
3155,2011-04-27,8.1,7.96,8.14,7.9,226359,182251456.0,2.98,-1.24,-0.1,0.37
3156,2011-04-28,7.96,7.77,8.01,7.76,320817,251642976.0,3.14,-2.39,-0.19,0.52
3157,2011-04-29,7.8,7.88,7.89,7.7,248565,193674720.0,2.45,1.42,0.11,0.4
3158,2011-05-03,7.85,7.92,7.95,7.81,245245,193398784.0,1.78,0.51,0.04,0.4
3159,2011-05-04,7.88,7.64,7.88,7.62,232658,180384448.0,3.28,-3.54,-0.28,0.38
3160,2011-05-05,7.64,7.75,7.84,7.6,191676,147736336.0,3.14,1.44,0.11,0.31
3161,2011-05-06,7.69,7.66,7.72,7.6,145204,111115936.0,1.55,-1.16,-0.09,0.24
3162,2011-05-09,7.65,7.7,7.8,7.64,124600,96050656.0,2.09,0.52,0.04,0.2
3163,2011-05-10,7.71,7.73,7.74,7.6,174561,133857152.0,1.82,0.39,0.03,0.28
3164,2011-05-11,7.74,7.67,7.74,7.63,109873,84356184.0,1.42,-0.78,-0.06,0.18
3165,2011-05-12,7.64,7.51,7.64,7.5,180341,136524400.0,1.83,-2.09,-0.16,0.29
3166,2011-05-13,7.51,7.54,7.57,7.43,156889,117655672.0,1.86,0.4,0.03,0.26
3167,2011-05-16,7.52,7.46,7.54,7.45,131318,98292368.0,1.19,-1.06,-0.08,0.21
3168,2011-05-17,7.46,7.48,7.54,7.4,116332,86862536.0,1.88,0.27,0.02,0.19
3169,2011-05-18,7.5,7.53,7.58,7.48,127000,95779344.0,1.34,0.67,0.05,0.21
3170,2011-05-19,7.54,7.46,7.56,7.45,100891,75682688.0,1.46,-0.93,-0.07,0.16
3171,2011-05-20,7.44,7.42,7.48,7.39,120845,89712976.0,1.21,-0.54,-0.04,0.2
3172,2011-05-23,7.42,7.14,7.43,7.1,183577,133092960.0,4.45,-3.77,-0.28,0.3
3173,2011-05-24,7.12,7.12,7.14,7.04,107581,76346816.0,1.4,-0.28,-0.02,0.17
3174,2011-05-25,7.11,7.02,7.13,7.0,104152,73592256.0,1.83,-1.4,-0.1,0.17
3175,2011-05-26,7.09,6.95,7.09,6.95,111088,78059496.0,1.99,-1.0,-0.07,0.18
3176,2011-05-27,6.98,6.99,7.04,6.95,112641,78821536.0,1.29,0.58,0.04,0.18
3177,2011-05-31,6.95,7.05,7.06,6.9,163967,114048896.0,2.29,0.86,0.06,0.27
3178,2011-06-01,7.03,7.01,7.03,6.97,107211,75041664.0,0.85,-0.57,-0.04,0.17
3179,2011-06-02,6.95,6.96,7.08,6.87,199594,138620176.0,3.0,-0.71,-0.05,0.32
3180,2011-06-03,6.96,7.02,7.03,6.93,109001,76233600.0,1.44,0.86,0.06,0.18
3181,2011-06-07,6.99,7.08,7.09,6.98,112154,79135352.0,1.57,0.85,0.06,0.18
3182,2011-06-08,7.08,7.05,7.08,6.98,99595,69968264.0,1.41,-0.42,-0.03,0.16
3183,2011-06-09,7.01,6.91,7.05,6.9,82893,57841404.0,2.13,-1.99,-0.14,0.13
3184,2011-06-10,6.91,6.9,6.94,6.82,91883,63321028.0,1.74,-0.14,-0.01,0.15
3185,2011-06-13,6.84,6.81,6.86,6.78,84412,57462876.0,1.16,-1.3,-0.09,0.14
3186,2011-06-14,6.81,6.9,6.92,6.8,86638,59634964.0,1.76,1.32,0.09,0.14
3187,2011-06-15,6.9,6.92,7.05,6.87,128700,89686728.0,2.61,0.29,0.02,0.21
3188,2011-06-16,6.86,6.76,6.86,6.71,100535,68361664.0,2.17,-2.31,-0.16,0.16
3189,2011-06-17,6.77,6.71,6.8,6.71,70301,47503136.0,1.33,-0.74,-0.05,0.11
3190,2011-06-20,6.75,6.74,6.84,6.7,93846,63394008.0,2.09,0.45,0.03,0.15
3191,2011-06-21,6.65,6.66,6.69,6.61,82528,54851996.0,1.19,-1.19,-0.08,0.13
3192,2011-06-22,6.67,6.61,6.69,6.57,104740,69395104.0,1.8,-0.75,-0.05,0.17
3193,2011-06-23,6.6,6.67,6.71,6.5,131407,86665200.0,3.18,0.91,0.06,0.21
3194,2011-06-24,6.64,6.82,6.89,6.6,215053,145455600.0,4.35,2.25,0.15,0.35
3195,2011-06-27,6.8,6.82,6.86,6.78,143812,98031904.0,1.17,0.0,0.0,0.23
3196,2011-06-28,6.8,6.79,6.82,6.74,115001,77876168.0,1.17,-0.44,-0.03,0.19
3197,2011-06-29,6.78,6.74,6.84,6.73,110506,75001888.0,1.62,-0.74,-0.05,0.18
3198,2011-06-30,6.76,6.8,6.87,6.72,141783,96641080.0,2.23,0.89,0.06,0.23
3199,2011-07-01,6.82,6.81,6.89,6.78,110208,75326152.0,1.62,0.15,0.01,0.18
3200,2011-07-04,6.85,6.99,7.03,6.84,186958,129904872.0,2.79,2.64,0.18,0.3
3201,2011-07-05,7.0,6.99,7.02,6.94,130856,91264288.0,1.14,0.0,0.0,0.21
3202,2011-07-06,6.97,6.94,6.98,6.91,92863,64337168.0,1.0,-0.72,-0.05,0.15
3203,2011-07-07,6.94,6.9,6.96,6.87,116226,80349216.0,1.3,-0.58,-0.04,0.19
3204,2011-07-08,6.89,6.88,6.92,6.84,102568,70573288.0,1.16,-0.29,-0.02,0.17
3205,2011-07-11,6.85,6.8,6.85,6.76,144019,97934928.0,1.31,-1.16,-0.08,0.23
3206,2011-07-12,6.76,6.73,6.77,6.68,144696,97175688.0,1.32,-1.03,-0.07,0.24
3207,2011-07-13,6.72,6.76,6.77,6.7,237228,159791728.0,1.04,0.45,0.03,0.39
3208,2011-07-14,6.75,6.73,6.76,6.69,185584,124800544.0,1.04,-0.44,-0.03,0.3
3209,2011-07-15,6.73,6.76,6.8,6.67,258961,174376592.0,1.93,0.45,0.03,0.42
3210,2011-07-18,6.76,6.77,6.81,6.73,194590,131693672.0,1.18,0.15,0.01,0.32
3211,2011-07-19,6.74,6.67,6.74,6.67,130676,87372640.0,1.03,-1.48,-0.1,0.21
3212,2011-07-20,6.7,6.66,6.71,6.63,86917,57964756.0,1.2,-0.15,-0.01,0.14
3213,2011-07-21,6.66,6.6,6.68,6.6,105618,70026904.0,1.2,-0.9,-0.06,0.17
3214,2011-07-22,6.62,6.6,6.65,6.57,107486,70990264.0,1.21,0.0,0.0,0.17
3215,2011-07-25,6.56,6.34,6.58,6.31,201110,129659696.0,4.09,-3.94,-0.26,0.33
3216,2011-07-26,6.34,6.33,6.35,6.3,89628,56702520.0,0.79,-0.16,-0.01,0.15
3217,2011-07-27,6.32,6.33,6.35,6.26,123884,78149752.0,1.42,0.0,0.0,0.2
3218,2011-07-28,6.28,6.27,6.32,6.24,110199,69159992.0,1.26,-0.95,-0.06,0.18
3219,2011-07-29,6.26,6.28,6.32,6.2,115353,72189384.0,1.91,0.16,0.01,0.19
3220,2011-08-01,6.28,6.28,6.3,6.22,85462,53590228.0,1.27,0.0,0.0,0.14
3221,2011-08-02,6.25,6.17,6.25,6.12,114866,70777416.0,2.07,-1.75,-0.11,0.19
3222,2011-08-03,6.1,6.23,6.36,6.09,117063,73146792.0,4.38,0.97,0.06,0.19
3223,2011-08-04,6.22,6.2,6.28,6.2,57041,35518748.0,1.28,-0.48,-0.03,0.09
3224,2011-08-05,6.03,5.98,6.07,5.97,174286,104894032.0,1.61,-3.55,-0.22,0.28
3225,2011-08-08,5.91,5.59,5.93,5.44,261651,148844336.0,8.19,-6.52,-0.39,0.43
3226,2011-08-09,5.42,5.55,5.57,5.38,205277,112142336.0,3.4,-0.72,-0.04,0.33
3227,2011-08-10,5.62,5.6,5.76,5.58,221529,124915168.0,3.24,0.9,0.05,0.36
3228,2011-08-11,5.5,5.64,5.66,5.47,144273,80638928.0,3.39,0.71,0.04,0.23
3229,2011-08-12,5.69,5.7,5.75,5.65,142159,81059200.0,1.77,1.06,0.06,0.23
3230,2011-08-15,5.72,5.76,5.77,5.69,115664,66289616.0,1.4,1.05,0.06,0.19
3231,2011-08-16,5.76,5.76,5.85,5.72,175332,101195704.0,2.26,0.0,0.0,0.29
3232,2011-08-17,5.73,5.69,5.75,5.69,87860,50216552.0,1.04,-1.22,-0.07,0.14
3233,2011-08-18,5.71,5.59,5.75,5.58,90797,51460744.0,2.99,-1.76,-0.1,0.15
3234,2011-08-19,5.47,5.52,5.54,5.47,91357,50290716.0,1.25,-1.25,-0.07,0.15
3235,2011-08-22,5.5,5.52,5.59,5.5,67862,37583748.0,1.63,0.0,0.0,0.11
3236,2011-08-23,5.55,5.62,5.62,5.51,73515,40906460.0,1.99,1.81,0.1,0.12
3237,2011-08-24,5.63,5.57,5.66,5.55,66868,37526116.0,1.96,-0.89,-0.05,0.11
3238,2011-08-25,5.58,5.74,5.76,5.57,169830,96918552.0,3.41,3.05,0.17,0.28
3239,2011-08-26,5.71,5.73,5.74,5.68,100258,57234680.0,1.05,-0.17,-0.01,0.16
3240,2011-08-29,5.69,5.64,5.69,5.6,103543,58471884.0,1.57,-1.57,-0.09,0.17
3241,2011-08-30,5.66,5.61,5.74,5.61,90962,51679464.0,2.3,-0.53,-0.03,0.15
3242,2011-08-31,5.61,5.59,5.64,5.51,66406,37058228.0,2.32,-0.36,-0.02,0.11
3243,2011-09-01,5.6,5.56,5.69,5.53,72187,40453932.0,2.86,-0.54,-0.03,0.12
3244,2011-09-02,5.54,5.51,5.6,5.49,69541,38382980.0,1.98,-0.9,-0.05,0.11
3245,2011-09-05,5.48,5.4,5.49,5.38,80387,43529924.0,2.0,-2.0,-0.11,0.13
3246,2011-09-06,5.35,5.39,5.42,5.34,55270,29765978.0,1.48,-0.19,-0.01,0.09
3247,2011-09-07,5.43,5.5,5.52,5.42,77667,42546224.0,1.86,2.04,0.11,0.13
3248,2011-09-08,5.5,5.46,5.52,5.45,53415,29269628.0,1.27,-0.73,-0.04,0.09
3249,2011-09-09,5.48,5.47,5.54,5.43,54359,29810480.0,2.01,0.18,0.01,0.09
3250,2011-09-13,5.39,5.47,5.47,5.35,72930,39469652.0,2.19,0.0,0.0,0.12
3251,2011-09-14,5.47,5.51,5.52,5.38,68725,37480844.0,2.56,0.73,0.04,0.11
3252,2011-09-15,5.51,5.48,5.53,5.47,61530,33818276.0,1.09,-0.54,-0.03,0.1
3253,2011-09-16,5.5,5.45,5.53,5.45,55303,30370010.0,1.46,-0.55,-0.03,0.09
3254,2011-09-19,5.43,5.36,5.44,5.36,44006,23680424.0,1.47,-1.65,-0.09,0.07
3255,2011-09-20,5.36,5.39,5.44,5.35,52698,28367736.0,1.68,0.56,0.03,0.09
3256,2011-09-21,5.4,5.53,5.58,5.35,131976,72501232.0,4.27,2.6,0.14,0.21
3257,2011-09-22,5.48,5.36,5.5,5.36,101284,55040720.0,2.53,-3.07,-0.17,0.16
3258,2011-09-23,5.25,5.31,5.35,5.24,100513,53082128.0,2.05,-0.93,-0.05,0.16
3259,2011-09-26,5.28,5.2,5.34,5.19,72778,38165248.0,2.82,-2.07,-0.11,0.12
3260,2011-09-27,5.26,5.26,5.31,5.23,86426,45532468.0,1.54,1.15,0.06,0.14
3261,2011-09-28,5.3,5.21,5.31,5.18,61291,32142080.0,2.47,-0.95,-0.05,0.1
3262,2011-09-29,5.19,5.18,5.23,5.16,95260,49483752.0,1.34,-0.58,-0.03,0.15
3263,2011-09-30,5.19,5.18,5.22,5.15,68876,35700332.0,1.35,0.0,0.0,0.11
3264,2011-10-10,5.2,5.15,5.21,5.15,70880,36722744.0,1.16,-0.58,-0.03,0.12
3265,2011-10-11,5.24,5.19,5.29,5.14,111657,58180196.0,2.91,0.78,0.04,0.18
3266,2011-10-12,5.16,5.36,5.36,5.13,277629,146910080.0,4.43,3.28,0.17,0.45
3267,2011-10-13,5.34,5.5,5.68,5.31,270532,147999744.0,6.9,2.61,0.14,0.44
3268,2011-10-14,5.45,5.42,5.5,5.38,134689,73099536.0,2.18,-1.45,-0.08,0.22
3269,2011-10-17,5.43,5.39,5.48,5.35,112363,60769864.0,2.4,-0.55,-0.03,0.18
3270,2011-10-18,5.34,5.12,5.35,5.1,190533,99673376.0,4.64,-5.01,-0.27,0.31
3271,2011-10-19,5.14,5.14,5.22,5.11,124028,63843384.0,2.15,0.39,0.02,0.2
3272,2011-10-20,5.12,5.07,5.14,5.03,94851,48132612.0,2.14,-1.36,-0.07,0.15
3273,2011-10-21,5.07,5.06,5.11,5.01,84986,43032340.0,1.97,-0.2,-0.01,0.14
3274,2011-10-24,5.07,5.19,5.2,5.04,112695,57790108.0,3.16,2.57,0.13,0.18
3275,2011-10-25,5.17,5.25,5.27,5.13,156770,81694256.0,2.7,1.16,0.06,0.25
3276,2011-10-26,5.22,5.28,5.32,5.2,180452,95213288.0,2.29,0.57,0.03,0.29
3277,2011-10-27,5.28,5.28,5.4,5.27,155853,82865048.0,2.46,0.0,0.0,0.25
3278,2011-10-28,5.35,5.38,5.43,5.33,172951,92870696.0,1.89,1.89,0.1,0.28
3279,2011-10-31,5.37,5.32,5.4,5.29,105295,56101332.0,2.04,-1.12,-0.06,0.17
3280,2011-11-01,5.27,5.31,5.36,5.26,123109,65441004.0,1.88,-0.19,-0.01,0.2
3281,2011-11-02,5.25,5.37,5.37,5.2,129417,68275344.0,3.2,1.13,0.06,0.21
3282,2011-11-03,5.38,5.4,5.46,5.35,192107,104091704.0,2.05,0.56,0.03,0.31
3283,2011-11-04,5.46,5.42,5.47,5.39,143214,77839040.0,1.48,0.37,0.02,0.23
3284,2011-11-07,5.43,5.45,5.55,5.43,197169,108202752.0,2.21,0.55,0.03,0.32
3285,2011-11-08,5.49,5.39,5.51,5.37,129859,70669208.0,2.57,-1.1,-0.06,0.21
3286,2011-11-09,5.4,5.41,5.43,5.33,111035,59738116.0,1.86,0.37,0.02,0.18
3287,2011-11-10,5.34,5.36,5.49,5.33,172722,93379616.0,2.96,-0.92,-0.05,0.28
3288,2011-11-11,5.39,5.3,5.4,5.29,101736,54234584.0,2.05,-1.12,-0.06,0.17
3289,2011-11-14,5.34,5.37,5.39,5.31,112686,60404188.0,1.51,1.32,0.07,0.18
3290,2011-11-15,5.37,5.37,5.39,5.32,110077,59042140.0,1.3,0.0,0.0,0.18
3291,2011-11-16,5.36,5.23,5.36,5.21,142754,75344488.0,2.79,-2.61,-0.14,0.23
3292,2011-11-17,5.24,5.2,5.26,5.2,77212,40369472.0,1.15,-0.57,-0.03,0.13
3293,2011-11-18,5.17,5.09,5.19,5.08,96625,49570224.0,2.12,-2.12,-0.11,0.16
3294,2011-11-21,5.1,5.09,5.11,5.05,59468,30209694.0,1.18,0.0,0.0,0.1
3295,2011-11-22,5.07,5.1,5.1,5.04,106341,53968888.0,1.18,0.2,0.01,0.17
3296,2011-11-23,5.09,5.03,5.1,5.02,59798,30238356.0,1.57,-1.37,-0.07,0.1
3297,2011-11-24,5.01,5.03,5.06,4.99,68595,34430172.0,1.39,0.0,0.0,0.11
3298,2011-11-25,5.02,5.0,5.04,4.99,51675,25893060.0,0.99,-0.6,-0.03,0.08
3299,2011-11-28,5.02,5.0,5.03,4.99,54952,27506082.0,0.8,0.0,0.0,0.09
3300,2011-11-29,5.04,5.02,5.04,5.0,105112,52707940.0,0.8,0.4,0.02,0.17
3301,2011-11-30,5.01,4.78,5.02,4.74,168097,81951392.0,5.58,-4.78,-0.24,0.27
3302,2011-12-01,4.89,4.88,4.98,4.85,155406,76357184.0,2.72,2.09,0.1,0.25
3303,2011-12-02,4.86,4.83,4.86,4.8,80415,38836472.0,1.23,-1.02,-0.05,0.13
3304,2011-12-05,4.83,4.77,4.84,4.75,68842,32893632.0,1.86,-1.24,-0.06,0.11
3305,2011-12-06,4.75,4.78,4.8,4.74,49765,23722232.0,1.26,0.21,0.01,0.08
3306,2011-12-07,4.78,4.8,4.82,4.77,50274,24100124.0,1.05,0.42,0.02,0.08
3307,2011-12-08,4.79,4.82,4.86,4.75,62044,29837750.0,2.29,0.42,0.02,0.1
3308,2011-12-09,4.79,4.78,4.81,4.77,48862,23394940.0,0.83,-0.83,-0.04,0.08
3309,2011-12-12,4.79,4.77,4.8,4.75,32758,15639244.0,1.05,-0.21,-0.01,0.05
3310,2011-12-13,4.75,4.68,4.78,4.68,74035,35096812.0,2.1,-1.89,-0.09,0.12
3311,2011-12-14,4.68,4.61,4.69,4.61,51381,23909380.0,1.71,-1.5,-0.07,0.08
3312,2011-12-15,4.61,4.46,4.61,4.45,101241,45745512.0,3.47,-3.25,-0.15,0.16
3313,2011-12-16,4.45,4.55,4.55,4.44,82008,36774584.0,2.47,2.02,0.09,0.13
3314,2011-12-20,4.5,4.52,4.57,4.47,92892,42050072.0,2.2,-0.66,-0.03,0.15
3315,2011-12-21,4.56,4.48,4.58,4.48,73806,33483826.0,2.21,-0.88,-0.04,0.12
3316,2011-12-22,4.47,4.44,4.49,4.39,85790,38042924.0,2.23,-0.89,-0.04,0.14
3317,2011-12-23,4.43,4.5,4.53,4.42,108680,48819704.0,2.48,1.35,0.06,0.18
3318,2011-12-26,4.48,4.57,4.6,4.47,106422,48423832.0,2.89,1.56,0.07,0.17
3319,2011-12-27,4.56,4.56,4.6,4.48,64558,29362678.0,2.63,-0.22,-0.01,0.1
3320,2011-12-28,4.5,4.56,4.56,4.48,65051,29387918.0,1.75,0.0,0.0,0.11
3321,2011-12-29,4.54,4.54,4.56,4.49,50664,22935002.0,1.54,-0.44,-0.02,0.08
3322,2011-12-30,4.53,4.55,4.6,4.53,89654,40827288.0,1.54,0.22,0.01,0.15
3323,2012-01-04,4.59,4.45,4.6,4.43,71771,32428578.0,3.74,-2.2,-0.1,0.12
3324,2012-01-05,4.43,4.36,4.46,4.34,99377,43753200.0,2.7,-2.02,-0.09,0.16
3325,2012-01-06,4.35,4.39,4.41,4.34,67450,29446306.0,1.61,0.69,0.03,0.11
3326,2012-01-09,4.39,4.5,4.51,4.35,125227,55698792.0,3.64,2.51,0.11,0.2
3327,2012-01-10,4.48,4.68,4.7,4.48,217370,99861976.0,4.89,4.0,0.18,0.35
3328,2012-01-11,4.7,4.72,4.81,4.65,219365,103828256.0,3.42,0.85,0.04,0.36
3329,2012-01-12,4.7,4.74,4.77,4.67,148823,70253848.0,2.12,0.42,0.02,0.24
3330,2012-01-13,4.73,4.62,4.75,4.59,119770,56031680.0,3.38,-2.53,-0.12,0.19
3331,2012-01-16,4.57,4.53,4.64,4.52,98636,45222720.0,2.6,-1.95,-0.09,0.16
3332,2012-01-17,4.53,4.82,4.83,4.53,206072,97054224.0,6.62,6.4,0.29,0.34
3333,2012-01-18,4.82,4.76,4.94,4.74,201590,97212432.0,4.15,-1.24,-0.06,0.33
3334,2012-01-19,4.76,4.86,4.93,4.75,182179,88742344.0,3.78,2.1,0.1,0.3
3335,2012-01-20,4.89,4.88,4.9,4.82,117230,57024964.0,1.65,0.41,0.02,0.19
3336,2012-01-30,4.9,4.79,4.9,4.78,85891,41538288.0,2.46,-1.84,-0.09,0.14
3337,2012-01-31,4.65,4.58,4.68,4.5,222582,101943504.0,3.76,-4.38,-0.21,0.36
3338,2012-02-01,4.54,4.54,4.61,4.52,78858,35961744.0,1.97,-0.87,-0.04,0.13
3339,2012-02-02,4.57,4.61,4.61,4.52,129938,59307732.0,1.98,1.54,0.07,0.21
3340,2012-02-03,4.6,4.64,4.67,4.57,115817,53430376.0,2.17,0.65,0.03,0.19
3341,2012-02-06,4.65,4.69,4.72,4.63,137450,64171460.0,1.94,1.08,0.05,0.22
3342,2012-02-07,4.66,4.66,4.72,4.62,128929,60162620.0,2.13,-0.64,-0.03,0.21
3343,2012-02-08,4.66,4.76,4.8,4.62,128914,60819136.0,3.86,2.15,0.1,0.21
3344,2012-02-09,4.74,4.76,4.81,4.74,115280,55111672.0,1.47,0.0,0.0,0.19
3345,2012-02-10,4.75,4.8,4.89,4.75,166820,80451320.0,2.94,0.84,0.04,0.27
3346,2012-02-13,4.77,4.8,4.85,4.73,112768,53992204.0,2.5,0.0,0.0,0.18
3347,2012-02-14,4.8,4.76,4.8,4.73,72699,34580088.0,1.46,-0.83,-0.04,0.12
3348,2012-02-15,4.74,4.83,4.89,4.74,127934,61785140.0,3.15,1.47,0.07,0.21
3349,2012-02-16,4.82,4.79,4.89,4.76,126742,61285888.0,2.69,-0.83,-0.04,0.21
3350,2012-02-17,4.83,4.79,4.86,4.78,91214,43898732.0,1.67,0.0,0.0,0.15
3351,2012-02-20,4.85,4.8,4.87,4.79,93556,45179536.0,1.67,0.21,0.01,0.15
3352,2012-02-21,4.8,4.78,4.8,4.71,154017,73257448.0,1.88,-0.42,-0.02,0.25
3353,2012-02-22,4.76,4.83,4.84,4.71,184920,88442264.0,2.72,1.05,0.05,0.3
3354,2012-02-23,4.82,4.89,4.94,4.81,325789,159154688.0,2.69,1.24,0.06,0.53
3355,2012-02-24,4.89,4.94,4.96,4.85,195465,95872984.0,2.25,1.02,0.05,0.32
3356,2012-02-27,4.95,4.98,5.04,4.94,260675,130046248.0,2.02,0.81,0.04,0.42
3357,2012-02-28,4.96,5.03,5.07,4.93,256314,127927128.0,2.81,1.0,0.05,0.42
3358,2012-02-29,5.0,4.94,5.03,4.93,136619,68137648.0,1.99,-1.79,-0.09,0.22
3359,2012-03-01,4.93,4.92,4.96,4.91,92513,45738680.0,1.01,-0.4,-0.02,0.15
3360,2012-03-02,4.93,4.96,4.97,4.93,120766,59778424.0,0.81,0.81,0.04,0.2
3361,2012-03-05,4.96,4.9,4.98,4.89,161012,79392800.0,1.81,-1.21,-0.06,0.26
3362,2012-03-06,4.88,4.81,4.89,4.8,164512,79627448.0,1.84,-1.84,-0.09,0.27
3363,2012-03-07,4.77,4.81,4.87,4.75,107821,51889444.0,2.49,0.0,0.0,0.18
3364,2012-03-08,4.83,4.83,4.88,4.81,64659,31303592.0,1.46,0.42,0.02,0.11
3365,2012-03-09,4.85,4.84,4.86,4.8,103961,50187816.0,1.24,0.21,0.01,0.17
3366,2012-03-12,4.84,4.8,4.86,4.76,98707,47548080.0,2.07,-0.83,-0.04,0.16
3367,2012-03-13,4.81,4.88,4.88,4.8,109424,53070284.0,1.67,1.67,0.08,0.18
3368,2012-03-14,4.93,4.75,4.95,4.74,225495,109961160.0,4.3,-2.66,-0.13,0.37
3369,2012-03-15,4.75,4.64,4.77,4.64,143396,67426408.0,2.74,-2.32,-0.11,0.23
3370,2012-03-16,4.65,4.66,4.69,4.6,119855,55659692.0,1.94,0.43,0.02,0.19
3371,2012-03-19,4.66,4.67,4.68,4.62,82074,38182496.0,1.29,0.21,0.01,0.13
3372,2012-03-20,4.65,4.65,4.73,4.63,123266,57777242.0,2.14,-0.43,-0.02,0.2
3373,2012-03-21,4.66,4.68,4.71,4.63,72670,33934095.0,1.72,0.65,0.03,0.12
3374,2012-03-22,4.69,4.63,4.7,4.59,76430,35470472.0,2.35,-1.07,-0.05,0.12
3375,2012-03-23,4.63,4.54,4.65,4.52,121562,55648982.0,2.81,-1.94,-0.09,0.2
3376,2012-03-26,4.55,4.51,4.58,4.49,104437,47293467.0,1.98,-0.66,-0.03,0.17
3377,2012-03-27,4.53,4.53,4.56,4.52,58660,26605102.0,0.89,0.44,0.02,0.1
3378,2012-03-28,4.52,4.39,4.52,4.38,139165,61731562.0,3.09,-3.09,-0.14,0.23
3379,2012-03-29,4.38,4.27,4.38,4.25,137667,59383551.0,2.96,-2.73,-0.12,0.22
3380,2012-03-30,4.28,4.28,4.3,4.25,66862,28603776.0,1.17,0.23,0.01,0.11
3381,2012-04-05,4.28,4.33,4.35,4.25,112259,48295427.0,2.34,1.17,0.05,0.18
3382,2012-04-06,4.33,4.32,4.34,4.29,73173,31571687.0,1.15,-0.23,-0.01,0.12
3383,2012-04-09,4.3,4.29,4.36,4.28,86043,37146813.0,1.85,-0.69,-0.03,0.14
3384,2012-04-10,4.28,4.33,4.33,4.24,86463,36941369.0,2.1,0.93,0.04,0.14
3385,2012-04-11,4.28,4.31,4.34,4.27,63963,27540637.0,1.62,-0.46,-0.02,0.1
3386,2012-04-12,4.32,4.38,4.38,4.29,98977,42963518.0,2.09,1.62,0.07,0.16
3387,2012-04-13,4.38,4.41,4.42,4.37,99795,43854171.0,1.14,0.68,0.03,0.16
3388,2012-04-16,4.34,4.38,4.4,4.3,103412,44963546.0,2.27,-0.68,-0.03,0.17
3389,2012-04-17,4.36,4.38,4.44,4.33,108392,47500907.0,2.51,0.0,0.0,0.18
3390,2012-04-18,4.39,4.44,4.45,4.36,109294,48247601.0,2.05,1.37,0.06,0.18
3391,2012-04-19,4.42,4.41,4.46,4.41,80148,35498036.0,1.13,-0.68,-0.03,0.13
3392,2012-04-20,4.4,4.46,4.47,4.39,107614,47752260.0,1.81,1.13,0.05,0.18
3393,2012-04-23,4.45,4.42,4.45,4.41,91423,40480277.0,0.9,-0.9,-0.04,0.15
3394,2012-04-24,4.41,4.37,4.45,4.32,129468,56669634.0,2.94,-1.13,-0.05,0.21
3395,2012-04-25,4.35,4.39,4.43,4.35,95659,41876325.0,1.83,0.46,0.02,0.16
3396,2012-04-26,4.41,4.39,4.42,4.37,105516,46277493.0,1.14,0.0,0.0,0.17
3397,2012-04-27,4.39,4.4,4.43,4.36,97368,42848838.0,1.59,0.23,0.01,0.16
3398,2012-05-02,4.43,4.47,4.48,4.4,173871,77194813.0,1.82,1.59,0.07,0.28
3399,2012-05-03,4.46,4.45,4.47,4.42,92174,40957304.0,1.12,-0.45,-0.02,0.15
3400,2012-05-04,4.45,4.47,4.48,4.42,123560,55031053.0,1.35,0.45,0.02,0.2
3401,2012-05-07,4.44,4.48,4.51,4.43,133358,59525378.0,1.79,0.22,0.01,0.22
3402,2012-05-08,4.47,4.44,4.48,4.43,133049,59320022.0,1.12,-0.89,-0.04,0.22
3403,2012-05-09,4.44,4.36,4.45,4.34,121397,53136372.0,2.48,-1.8,-0.08,0.2
3404,2012-05-10,4.36,4.36,4.4,4.34,86869,37912484.0,1.38,0.0,0.0,0.14
3405,2012-05-11,4.35,4.31,4.36,4.31,62360,27043408.0,1.15,-1.15,-0.05,0.1
3406,2012-05-14,4.32,4.29,4.34,4.28,72687,31336381.0,1.39,-0.46,-0.02,0.12
3407,2012-05-15,4.28,4.27,4.29,4.24,56222,23981300.0,1.17,-0.47,-0.02,0.09
3408,2012-05-16,4.25,4.22,4.28,4.2,76715,32497901.0,1.87,-1.17,-0.05,0.12
3409,2012-05-17,4.21,4.25,4.25,4.2,138966,58777245.0,1.18,0.71,0.03,0.23
3410,2012-05-18,4.23,4.2,4.28,4.18,130912,55479081.0,2.35,-1.18,-0.05,0.21
3411,2012-05-21,4.2,4.2,4.23,4.18,89065,37441678.0,1.19,0.0,0.0,0.14
3412,2012-05-22,4.2,4.22,4.23,4.2,90717,38236492.0,0.71,0.48,0.02,0.15
3413,2012-05-23,4.21,4.18,4.21,4.16,102663,42983119.0,1.18,-0.95,-0.04,0.17
3414,2012-05-24,4.16,4.18,4.22,4.16,80105,33597727.0,1.44,0.0,0.0,0.13
3415,2012-05-25,4.18,4.23,4.28,4.17,100460,42332561.0,2.63,1.2,0.05,0.16
3416,2012-05-28,4.2,4.29,4.3,4.19,193547,82488638.0,2.6,1.42,0.06,0.31
3417,2012-05-30,4.31,4.26,4.32,4.23,184724,78920253.0,2.1,-0.7,-0.03,0.3
3418,2012-05-31,4.24,4.22,4.25,4.21,78155,32995972.0,0.94,-0.94,-0.04,0.13
3419,2012-06-01,4.21,4.22,4.25,4.2,47735,20175598.0,1.18,0.0,0.0,0.08
3420,2012-06-04,4.17,4.05,4.17,4.04,146841,60314415.0,3.08,-4.03,-0.17,0.24
3421,2012-06-05,4.05,4.06,4.07,4.03,70816,28710497.0,0.99,0.25,0.01,0.12
3422,2012-06-06,4.07,4.05,4.07,4.04,51556,20903369.0,0.74,-0.25,-0.01,0.08
3423,2012-06-07,4.07,4.02,4.09,4.01,64871,26254843.0,1.98,-0.74,-0.03,0.11
3424,2012-06-08,4.03,4.01,4.04,3.99,72225,29003719.0,1.24,-0.25,-0.01,0.12
3425,2012-06-11,4.02,4.04,4.06,4.01,55262,22287415.0,1.25,0.75,0.03,0.09
3426,2012-06-12,4.02,4.0,4.03,3.99,52419,21016279.0,0.99,-0.99,-0.04,0.09
3427,2012-06-13,4.01,4.04,4.05,4.0,44047,17734432.0,1.25,1.0,0.04,0.07
3428,2012-06-14,4.04,4.02,4.07,4.01,59678,24071903.0,1.49,-0.5,-0.02,0.1
3429,2012-06-15,4.03,4.05,4.06,4.02,56632,22868957.0,1.0,0.75,0.03,0.09
3430,2012-06-18,4.06,4.05,4.07,4.04,51368,20844814.0,0.74,0.0,0.0,0.08
3431,2012-06-19,4.05,4.04,4.06,4.03,33383,13513308.0,0.74,-0.25,-0.01,0.05
3432,2012-06-20,4.06,4.04,4.06,4.03,34487,13970086.0,0.74,0.0,0.0,0.06
3433,2012-06-21,4.05,3.99,4.05,3.97,66067,26393580.0,1.98,-1.24,-0.05,0.11
3434,2012-06-25,3.98,3.95,3.99,3.95,59802,23746465.0,1.0,-1.0,-0.04,0.1
3435,2012-06-26,3.95,3.94,3.96,3.91,62603,24634937.0,1.27,-0.25,-0.01,0.1
3436,2012-06-27,3.93,3.93,3.96,3.91,63933,25139937.0,1.27,-0.25,-0.01,0.1
3437,2012-06-29,3.88,3.9,3.92,3.85,59482,23071870.0,1.78,-0.76,-0.03,0.1
3438,2012-07-02,3.92,3.92,3.96,3.87,73135,28621392.0,2.31,0.51,0.02,0.12
3439,2012-07-03,3.91,3.9,3.93,3.89,46879,18334019.0,1.02,-0.51,-0.02,0.08
3440,2012-07-04,3.9,3.89,3.91,3.88,48211,18769466.0,0.77,-0.26,-0.01,0.08
3441,2012-07-05,3.88,3.82,3.88,3.8,63190,24199235.0,2.06,-1.8,-0.07,0.1
3442,2012-07-06,3.82,3.85,3.87,3.8,52712,20204440.0,1.83,0.79,0.03,0.09
3443,2012-07-09,3.84,3.74,3.85,3.72,58266,22112307.0,3.38,-2.86,-0.11,0.09
3444,2012-07-10,3.74,3.72,3.75,3.7,80710,30025291.0,1.34,-0.53,-0.02,0.13
3445,2012-07-11,3.72,3.74,3.77,3.69,80585,30048727.0,2.15,0.54,0.02,0.13
3446,2012-07-12,3.72,3.73,3.76,3.66,115689,42865029.0,2.67,-0.27,-0.01,0.19
3447,2012-07-13,3.72,3.74,3.76,3.7,68450,25582510.0,1.61,0.27,0.01,0.11
3448,2012-07-16,3.74,3.68,3.74,3.66,71504,26347146.0,2.14,-1.6,-0.06,0.12
3449,2012-07-17,3.66,3.7,3.71,3.66,58574,21617805.0,1.36,0.54,0.02,0.1
3450,2012-07-18,3.68,3.73,3.74,3.68,103318,38359789.0,1.62,0.81,0.03,0.17
3451,2012-07-19,3.73,3.73,3.76,3.7,110290,41137022.0,1.61,0.0,0.0,0.18
3452,2012-07-20,3.73,3.71,3.75,3.7,61234,22800077.0,1.34,-0.54,-0.02,0.1
3453,2012-07-23,3.69,3.67,3.7,3.65,60516,22204939.0,1.35,-1.08,-0.04,0.1
3454,2012-07-24,3.65,3.71,3.75,3.65,94440,35073851.0,2.72,1.09,0.04,0.15
3455,2012-07-25,3.69,3.67,3.71,3.66,71881,26473154.0,1.35,-1.08,-0.04,0.12
3456,2012-07-26,3.66,3.7,3.72,3.66,76054,28138255.0,1.63,0.82,0.03,0.12
3457,2012-07-27,3.72,3.71,3.73,3.69,57026,21174680.0,1.08,0.27,0.01,0.09
3458,2012-07-30,3.72,3.68,3.72,3.65,63880,23549196.0,1.89,-0.81,-0.03,0.1
3459,2012-07-31,3.68,3.66,3.69,3.64,69876,25619124.0,1.36,-0.54,-0.02,0.11
3460,2012-08-01,3.66,3.69,3.7,3.64,64823,23871039.0,1.64,0.82,0.03,0.11
3461,2012-08-02,3.69,3.75,3.87,3.69,152011,57607385.0,4.88,1.63,0.06,0.25
3462,2012-08-03,3.72,3.78,3.82,3.72,87579,32977686.0,2.67,0.8,0.03,0.14
3463,2012-08-06,3.77,3.82,3.86,3.75,96850,36950477.0,2.91,1.06,0.04,0.16
3464,2012-08-07,3.82,3.83,3.85,3.78,81572,31152659.0,1.83,0.26,0.01,0.13
3465,2012-08-08,3.82,3.8,3.84,3.79,53813,20506707.0,1.31,-0.78,-0.03,0.09
3466,2012-08-09,3.79,3.81,3.82,3.77,65086,24739001.0,1.32,0.26,0.01,0.11
3467,2012-08-10,3.8,3.81,3.83,3.78,50356,19181839.0,1.31,0.0,0.0,0.08
3468,2012-08-13,3.8,3.74,3.8,3.74,65564,24732069.0,1.57,-1.84,-0.07,0.11
3469,2012-08-14,3.75,3.74,3.76,3.73,86666,32438298.0,0.8,0.0,0.0,0.14
3470,2012-08-15,3.74,3.7,3.76,3.68,73582,27399960.0,2.14,-1.07,-0.04,0.12
3471,2012-08-16,3.69,3.7,3.73,3.69,52875,19625937.0,1.08,0.0,0.0,0.09
3472,2012-08-17,3.7,3.7,3.72,3.67,40464,14942869.0,1.35,0.0,0.0,0.07
3473,2012-08-20,3.68,3.69,3.71,3.67,41222,15193423.0,1.08,-0.27,-0.01,0.07
3474,2012-08-21,3.69,3.71,3.73,3.68,50356,18682705.0,1.36,0.54,0.02,0.08
3475,2012-08-22,3.71,3.7,3.72,3.69,41827,15498001.0,0.81,-0.27,-0.01,0.07
3476,2012-08-23,3.7,3.7,3.72,3.68,35268,13050840.0,1.08,0.0,0.0,0.06
3477,2012-08-24,3.69,3.65,3.7,3.65,28133,10327313.0,1.35,-1.35,-0.05,0.05
3478,2012-08-27,3.65,3.55,3.65,3.54,56417,20166813.0,3.01,-2.74,-0.1,0.09
3479,2012-08-28,3.61,3.62,3.69,3.6,126271,45972731.0,2.54,1.97,0.07,0.21
3480,2012-08-29,3.6,3.58,3.61,3.56,57824,20701175.0,1.38,-1.1,-0.04,0.09
3481,2012-08-30,3.58,3.55,3.59,3.53,62264,22161251.0,1.68,-0.84,-0.03,0.1
3482,2012-08-31,3.54,3.54,3.57,3.52,58005,20560764.0,1.41,-0.28,-0.01,0.09
3483,2012-09-03,3.53,3.51,3.55,3.5,114636,40346143.0,1.41,-0.85,-0.03,0.19
3484,2012-09-04,3.51,3.44,3.52,3.43,89440,31017877.0,2.56,-1.99,-0.07,0.15
3485,2012-09-05,3.44,3.37,3.44,3.3,108653,36514952.0,4.07,-2.03,-0.07,0.18
3486,2012-09-06,3.36,3.37,3.39,3.34,91937,30897991.0,1.48,0.0,0.0,0.15
3487,2012-09-07,3.39,3.53,3.59,3.38,208365,73010813.0,6.23,4.75,0.16,0.34
3488,2012-09-10,3.53,3.55,3.56,3.5,124860,44075110.0,1.7,0.57,0.02,0.2
3489,2012-09-11,3.53,3.51,3.54,3.48,85647,30081841.0,1.69,-1.13,-0.04,0.14
3490,2012-09-12,3.52,3.52,3.55,3.49,89797,31591722.0,1.71,0.28,0.01,0.15
3491,2012-09-13,3.52,3.53,3.59,3.51,135957,48247769.0,2.27,0.28,0.01,0.22
3492,2012-09-14,3.55,3.56,3.58,3.53,119752,42633234.0,1.42,0.85,0.03,0.19
3493,2012-09-17,3.56,3.46,3.56,3.45,96152,33699029.0,3.09,-2.81,-0.1,0.16
3494,2012-09-18,3.44,3.41,3.45,3.4,52150,17878100.0,1.45,-1.45,-0.05,0.08
3495,2012-09-19,3.42,3.42,3.44,3.4,45069,15398542.0,1.17,0.29,0.01,0.07
3496,2012-09-20,3.42,3.34,3.43,3.33,79628,26944344.0,2.92,-2.34,-0.08,0.13
3497,2012-09-21,3.34,3.34,3.38,3.33,55627,18642322.0,1.5,0.0,0.0,0.09
3498,2012-09-24,3.32,3.32,3.36,3.28,64269,21299339.0,2.4,-0.6,-0.02,0.1
3499,2012-09-25,3.33,3.32,3.34,3.3,39280,13046063.0,1.2,0.0,0.0,0.06
3500,2012-09-26,3.32,3.3,3.33,3.29,52698,17418899.0,1.2,-0.6,-0.02,0.09
3501,2012-09-27,3.31,3.41,3.44,3.3,99764,33689150.0,4.24,3.33,0.11,0.16
3502,2012-09-28,3.39,3.43,3.44,3.37,86165,29331972.0,2.05,0.59,0.02,0.14
3503,2012-10-08,3.44,3.39,3.45,3.37,56221,19145400.0,2.33,-1.17,-0.04,0.09
3504,2012-10-09,3.39,3.47,3.49,3.38,106759,36892662.0,3.24,2.36,0.08,0.17
3505,2012-10-10,3.46,3.57,3.59,3.45,146270,51865004.0,4.03,2.88,0.1,0.24
3506,2012-10-11,3.55,3.5,3.56,3.5,86597,30525816.0,1.68,-1.96,-0.07,0.14
3507,2012-10-12,3.52,3.5,3.54,3.47,55281,19378638.0,2.0,0.0,0.0,0.09
3508,2012-10-15,3.48,3.46,3.5,3.44,42712,14806967.0,1.71,-1.14,-0.04,0.07
3509,2012-10-16,3.47,3.47,3.49,3.45,40117,13910080.0,1.16,0.29,0.01,0.07
3510,2012-10-17,3.47,3.48,3.5,3.45,43886,15238973.0,1.44,0.29,0.01,0.07
3511,2012-10-18,3.49,3.54,3.56,3.47,72984,25758518.0,2.59,1.72,0.06,0.12
3512,2012-10-19,3.54,3.55,3.59,3.53,77241,27510142.0,1.69,0.28,0.01,0.13
3513,2012-10-22,3.54,3.56,3.56,3.51,45858,16230949.0,1.41,0.28,0.01,0.07
3514,2012-10-23,3.56,3.51,3.56,3.5,55897,19746907.0,1.69,-1.4,-0.05,0.09
3515,2012-10-24,3.49,3.53,3.57,3.48,76440,27034872.0,2.56,0.57,0.02,0.12
3516,2012-10-25,3.54,3.61,3.71,3.52,203685,74036758.0,5.38,2.27,0.08,0.33
3517,2012-10-26,3.58,3.44,3.61,3.43,122494,43062797.0,4.99,-4.71,-0.17,0.2
3518,2012-10-29,3.44,3.44,3.48,3.42,48730,16815232.0,1.74,0.0,0.0,0.08
3519,2012-10-30,3.44,3.43,3.47,3.4,48456,16623279.0,2.03,-0.29,-0.01,0.08
3520,2012-10-31,3.43,3.44,3.44,3.41,41749,14300982.0,0.87,0.29,0.01,0.07
3521,2012-11-01,3.44,3.5,3.52,3.44,74214,25881193.0,2.33,1.74,0.06,0.12
3522,2012-11-02,3.5,3.54,3.55,3.5,85977,30282772.0,1.43,1.14,0.04,0.14
3523,2012-11-05,3.53,3.54,3.57,3.52,50841,18001405.0,1.41,0.0,0.0,0.08
3524,2012-11-06,3.53,3.52,3.55,3.45,73676,25704698.0,2.82,-0.56,-0.02,0.12
3525,2012-11-07,3.51,3.52,3.52,3.49,37702,13215471.0,0.85,0.0,0.0,0.06
3526,2012-11-08,3.49,3.49,3.5,3.44,74815,26010633.0,1.7,-0.85,-0.03,0.12
3527,2012-11-09,3.47,3.44,3.49,3.42,57818,19901289.0,2.01,-1.43,-0.05,0.09
3528,2012-11-12,3.44,3.45,3.46,3.42,55560,19127468.0,1.16,0.29,0.01,0.09
3529,2012-11-13,3.45,3.39,3.45,3.38,45863,15607696.0,2.03,-1.74,-0.06,0.07
3530,2012-11-14,3.39,3.41,3.41,3.38,37464,12715618.0,0.88,0.59,0.02,0.06
3531,2012-11-15,3.39,3.33,3.41,3.32,66112,22160984.0,2.64,-2.35,-0.08,0.11
3532,2012-11-16,3.31,3.33,3.33,3.3,58118,19253687.0,0.9,0.0,0.0,0.09
3533,2012-11-19,3.32,3.33,3.35,3.31,35083,11687210.0,1.2,0.0,0.0,0.06
3534,2012-11-20,3.34,3.31,3.35,3.31,38626,12858523.0,1.2,-0.6,-0.02,0.06
3535,2012-11-21,3.33,3.42,3.45,3.31,121679,41183124.0,4.23,3.32,0.11,0.2
3536,2012-11-22,3.4,3.4,3.44,3.39,63302,21617298.0,1.46,-0.58,-0.02,0.1
3537,2012-11-23,3.4,3.4,3.43,3.39,42371,14434683.0,1.18,0.0,0.0,0.07
3538,2012-11-26,3.42,3.4,3.43,3.39,38600,13131683.0,1.18,0.0,0.0,0.06
3539,2012-11-27,3.4,3.39,3.48,3.38,106112,36398304.0,2.94,-0.29,-0.01,0.17
3540,2012-11-28,3.38,3.31,3.39,3.3,65000,21635780.0,2.65,-2.36,-0.08,0.11
3541,2012-11-29,3.31,3.35,3.38,3.31,54436,18182769.0,2.11,1.21,0.04,0.09
3542,2012-11-30,3.33,3.39,3.43,3.33,97979,33330029.0,2.99,1.19,0.04,0.16
3543,2012-12-03,3.39,3.39,3.43,3.35,70903,24062270.0,2.36,0.0,0.0,0.12
3544,2012-12-04,3.39,3.42,3.45,3.38,94300,32264280.0,2.06,0.88,0.03,0.15
3545,2012-12-05,3.42,3.51,3.54,3.39,191220,66629606.0,4.39,2.63,0.09,0.31
3546,2012-12-06,3.52,3.48,3.57,3.48,137846,48568900.0,2.56,-0.85,-0.03,0.22
3547,2012-12-07,3.47,3.57,3.58,3.47,173866,61616677.0,3.16,2.59,0.09,0.28
3548,2012-12-10,3.59,3.63,3.67,3.54,278768,100752967.0,3.64,1.68,0.06,0.45
3549,2012-12-11,3.6,3.6,3.65,3.58,116193,42013784.0,1.93,-0.83,-0.03,0.19
3550,2012-12-12,3.61,3.6,3.66,3.55,122054,43967320.0,3.06,0.0,0.0,0.2
3551,2012-12-13,3.57,3.59,3.67,3.56,203475,73430834.0,3.06,-0.28,-0.01,0.33
3552,2012-12-14,3.58,3.76,3.76,3.54,301318,110662421.0,6.13,4.74,0.17,0.49
3553,2012-12-17,3.75,3.77,3.91,3.74,451930,173296956.0,4.52,0.27,0.01,0.73
3554,2012-12-18,3.76,3.82,3.82,3.69,291912,109776047.0,3.45,1.33,0.05,0.47
3555,2012-12-19,3.79,3.79,3.83,3.75,201072,76263309.0,2.09,-0.79,-0.03,0.33
3556,2012-12-20,3.78,3.79,3.8,3.69,252721,94381235.0,2.9,0.0,0.0,0.41
3557,2012-12-21,3.76,3.74,3.81,3.69,189782,70911610.0,3.17,-1.32,-0.05,0.31
3558,2012-12-24,3.72,3.72,3.75,3.66,153216,56742277.0,2.41,-0.53,-0.02,0.25
3559,2012-12-25,3.69,3.77,3.8,3.67,271236,101827654.0,3.49,1.34,0.05,0.44
3560,2012-12-26,3.77,3.75,3.78,3.71,221478,82871384.0,1.86,-0.53,-0.02,0.36
3561,2012-12-27,3.75,3.78,3.84,3.72,379862,143778892.0,3.2,0.8,0.03,0.62
3562,2012-12-28,3.76,3.79,3.81,3.73,233780,87945538.0,2.12,0.26,0.01,0.38
3563,2012-12-31,3.8,3.88,3.94,3.78,369700,142445958.0,4.22,2.37,0.09,0.6
3564,2013-01-04,4.2,4.25,4.27,4.16,917111,389722928.0,2.84,9.54,0.37,1.49
3565,2013-01-07,4.19,4.21,4.23,4.07,554709,231487145.0,3.76,-0.94,-0.04,0.9
3566,2013-01-08,4.19,4.15,4.25,4.1,304739,127313816.0,3.56,-1.43,-0.06,0.5
3567,2013-01-09,4.14,4.09,4.18,4.03,312390,127428847.0,3.61,-1.45,-0.06,0.51
3568,2013-01-10,4.09,4.13,4.15,4.05,243002,100023615.0,2.44,0.98,0.04,0.4
3569,2013-01-11,4.13,4.03,4.13,4.0,184903,74888643.0,3.15,-2.42,-0.1,0.3
3570,2013-01-14,3.99,4.15,4.17,3.98,288955,118422612.0,4.71,2.98,0.12,0.47
3571,2013-01-15,4.13,4.14,4.24,4.08,243416,101156291.0,3.86,-0.24,-0.01,0.4
3572,2013-01-16,4.14,4.07,4.14,4.04,172409,70488131.0,2.42,-1.69,-0.07,0.28
3573,2013-01-17,4.08,4.05,4.12,4.02,100555,40724639.0,2.46,-0.49,-0.02,0.16
3574,2013-01-18,4.06,4.06,4.1,4.04,174773,71067436.0,1.48,0.25,0.01,0.28
3575,2013-01-21,4.09,4.07,4.1,4.05,150144,61125969.0,1.23,0.25,0.01,0.24
3576,2013-01-22,4.08,4.08,4.08,4.02,179425,72453890.0,1.47,0.25,0.01,0.29
3577,2013-01-23,4.07,4.13,4.24,4.06,323538,134413879.0,4.41,1.23,0.05,0.53
3578,2013-01-24,4.14,4.06,4.17,4.04,212527,87540368.0,3.15,-1.69,-0.07,0.35
3579,2013-01-25,4.07,4.02,4.09,4.0,143154,57637297.0,2.22,-0.99,-0.04,0.23
3580,2013-01-28,4.02,4.06,4.06,4.01,163567,65949296.0,1.24,1.0,0.04,0.27
3581,2013-01-29,4.03,4.04,4.06,4.02,196675,79395682.0,0.99,-0.49,-0.02,0.32
3582,2013-01-30,4.04,4.08,4.09,3.99,198461,80244303.0,2.48,0.99,0.04,0.32
3583,2013-01-31,4.04,3.97,4.04,3.93,328517,130512840.0,2.7,-2.7,-0.11,0.53
3584,2013-02-01,3.95,3.96,3.97,3.91,167846,65986374.0,1.51,-0.25,-0.01,0.27
3585,2013-02-04,3.96,4.0,4.01,3.85,319325,125448155.0,4.04,1.01,0.04,0.52
3586,2013-02-05,3.96,4.03,4.05,3.94,250648,100584276.0,2.75,0.75,0.03,0.41
3587,2013-02-06,4.04,4.02,4.06,3.99,133836,53796206.0,1.74,-0.25,-0.01,0.22
3588,2013-02-07,4.02,4.0,4.02,3.95,206596,82146768.0,1.74,-0.5,-0.02,0.34
3589,2013-02-08,3.98,4.03,4.05,3.98,204847,82489841.0,1.75,0.75,0.03,0.33
3590,2013-02-18,4.04,4.02,4.05,4.01,125403,50517958.0,0.99,-0.25,-0.01,0.2
3591,2013-02-19,4.03,3.94,4.03,3.93,107805,42905702.0,2.49,-1.99,-0.08,0.18
3592,2013-02-20,3.96,3.94,3.97,3.91,105037,41356349.0,1.52,0.0,0.0,0.17
3593,2013-02-21,3.93,3.81,3.93,3.79,216719,83200158.0,3.55,-3.3,-0.13,0.35
3594,2013-02-22,3.82,3.75,3.83,3.71,211450,79444028.0,3.15,-1.57,-0.06,0.34
3595,2013-02-25,3.76,3.71,3.77,3.7,170163,63270448.0,1.87,-1.07,-0.04,0.28
3596,2013-02-26,3.69,3.63,3.69,3.62,175624,64411762.0,1.89,-2.16,-0.08,0.29
3597,2013-02-27,3.64,3.64,3.68,3.63,86612,31558555.0,1.38,0.28,0.01,0.14
3598,2013-02-28,3.65,3.73,3.73,3.64,188745,69770833.0,2.47,2.47,0.09,0.31
3599,2013-03-01,3.73,3.71,3.73,3.68,96099,35520738.0,1.34,-0.54,-0.02,0.16
3600,2013-03-04,3.69,3.57,3.69,3.55,197271,71378674.0,3.77,-3.77,-0.14,0.32
3601,2013-03-05,3.57,3.59,3.61,3.57,155694,55881067.0,1.12,0.56,0.02,0.25
3602,2013-03-06,3.61,3.59,3.62,3.57,151982,54649233.0,1.39,0.0,0.0,0.25
3603,2013-03-07,3.59,3.61,3.62,3.57,208718,75043057.0,1.39,0.56,0.02,0.34
3604,2013-03-08,3.61,3.59,3.64,3.58,138522,50005802.0,1.66,-0.55,-0.02,0.23
3605,2013-03-11,3.59,3.57,3.6,3.55,85712,30565350.0,1.39,-0.56,-0.02,0.14
3606,2013-03-12,3.57,3.52,3.59,3.5,89881,31886078.0,2.52,-1.4,-0.05,0.15
3607,2013-03-13,3.52,3.48,3.53,3.48,88371,30921577.0,1.42,-1.14,-0.04,0.14
3608,2013-03-14,3.48,3.46,3.51,3.46,86561,30101375.0,1.44,-0.57,-0.02,0.14
3609,2013-03-15,3.47,3.48,3.51,3.44,105594,36719026.0,2.02,0.58,0.02,0.17
3610,2013-03-18,3.46,3.42,3.47,3.42,91668,31550316.0,1.44,-1.72,-0.06,0.15
3611,2013-03-19,3.42,3.44,3.45,3.41,105687,36220351.0,1.17,0.58,0.02,0.17
3612,2013-03-20,3.43,3.49,3.5,3.43,113959,39508292.0,2.03,1.45,0.05,0.19
3613,2013-03-21,3.49,3.48,3.51,3.46,105221,36671745.0,1.43,-0.29,-0.01,0.17
3614,2013-03-22,3.47,3.47,3.49,3.45,112352,38969719.0,1.15,-0.29,-0.01,0.18
3615,2013-03-25,3.48,3.51,3.53,3.44,219565,76657535.0,2.59,1.15,0.04,0.36
3616,2013-03-26,3.48,3.44,3.49,3.42,110609,38162131.0,1.99,-1.99,-0.07,0.18
3617,2013-03-27,3.44,3.43,3.46,3.4,83462,28637439.0,1.74,-0.29,-0.01,0.14
3618,2013-03-29,3.36,3.31,3.4,3.3,329260,109630337.0,2.92,-3.5,-0.12,0.54
3619,2013-04-01,3.29,3.29,3.33,3.29,160908,53177405.0,1.21,-0.6,-0.02,0.26
3620,2013-04-02,3.3,3.45,3.45,3.29,359504,121891057.0,4.86,4.86,0.16,0.58
3621,2013-04-03,3.46,3.41,3.46,3.38,221510,75653794.0,2.32,-1.16,-0.04,0.36
3622,2013-04-08,3.36,3.37,3.39,3.33,111863,37603625.0,1.76,-1.17,-0.04,0.18
3623,2013-04-09,3.38,3.4,3.42,3.37,116727,39641767.0,1.48,0.89,0.03,0.19
3624,2013-04-10,3.39,3.42,3.43,3.37,113975,38825172.0,1.76,0.59,0.02,0.19
3625,2013-04-11,3.43,3.44,3.48,3.41,118900,40954335.0,2.05,0.58,0.02,0.19
3626,2013-04-12,3.43,3.39,3.46,3.37,94922,32419025.0,2.62,-1.45,-0.05,0.15
3627,2013-04-15,3.38,3.37,3.39,3.33,90756,30485030.0,1.77,-0.59,-0.02,0.15
3628,2013-04-16,3.35,3.36,3.38,3.33,73012,24487461.0,1.48,-0.3,-0.01,0.12
3629,2013-04-17,3.37,3.34,3.37,3.32,83553,27912862.0,1.49,-0.6,-0.02,0.14
3630,2013-04-18,3.33,3.34,3.36,3.31,78946,26298805.0,1.5,0.0,0.0,0.13
3631,2013-04-19,3.34,3.4,3.4,3.33,124992,42155854.0,2.1,1.8,0.06,0.2
3632,2013-04-22,3.4,3.43,3.45,3.39,149978,51326709.0,1.76,0.88,0.03,0.24
3633,2013-04-23,3.42,3.33,3.42,3.33,96740,32497129.0,2.62,-2.92,-0.1,0.16
3634,2013-04-24,3.34,3.37,3.38,3.33,71491,23982904.0,1.5,1.2,0.04,0.12
3635,2013-04-25,3.36,3.33,3.38,3.33,72508,24285362.0,1.48,-1.19,-0.04,0.12
3636,2013-04-26,3.35,3.35,3.36,3.33,63853,21326895.0,0.9,0.6,0.02,0.1
3637,2013-05-02,3.35,3.27,3.35,3.26,170745,56093849.0,2.69,-2.39,-0.08,0.28
3638,2013-05-03,3.27,3.28,3.31,3.27,207752,68203537.0,1.22,0.31,0.01,0.34
3639,2013-05-06,3.28,3.3,3.32,3.27,135448,44656762.0,1.52,0.61,0.02,0.22
3640,2013-05-07,3.29,3.32,3.33,3.27,144546,47653030.0,1.82,0.61,0.02,0.24
3641,2013-05-08,3.33,3.34,3.35,3.31,120745,40164718.0,1.2,0.6,0.02,0.2
3642,2013-05-09,3.34,3.33,3.36,3.31,122218,40742532.0,1.5,-0.3,-0.01,0.2
3643,2013-05-10,3.32,3.33,3.34,3.3,88166,29325197.0,1.2,0.0,0.0,0.14
3644,2013-05-13,3.33,3.32,3.35,3.31,82810,27551280.0,1.2,-0.3,-0.01,0.13
3645,2013-05-14,3.32,3.3,3.32,3.27,102017,33611411.0,1.51,-0.6,-0.02,0.17
3646,2013-05-15,3.29,3.29,3.3,3.27,63092,20740021.0,0.91,-0.3,-0.01,0.1
3647,2013-05-16,3.3,3.31,3.31,3.27,122220,40223781.0,1.22,0.61,0.02,0.2
3648,2013-05-17,3.3,3.34,3.35,3.29,163421,54229993.0,1.81,0.91,0.03,0.27
3649,2013-05-20,3.34,3.35,3.37,3.33,157790,52838883.0,1.2,0.3,0.01,0.26
3650,2013-05-21,3.35,3.35,3.35,3.33,138483,46264899.0,0.6,0.0,0.0,0.23
3651,2013-05-22,3.35,3.39,3.4,3.33,303925,102399399.0,2.09,1.19,0.04,0.49
3652,2013-05-23,3.37,3.33,3.38,3.33,191619,64252954.0,1.47,-1.77,-0.06,0.31
3653,2013-05-24,3.34,3.34,3.35,3.32,114934,38344811.0,0.9,0.3,0.01,0.19
3654,2013-05-27,3.33,3.33,3.36,3.32,119617,39908627.0,1.2,-0.3,-0.01,0.19
3655,2013-05-28,3.33,3.35,3.36,3.31,138995,46280938.0,1.5,0.6,0.02,0.23
3656,2013-05-29,3.35,3.35,3.37,3.33,166072,55636198.0,1.19,0.0,0.0,0.27
3657,2013-05-30,3.34,3.32,3.35,3.31,148149,49282295.0,1.19,-0.9,-0.03,0.24
3658,2013-05-31,3.32,3.29,3.33,3.28,167905,55548929.0,1.51,-0.9,-0.03,0.27
3659,2013-06-03,3.28,3.28,3.31,3.27,123566,40638687.0,1.22,-0.3,-0.01,0.2
3660,2013-06-04,3.28,3.21,3.29,3.2,231306,74926429.0,2.74,-2.13,-0.07,0.38
3661,2013-06-05,3.2,3.19,3.22,3.18,129767,41456619.0,1.25,-0.62,-0.02,0.21
3662,2013-06-06,3.19,3.15,3.19,3.14,138762,43923899.0,1.57,-1.25,-0.04,0.23
3663,2013-06-07,3.15,3.12,3.16,3.11,129525,40609600.0,1.59,-0.95,-0.03,0.21
3664,2013-06-13,3.1,2.98,3.1,2.96,179619,54019410.0,4.49,-4.49,-0.14,0.29
3665,2013-06-14,2.99,2.97,3.0,2.97,141963,42297184.0,1.01,-0.34,-0.01,0.23
3666,2013-06-17,2.98,2.97,3.02,2.94,174180,51864491.0,2.69,0.0,0.0,0.28
3667,2013-06-18,2.97,2.92,2.98,2.91,192920,56617364.0,2.36,-1.68,-0.05,0.31
3668,2013-06-19,2.91,2.93,2.96,2.85,261270,75835110.0,3.77,0.34,0.01,0.42
3669,2013-06-20,2.89,2.84,2.9,2.84,185165,53107171.0,2.05,-3.07,-0.09,0.3
3670,2013-06-21,2.8,2.85,2.86,2.78,168937,47792483.0,2.82,0.35,0.01,0.27
3671,2013-06-24,2.84,2.71,2.84,2.71,237156,65517556.0,4.56,-4.91,-0.14,0.39
3672,2013-06-25,2.68,2.66,2.72,2.57,311601,82129521.0,5.54,-1.85,-0.05,0.51
3673,2013-06-26,2.65,2.68,2.7,2.61,212657,56308768.0,3.38,0.75,0.02,0.35
3674,2013-06-27,2.67,2.67,2.73,2.64,222546,59471292.0,3.36,-0.37,-0.01,0.36
3675,2013-06-28,2.65,2.62,2.66,2.55,297767,77440635.0,4.12,-1.87,-0.05,0.48
3676,2013-07-01,2.6,2.59,2.6,2.55,166739,42976488.0,1.91,-1.15,-0.03,0.27
3677,2013-07-02,2.58,2.66,2.72,2.56,254809,67018037.0,6.18,2.7,0.07,0.41
3678,2013-07-03,2.64,2.61,2.65,2.6,167519,43863947.0,1.88,-1.88,-0.05,0.27
3679,2013-07-04,2.6,2.61,2.64,2.58,143155,37379694.0,2.3,0.0,0.0,0.23
3680,2013-07-05,2.61,2.62,2.65,2.61,132184,34729497.0,1.53,0.38,0.01,0.21
3681,2013-07-08,2.59,2.52,2.59,2.51,138416,35177454.0,3.05,-3.82,-0.1,0.23
3682,2013-07-09,2.52,2.53,2.54,2.5,83196,20981100.0,1.59,0.4,0.01,0.14
3683,2013-07-10,2.52,2.58,2.58,2.51,119789,30574887.0,2.77,1.98,0.05,0.19
3684,2013-07-11,2.58,2.69,2.71,2.58,387606,103535022.0,5.04,4.26,0.11,0.63
3685,2013-07-12,2.67,2.64,2.7,2.63,157115,41857457.0,2.6,-1.86,-0.05,0.26
3686,2013-07-15,2.68,2.75,2.77,2.67,286522,78475656.0,3.79,4.17,0.11,0.47
3687,2013-07-16,2.73,2.73,2.75,2.69,138678,37713557.0,2.18,-0.73,-0.02,0.23
3688,2013-07-17,2.73,2.74,2.77,2.7,163032,44627717.0,2.56,0.37,0.01,0.27
3689,2013-07-18,2.72,2.71,2.74,2.68,121420,32998964.0,2.19,-1.09,-0.03,0.2
3690,2013-07-19,2.71,2.66,2.73,2.66,98400,26538314.0,2.58,-1.85,-0.05,0.16
3691,2013-07-22,2.66,2.67,2.68,2.64,70941,18857091.0,1.5,0.38,0.01,0.12
3692,2013-07-23,2.68,2.75,2.75,2.67,120326,32800470.0,3.0,3.0,0.08,0.2
3693,2013-07-24,2.75,2.77,2.79,2.73,146846,40608647.0,2.18,0.73,0.02,0.24
3694,2013-07-25,2.78,2.86,2.91,2.75,265082,75717229.0,5.78,3.25,0.09,0.43
3695,2013-07-26,2.85,2.94,2.98,2.83,292907,85741317.0,5.24,2.8,0.08,0.48
3696,2013-07-29,2.9,2.83,2.92,2.83,112401,32096568.0,3.06,-3.74,-0.11,0.18
3697,2013-07-30,2.83,2.84,2.87,2.81,83984,23846307.0,2.12,0.35,0.01,0.14
3698,2013-07-31,2.85,2.82,2.87,2.81,47308,13418366.0,2.11,-0.7,-0.02,0.08
3699,2013-08-01,2.82,2.91,2.94,2.81,102095,29473152.0,4.61,3.19,0.09,0.17
3700,2013-08-02,2.92,2.98,3.0,2.9,189617,56185968.0,3.44,2.41,0.07,0.31
3701,2013-08-05,2.98,3.01,3.04,2.96,151900,45610358.0,2.68,1.01,0.03,0.25
3702,2013-08-06,3.0,3.02,3.09,3.0,102558,31098691.0,2.99,0.33,0.01,0.17
3703,2013-08-07,3.0,2.97,3.02,2.97,105530,31453718.0,1.66,-1.66,-0.05,0.17
3704,2013-08-08,2.97,2.95,2.98,2.93,70176,20728401.0,1.68,-0.67,-0.02,0.11
3705,2013-08-09,2.94,3.01,3.01,2.94,115814,34579182.0,2.37,2.03,0.06,0.19
3706,2013-08-12,3.01,3.08,3.09,3.0,133611,40994198.0,2.99,2.33,0.07,0.22
3707,2013-08-13,3.09,3.19,3.19,3.08,246363,77760987.0,3.57,3.57,0.11,0.4
3708,2013-08-14,3.19,3.14,3.21,3.11,158062,49947203.0,3.13,-1.57,-0.05,0.26
3709,2013-08-15,3.13,3.14,3.19,3.13,79467,25091198.0,1.91,0.0,0.0,0.13
3710,2013-08-16,3.11,3.1,3.19,3.07,128179,40003040.0,3.82,-1.27,-0.04,0.21
3711,2013-08-19,3.09,3.18,3.18,3.08,114188,35968156.0,3.23,2.58,0.08,0.19
3712,2013-08-20,3.18,3.11,3.18,3.1,67696,21217230.0,2.52,-2.2,-0.07,0.11
3713,2013-08-21,3.11,3.08,3.12,3.07,51487,15885305.0,1.61,-0.96,-0.03,0.08
3714,2013-08-22,3.07,3.14,3.15,3.04,114661,35409087.0,3.57,1.95,0.06,0.19
3715,2013-08-23,3.14,3.08,3.15,3.04,72148,22313613.0,3.5,-1.91,-0.06,0.12
3716,2013-08-26,3.09,3.11,3.11,3.06,56524,17454286.0,1.62,0.97,0.03,0.09
3717,2013-08-27,3.1,3.09,3.1,3.06,63503,19569155.0,1.29,-0.64,-0.02,0.1
3718,2013-08-28,3.07,3.02,3.07,3.02,105857,32190350.0,1.62,-2.27,-0.07,0.17
3719,2013-08-29,3.03,3.02,3.05,2.99,79985,24094271.0,1.99,0.0,0.0,0.13
3720,2013-08-30,3.01,3.03,3.07,3.0,84946,25835582.0,2.32,0.33,0.01,0.14
3721,2013-09-02,3.03,3.08,3.08,3.03,82500,25287301.0,1.65,1.65,0.05,0.13
3722,2013-09-03,3.1,3.13,3.14,3.09,83232,25891002.0,1.62,1.62,0.05,0.14
3723,2013-09-04,3.13,3.21,3.27,3.11,179131,57235516.0,5.11,2.56,0.08,0.29
3724,2013-09-05,3.2,3.16,3.2,3.13,83426,26340265.0,2.18,-1.56,-0.05,0.14
3725,2013-09-06,3.14,3.15,3.15,3.11,58099,18184702.0,1.27,-0.32,-0.01,0.09
3726,2013-09-09,3.15,3.19,3.2,3.14,90351,28738873.0,1.9,1.27,0.04,0.15
3727,2013-09-10,3.19,3.25,3.25,3.17,143622,46354518.0,2.51,1.88,0.06,0.23
3728,2013-09-11,3.41,3.41,3.41,3.39,233869,79740151.0,0.62,4.92,0.16,0.38
3729,2013-09-12,3.47,3.39,3.49,3.38,320056,109632614.0,3.23,-0.59,-0.02,0.52
3730,2013-09-13,3.34,3.29,3.37,3.27,160273,53021322.0,2.95,-2.95,-0.1,0.26
3731,2013-09-16,3.29,3.27,3.3,3.25,96733,31629023.0,1.52,-0.61,-0.02,0.16
3732,2013-09-17,3.27,3.22,3.29,3.22,85322,27819078.0,2.14,-1.53,-0.05,0.14
3733,2013-09-18,3.21,3.21,3.23,3.18,68827,22051821.0,1.55,-0.31,-0.01,0.11
3734,2013-09-23,3.23,3.22,3.24,3.2,69041,22203305.0,1.25,0.31,0.01,0.11
3735,2013-09-24,3.21,3.14,3.23,3.14,84039,26611775.0,2.8,-2.48,-0.08,0.14
3736,2013-09-25,3.14,3.1,3.17,3.1,66438,20781171.0,2.23,-1.27,-0.04,0.11
3737,2013-09-26,3.1,3.03,3.11,3.03,84212,25756248.0,2.58,-2.26,-0.07,0.14
3738,2013-09-27,3.03,3.03,3.05,3.0,72867,22018576.0,1.65,0.0,0.0,0.12
3739,2013-09-30,3.02,3.01,3.03,2.99,123489,37108620.0,1.32,-0.66,-0.02,0.2
3740,2013-10-08,2.99,3.03,3.03,2.98,84495,25442149.0,1.66,0.66,0.02,0.14
3741,2013-10-09,3.02,3.06,3.06,3.01,72818,22058713.0,1.65,0.99,0.03,0.12
3742,2013-10-10,3.05,3.02,3.06,3.01,85771,25977581.0,1.63,-1.31,-0.04,0.14
3743,2013-10-11,3.04,3.07,3.07,3.02,96664,29498247.0,1.66,1.66,0.05,0.16
3744,2013-10-14,3.07,3.08,3.1,3.05,103209,31713228.0,1.63,0.33,0.01,0.17
3745,2013-10-15,3.09,3.05,3.09,3.03,94216,28772889.0,1.95,-0.97,-0.03,0.15
3746,2013-10-16,3.06,3.02,3.07,3.02,86362,26297497.0,1.64,-0.98,-0.03,0.14
3747,2013-10-17,3.03,3.03,3.05,3.02,48460,14710382.0,0.99,0.33,0.01,0.08
3748,2013-10-18,3.03,3.03,3.04,3.02,40746,12350233.0,0.66,0.0,0.0,0.07
3749,2013-10-21,3.04,3.09,3.09,3.03,100994,31012391.0,1.98,1.98,0.06,0.16
3750,2013-10-22,3.09,3.06,3.09,3.05,61539,18877552.0,1.29,-0.97,-0.03,0.1
3751,2013-10-23,3.06,3.0,3.08,2.99,99293,30067854.0,2.94,-1.96,-0.06,0.16
3752,2013-10-24,3.0,2.98,3.01,2.98,61288,18343834.0,1.0,-0.67,-0.02,0.1
3753,2013-10-25,2.98,2.94,3.01,2.92,107381,31849402.0,3.02,-1.34,-0.04,0.17
3754,2013-10-28,2.94,2.93,2.94,2.9,69846,20442902.0,1.36,-0.34,-0.01,0.11
3755,2013-10-29,2.93,2.9,2.97,2.88,105980,30983733.0,3.07,-1.02,-0.03,0.17
3756,2013-10-30,2.92,3.0,3.01,2.91,142785,42410265.0,3.45,3.45,0.1,0.23
3757,2013-10-31,3.0,3.02,3.02,2.99,75548,22727443.0,1.0,0.67,0.02,0.12
3758,2013-11-01,3.02,3.05,3.07,3.01,96843,29516727.0,1.99,0.99,0.03,0.16
3759,2013-11-04,3.03,3.06,3.07,3.03,82513,25162546.0,1.31,0.33,0.01,0.13
3760,2013-11-05,3.06,3.04,3.06,3.01,55274,16744715.0,1.63,-0.65,-0.02,0.09
3761,2013-11-06,3.04,3.03,3.07,3.01,58884,17875516.0,1.97,-0.33,-0.01,0.1
3762,2013-11-07,3.03,3.0,3.03,2.99,39977,12011619.0,1.32,-0.99,-0.03,0.07
3763,2013-11-08,2.99,2.96,3.01,2.95,72592,21679655.0,2.0,-1.33,-0.04,0.12
3764,2013-11-11,2.96,3.0,3.01,2.95,45456,13564557.0,2.03,1.35,0.04,0.07
3765,2013-11-12,3.01,3.0,3.02,2.99,34881,10462050.0,1.0,0.0,0.0,0.06
3766,2013-11-13,3.0,2.98,3.0,2.97,54962,16375453.0,1.0,-0.67,-0.02,0.09
3767,2013-11-14,2.98,3.0,3.0,2.96,51218,15270769.0,1.34,0.67,0.02,0.08
3768,2013-11-15,3.0,3.03,3.09,2.99,76101,23159239.0,3.33,1.0,0.03,0.12
3769,2013-11-18,3.04,3.14,3.15,3.03,144889,44805670.0,3.96,3.63,0.11,0.24
3770,2013-11-19,3.14,3.1,3.15,3.08,105503,32727011.0,2.23,-1.27,-0.04,0.17
3771,2013-11-20,3.1,3.12,3.13,3.09,72209,22427052.0,1.29,0.65,0.02,0.12
3772,2013-11-21,3.12,3.08,3.12,3.07,53949,16637663.0,1.6,-1.28,-0.04,0.09
3773,2013-11-22,3.09,3.09,3.1,3.07,52566,16229561.0,0.97,0.32,0.01,0.09
3774,2013-11-25,3.09,3.1,3.11,3.07,82616,25579455.0,1.29,0.32,0.01,0.13
3775,2013-11-26,3.1,3.11,3.13,3.09,64075,19905977.0,1.29,0.32,0.01,0.1
3776,2013-11-27,3.11,3.12,3.13,3.08,74763,23241923.0,1.61,0.32,0.01,0.12
3777,2013-11-28,3.12,3.22,3.24,3.11,186737,59647987.0,4.17,3.21,0.1,0.3
3778,2013-11-29,3.21,3.23,3.26,3.18,99801,32075325.0,2.48,0.31,0.01,0.16
3779,2013-12-02,3.2,3.24,3.26,3.15,174514,56141003.0,3.41,0.31,0.01,0.28
3780,2013-12-03,3.24,3.33,3.4,3.23,213960,71414799.0,5.25,2.78,0.09,0.35
3781,2013-12-04,3.32,3.42,3.48,3.3,239932,82194189.0,5.41,2.7,0.09,0.39
3782,2013-12-05,3.42,3.37,3.44,3.35,117644,39877783.0,2.63,-1.46,-0.05,0.19
3783,2013-12-06,3.36,3.36,3.39,3.32,128531,43032204.0,2.08,-0.3,-0.01,0.21
3784,2013-12-09,3.35,3.3,3.37,3.29,204095,67556553.0,2.38,-1.79,-0.06,0.33
3785,2013-12-10,3.3,3.32,3.34,3.29,112521,37303862.0,1.52,0.61,0.02,0.18
3786,2013-12-11,3.3,3.2,3.31,3.15,162856,52385515.0,4.82,-3.61,-0.12,0.26
3787,2013-12-12,3.18,3.23,3.23,3.17,65538,20986072.0,1.88,0.94,0.03,0.11
3788,2013-12-13,3.21,3.27,3.31,3.2,114553,37361166.0,3.41,1.24,0.04,0.19
3789,2013-12-16,3.26,3.2,3.28,3.17,89575,28882696.0,3.36,-2.14,-0.07,0.15
3790,2013-12-17,3.22,3.19,3.23,3.16,59124,18887309.0,2.19,-0.31,-0.01,0.1
3791,2013-12-18,3.19,3.19,3.21,3.17,37862,12083335.0,1.25,0.0,0.0,0.06
3792,2013-12-19,3.21,3.16,3.23,3.16,58043,18516801.0,2.19,-0.94,-0.03,0.09
3793,2013-12-20,3.17,3.12,3.17,3.08,87078,27137671.0,2.85,-1.27,-0.04,0.14
3794,2013-12-23,3.12,3.12,3.14,3.08,62059,19347205.0,1.92,0.0,0.0,0.1
3795,2013-12-24,3.12,3.12,3.16,3.08,74273,23213704.0,2.56,0.0,0.0,0.12
3796,2013-12-25,3.12,3.15,3.16,3.1,39788,12459033.0,1.92,0.96,0.03,0.06
3797,2013-12-26,3.15,3.1,3.15,3.1,57149,17835326.0,1.59,-1.59,-0.05,0.09
3798,2013-12-27,3.11,3.21,3.22,3.1,105044,33409214.0,3.87,3.55,0.11,0.17
3799,2013-12-30,3.21,3.17,3.23,3.16,39394,12552985.0,2.18,-1.25,-0.04,0.06
3800,2013-12-31,3.18,3.21,3.22,3.17,49637,15900629.0,1.58,1.26,0.04,0.08
3801,2014-01-02,3.2,3.19,3.21,3.17,36615,11668608.0,1.25,-0.62,-0.02,0.06
3802,2014-01-03,3.18,3.17,3.19,3.13,42278,13352139.0,1.88,-0.63,-0.02,0.07
3803,2014-01-06,3.17,3.08,3.17,3.08,65027,20168698.0,2.84,-2.84,-0.09,0.11
3804,2014-01-07,3.08,3.1,3.1,3.07,36583,11310726.0,0.97,0.65,0.02,0.06
3805,2014-01-08,3.1,3.05,3.12,3.04,54927,16882689.0,2.58,-1.61,-0.05,0.09
3806,2014-01-09,3.04,2.98,3.05,2.98,64305,19358963.0,2.3,-2.3,-0.07,0.1
3807,2014-01-10,2.97,2.93,2.98,2.91,52055,15294576.0,2.35,-1.68,-0.05,0.08
3808,2014-01-13,2.93,2.92,2.97,2.92,36282,10652949.0,1.71,-0.34,-0.01,0.06
3809,2014-01-14,2.92,2.96,2.96,2.92,29181,8595281.0,1.37,1.37,0.04,0.05
3810,2014-01-15,2.95,2.96,2.97,2.94,29642,8753991.0,1.01,0.0,0.0,0.05
3811,2014-01-16,2.97,2.99,3.01,2.95,39106,11672687.0,2.03,1.01,0.03,0.06
3812,2014-01-17,2.98,2.94,3.0,2.92,40411,11905147.0,2.68,-1.67,-0.05,0.07
3813,2014-01-20,2.94,2.95,2.95,2.91,27652,8102487.0,1.36,0.34,0.01,0.04
3814,2014-01-21,2.94,2.95,2.98,2.94,30123,8923646.0,1.36,0.0,0.0,0.05
3815,2014-01-22,2.97,3.05,3.06,2.97,88506,26841249.0,3.05,3.39,0.1,0.14
3816,2014-01-23,3.05,3.02,3.05,3.0,56973,17161041.0,1.64,-0.98,-0.03,0.09
3817,2014-01-24,3.01,3.02,3.05,3.0,56041,16930584.0,1.66,0.0,0.0,0.09
3818,2014-01-27,3.0,2.95,3.0,2.94,81831,24211687.0,1.99,-2.32,-0.07,0.13
3819,2014-01-28,2.95,2.95,2.97,2.93,37283,10990862.0,1.36,0.0,0.0,0.06
3820,2014-01-29,2.96,2.95,2.97,2.93,73270,21573270.0,1.36,0.0,0.0,0.12
3821,2014-01-30,2.94,2.93,2.94,2.92,41078,12020521.0,0.68,-0.68,-0.02,0.07
3822,2014-02-07,2.91,2.95,2.95,2.9,41698,12180648.0,1.71,0.68,0.02,0.07
3823,2014-02-10,2.94,2.99,3.0,2.93,104082,30928714.0,2.37,1.36,0.04,0.17
3824,2014-02-11,2.99,3.0,3.01,2.96,75561,22545579.0,1.67,0.33,0.01,0.12
3825,2014-02-12,3.0,3.0,3.01,2.97,82130,24576302.0,1.33,0.0,0.0,0.13
3826,2014-02-13,2.99,2.96,2.99,2.95,121918,36240794.0,1.33,-1.33,-0.04,0.2
3827,2014-02-14,2.96,2.98,2.98,2.95,84733,25139074.0,1.01,0.68,0.02,0.14
3828,2014-02-17,2.98,3.0,3.01,2.98,76608,22937100.0,1.01,0.67,0.02,0.12
3829,2014-02-18,3.0,2.98,3.01,2.96,75337,22460327.0,1.67,-0.67,-0.02,0.12
3830,2014-02-19,2.98,2.99,3.0,2.96,93345,27860152.0,1.34,0.34,0.01,0.15
3831,2014-02-20,2.99,2.98,3.01,2.98,136143,40785421.0,1.0,-0.33,-0.01,0.22
3832,2014-02-21,2.99,2.93,2.99,2.93,96978,28652723.0,2.01,-1.68,-0.05,0.16
3833,2014-02-24,2.92,2.85,2.93,2.84,131962,37855442.0,3.07,-2.73,-0.08,0.21
3834,2014-02-25,2.85,2.8,2.86,2.78,79546,22565228.0,2.81,-1.75,-0.05,0.13
3835,2014-02-26,2.8,2.77,2.8,2.75,79797,22135504.0,1.79,-1.07,-0.03,0.13
3836,2014-02-27,2.77,2.78,2.8,2.77,66072,18390179.0,1.08,0.36,0.01,0.11
3837,2014-02-28,2.78,2.8,2.81,2.76,62889,17508227.0,1.8,0.72,0.02,0.1
3838,2014-03-03,2.8,2.83,2.85,2.79,48012,13557702.0,2.14,1.07,0.03,0.08
3839,2014-03-04,2.81,2.82,2.82,2.79,50328,14119645.0,1.06,-0.35,-0.01,0.08
3840,2014-03-05,2.82,2.83,2.84,2.8,58363,16461763.0,1.42,0.35,0.01,0.09
3841,2014-03-06,2.82,2.82,2.83,2.78,44094,12370066.0,1.77,-0.35,-0.01,0.07
3842,2014-03-07,2.81,2.83,2.84,2.8,42241,11939925.0,1.42,0.35,0.01,0.07
3843,2014-03-10,2.82,2.8,2.91,2.79,138652,39470964.0,4.24,-1.06,-0.03,0.23
3844,2014-03-11,2.8,2.83,2.84,2.78,59374,16683745.0,2.14,1.07,0.03,0.1
3845,2014-03-12,2.83,2.81,2.84,2.79,92757,26080111.0,1.77,-0.71,-0.02,0.15
3846,2014-03-13,2.82,2.85,2.89,2.82,128570,36749481.0,2.49,1.42,0.04,0.21
3847,2014-03-14,2.84,2.82,2.84,2.8,99657,28110173.0,1.4,-1.05,-0.03,0.16
3848,2014-03-17,2.82,2.84,2.85,2.81,117778,33340084.0,1.42,0.71,0.02,0.19
3849,2014-03-18,2.85,2.84,2.85,2.83,69695,19775035.0,0.7,0.0,0.0,0.11
3850,2014-03-19,2.84,2.85,2.85,2.81,79899,22603956.0,1.41,0.35,0.01,0.13
3851,2014-03-20,2.85,2.84,2.86,2.83,60223,17124198.0,1.05,-0.35,-0.01,0.1
3852,2014-03-21,2.83,2.9,2.9,2.83,113459,32583929.0,2.46,2.11,0.06,0.18
3853,2014-03-24,2.89,2.95,2.96,2.88,186352,54528665.0,2.76,1.72,0.05,0.3
3854,2014-03-25,2.94,2.92,2.95,2.91,109747,32112779.0,1.36,-1.02,-0.03,0.18
3855,2014-03-26,2.93,2.93,2.95,2.92,62596,18361002.0,1.03,0.34,0.01,0.1
3856,2014-03-27,2.93,2.9,2.94,2.89,97531,28396604.0,1.71,-1.02,-0.03,0.16
3857,2014-03-28,2.9,2.96,2.96,2.9,144886,42410744.0,2.07,2.07,0.06,0.24
3858,2014-03-31,2.98,2.89,2.98,2.87,162900,47530065.0,3.72,-2.36,-0.07,0.26
3859,2014-04-01,2.86,2.9,2.91,2.85,90335,26086535.0,2.08,0.35,0.01,0.15
3860,2014-04-02,2.89,2.98,2.98,2.89,179972,52963441.0,3.1,2.76,0.08,0.29
3861,2014-04-03,2.97,2.93,2.97,2.91,115773,33997033.0,2.01,-1.68,-0.05,0.19
3862,2014-04-04,2.94,2.94,2.95,2.91,54777,16057313.0,1.37,0.34,0.01,0.09
3863,2014-04-08,2.93,2.98,2.99,2.92,131801,39037947.0,2.38,1.36,0.04,0.21
3864,2014-04-10,2.97,3.28,3.28,2.93,756147,236882474.0,11.74,10.07,0.3,1.23
3865,2014-04-11,3.32,3.34,3.52,3.29,1495412,508384656.0,7.01,1.83,0.06,2.43
3866,2014-04-14,3.28,3.23,3.28,3.19,575563,185491011.0,2.69,-3.29,-0.11,0.94
3867,2014-04-15,3.2,3.16,3.24,3.13,523025,166050226.0,3.41,-2.17,-0.07,0.85
3868,2014-04-16,3.14,3.15,3.18,3.12,248344,78285822.0,1.9,-0.32,-0.01,0.4
3869,2014-04-17,3.16,3.09,3.17,3.08,293179,91230858.0,2.86,-1.9,-0.06,0.48
3870,2014-04-18,3.07,3.1,3.12,3.05,158669,48934271.0,2.27,0.32,0.01,0.26
3871,2014-04-21,3.07,3.05,3.13,3.04,192484,59303840.0,2.9,-1.61,-0.05,0.31
3872,2014-04-22,3.05,3.03,3.06,3.0,215382,65118696.0,1.97,-0.66,-0.02,0.35
3873,2014-04-23,3.02,3.01,3.04,3.0,122533,36949003.0,1.32,-0.66,-0.02,0.2
3874,2014-04-24,3.01,3.01,3.04,2.98,114938,34612088.0,1.99,0.0,0.0,0.19
3875,2014-04-25,3.0,2.95,3.02,2.95,152859,45535757.0,2.33,-1.99,-0.06,0.25
3876,2014-04-28,2.92,2.84,2.94,2.81,209809,60270224.0,4.41,-3.73,-0.11,0.34
3877,2014-04-29,2.83,2.86,2.87,2.83,126056,35914089.0,1.41,0.7,0.02,0.21
3878,2014-04-30,2.89,2.86,2.93,2.84,194351,55702221.0,3.15,0.0,0.0,0.32
3879,2014-05-05,2.84,2.87,2.88,2.82,113358,32260178.0,2.1,0.35,0.01,0.18
3880,2014-05-06,2.86,2.87,2.91,2.85,98679,28467289.0,2.09,0.0,0.0,0.16
3881,2014-05-07,2.88,2.82,2.88,2.82,118174,33608615.0,2.09,-1.74,-0.05,0.19
3882,2014-05-08,2.81,2.83,2.86,2.81,114457,32511812.0,1.77,0.35,0.01,0.19
3883,2014-05-09,2.83,2.84,2.85,2.82,78592,22281678.0,1.06,0.35,0.01,0.13
3884,2014-05-12,2.86,2.93,2.95,2.84,257225,74871950.0,3.87,3.17,0.09,0.42
3885,2014-05-13,2.92,2.9,2.94,2.89,138414,40334008.0,1.71,-1.02,-0.03,0.23
3886,2014-05-14,2.9,2.92,2.94,2.89,106565,31073561.0,1.72,0.69,0.02,0.17
3887,2014-05-15,2.92,2.85,2.92,2.85,169391,48680251.0,2.4,-2.4,-0.07,0.28
3888,2014-05-16,2.84,2.86,2.87,2.84,58636,16731143.0,1.05,0.35,0.01,0.1
3889,2014-05-19,2.86,2.84,2.86,2.83,68677,19486966.0,1.05,-0.7,-0.02,0.11
3890,2014-05-20,2.85,2.82,2.87,2.8,161527,45686480.0,2.46,-0.7,-0.02,0.26
3891,2014-05-21,2.8,2.83,2.83,2.78,123694,34757576.0,1.77,0.35,0.01,0.2
3892,2014-05-22,2.83,2.82,2.85,2.82,94544,26803743.0,1.06,-0.35,-0.01,0.15
3893,2014-05-23,2.83,2.84,2.85,2.81,78635,22231730.0,1.42,0.71,0.02,0.13
3894,2014-05-26,2.84,2.85,2.85,2.83,83215,23623625.0,0.7,0.35,0.01,0.14
3895,2014-05-27,2.84,2.83,2.85,2.83,52743,14958337.0,0.7,-0.7,-0.02,0.09
3896,2014-05-28,2.83,2.85,2.85,2.82,100460,28452446.0,1.06,0.71,0.02,0.16
3897,2014-05-29,2.84,2.81,2.85,2.8,112046,31588697.0,1.75,-1.4,-0.04,0.18
3898,2014-05-30,2.8,2.8,2.82,2.8,147229,41365124.0,0.71,-0.36,-0.01,0.24
3899,2014-06-03,2.8,2.81,2.83,2.79,131955,37146086.0,1.43,0.36,0.01,0.21
3900,2014-06-04,2.81,2.8,2.82,2.79,117508,32945954.0,1.07,-0.36,-0.01,0.19
3901,2014-06-05,2.8,2.81,2.82,2.79,123819,34700658.0,1.07,0.36,0.01,0.2
3902,2014-06-06,2.81,2.82,2.82,2.79,109992,30861104.0,1.07,0.36,0.01,0.18
3903,2014-06-09,2.81,2.82,2.83,2.8,82488,23260666.0,1.06,0.0,0.0,0.13
3904,2014-06-10,2.82,2.84,2.85,2.81,114093,32251106.0,1.42,0.71,0.02,0.19
3905,2014-06-11,2.83,2.84,2.85,2.82,78794,22365174.0,1.06,0.0,0.0,0.13
3906,2014-06-12,2.85,2.87,2.87,2.83,141328,40352887.0,1.41,1.06,0.03,0.23
3907,2014-06-13,2.86,2.87,2.88,2.85,100192,28730461.0,1.05,0.0,0.0,0.16
3908,2014-06-16,2.87,2.91,2.91,2.87,157310,45486355.0,1.39,1.39,0.04,0.26
3909,2014-06-17,2.9,2.87,2.9,2.87,146083,42062443.0,1.03,-1.37,-0.04,0.24
3910,2014-06-18,2.87,2.88,2.89,2.86,111604,32096289.0,1.05,0.35,0.01,0.18
3911,2014-06-19,2.87,2.86,2.91,2.86,201858,58183488.0,1.74,-0.69,-0.02,0.33
3912,2014-06-20,2.85,2.9,2.91,2.85,119446,34501843.0,2.1,1.4,0.04,0.19
3913,2014-06-23,2.9,2.89,2.91,2.88,55179,15989280.0,1.03,-0.34,-0.01,0.09
3914,2014-06-24,2.89,2.91,2.94,2.89,131030,38177285.0,1.73,0.69,0.02,0.21
3915,2014-06-25,2.91,2.92,2.93,2.89,107797,31362504.0,1.37,0.34,0.01,0.18
3916,2014-06-26,2.92,2.96,2.96,2.91,120798,35467333.0,1.71,1.37,0.04,0.2
3917,2014-06-27,2.96,3.09,3.14,2.95,498024,152855850.0,6.42,4.39,0.13,0.81
3918,2014-06-30,3.06,3.05,3.18,3.04,306468,94968038.0,4.53,-1.29,-0.04,0.5
3919,2014-07-01,3.05,3.06,3.07,3.02,111792,34122540.0,1.64,0.33,0.01,0.18
3920,2014-07-02,3.05,3.07,3.08,3.02,123139,37540792.0,1.96,0.33,0.01,0.2
3921,2014-07-03,3.07,3.14,3.16,3.06,208679,65315509.0,3.26,2.28,0.07,0.34
3922,2014-07-04,3.13,3.1,3.14,3.08,108550,33751580.0,1.91,-1.27,-0.04,0.18
3923,2014-07-07,3.09,3.11,3.12,3.07,73530,22768338.0,1.61,0.32,0.01,0.12
3924,2014-07-08,3.11,3.1,3.12,3.07,67227,20810050.0,1.61,-0.32,-0.01,0.11
3925,2014-07-09,3.1,3.04,3.1,3.03,115121,35290590.0,2.26,-1.94,-0.06,0.19
3926,2014-07-10,3.03,3.03,3.05,3.01,92580,28076648.0,1.32,-0.33,-0.01,0.15
3927,2014-07-11,3.02,3.13,3.13,3.02,154554,48011389.0,3.63,3.3,0.1,0.25
3928,2014-07-14,3.13,3.19,3.2,3.11,126269,39945785.0,2.88,1.92,0.06,0.21
3929,2014-07-15,3.18,3.23,3.36,3.17,435186,142152263.0,5.96,1.25,0.04,0.71
3930,2014-07-16,3.23,3.25,3.32,3.19,260779,85047459.0,4.02,0.62,0.02,0.42
3931,2014-07-17,3.23,3.17,3.25,3.14,195183,62286768.0,3.38,-2.46,-0.08,0.32
3932,2014-07-18,3.16,3.2,3.21,3.14,138566,43967635.0,2.21,0.95,0.03,0.23
3933,2014-07-21,3.18,3.19,3.21,3.14,192235,61154337.0,2.19,-0.31,-0.01,0.31
3934,2014-07-22,3.18,3.21,3.22,3.16,80299,25698406.0,1.88,0.63,0.02,0.13
3935,2014-07-23,3.2,3.24,3.33,3.19,178753,58438943.0,4.36,0.93,0.03,0.29
3936,2014-07-24,3.23,3.28,3.29,3.22,143420,46714633.0,2.16,1.23,0.04,0.23
3937,2014-07-25,3.27,3.33,3.33,3.27,208669,68808541.0,1.83,1.52,0.05,0.34
3938,2014-07-28,3.33,3.37,3.43,3.33,256926,86765572.0,3.0,1.2,0.04,0.42
3939,2014-07-29,3.37,3.34,3.37,3.29,220693,73455185.0,2.37,-0.89,-0.03,0.36
3940,2014-07-30,3.32,3.35,3.37,3.31,201751,67473938.0,1.8,0.3,0.01,0.33
3941,2014-07-31,3.33,3.45,3.49,3.32,317800,108191501.0,5.07,2.99,0.1,0.52
3942,2014-08-01,3.43,3.43,3.49,3.42,280582,96975142.0,2.03,-0.58,-0.02,0.46
3943,2014-08-04,3.43,3.55,3.55,3.41,292510,102458835.0,4.08,3.5,0.12,0.48
3944,2014-08-05,3.55,3.59,3.69,3.53,389800,140815752.0,4.51,1.13,0.04,0.63
3945,2014-08-06,3.58,3.59,3.64,3.51,305881,109243166.0,3.62,0.0,0.0,0.5
3946,2014-08-07,3.58,3.55,3.63,3.54,255843,91529842.0,2.51,-1.11,-0.04,0.42
3947,2014-08-08,3.53,3.55,3.55,3.46,221513,77570495.0,2.54,0.0,0.0,0.36
3948,2014-08-11,3.52,3.59,3.62,3.51,213268,76474332.0,3.1,1.13,0.04,0.35
3949,2014-08-12,3.59,3.59,3.62,3.57,133813,47979684.0,1.39,0.0,0.0,0.22
3950,2014-08-13,3.59,3.55,3.59,3.49,280240,99009914.0,2.79,-1.11,-0.04,0.46
3951,2014-08-14,3.53,3.47,3.53,3.46,304031,106129733.0,1.97,-2.25,-0.08,0.49
3952,2014-08-15,3.46,3.48,3.49,3.42,190165,65751534.0,2.02,0.29,0.01,0.31
3953,2014-08-18,3.48,3.49,3.51,3.46,102765,35876222.0,1.44,0.29,0.01,0.17
3954,2014-08-19,3.49,3.59,3.6,3.49,219752,77973611.0,3.15,2.87,0.1,0.36
3955,2014-08-20,3.58,3.55,3.59,3.5,210830,74784389.0,2.51,-1.11,-0.04,0.34
3956,2014-08-21,3.53,3.5,3.54,3.46,135289,47296319.0,2.25,-1.41,-0.05,0.22
3957,2014-08-22,3.49,3.5,3.51,3.46,87001,30388409.0,1.43,0.0,0.0,0.14
3958,2014-08-25,3.51,3.45,3.51,3.44,128506,44473044.0,2.0,-1.43,-0.05,0.21
3959,2014-08-26,3.44,3.37,3.45,3.36,168057,57064121.0,2.61,-2.32,-0.08,0.27
3960,2014-08-27,3.37,3.42,3.43,3.36,117704,39933138.0,2.08,1.48,0.05,0.19
3961,2014-08-28,3.39,3.35,3.41,3.34,103749,35007890.0,2.05,-2.05,-0.07,0.17
3962,2014-08-29,3.35,3.37,3.37,3.32,73167,24501979.0,1.49,0.6,0.02,0.12
3963,2014-09-01,3.37,3.4,3.41,3.36,89373,30327859.0,1.48,0.89,0.03,0.15
3964,2014-09-02,3.41,3.45,3.47,3.38,151176,51740647.0,2.65,1.47,0.05,0.25
3965,2014-09-03,3.45,3.48,3.55,3.45,376301,130987582.0,2.9,0.87,0.03,0.61
3966,2014-09-04,3.48,3.54,3.56,3.46,338821,119294316.0,2.87,1.72,0.06,0.55
3967,2014-09-05,3.53,3.51,3.53,3.46,306793,107193842.0,1.98,-0.85,-0.03,0.5
3968,2014-09-09,3.5,3.52,3.54,3.48,218135,76703557.0,1.71,0.28,0.01,0.35
3969,2014-09-10,3.51,3.53,3.57,3.46,327304,115244710.0,3.13,0.28,0.01,0.53
3970,2014-09-11,3.52,3.47,3.54,3.46,269882,94478743.0,2.27,-1.7,-0.06,0.44
3971,2014-09-12,3.47,3.48,3.49,3.45,157775,54748437.0,1.15,0.29,0.01,0.26
3972,2014-09-15,3.48,3.51,3.52,3.47,258029,90240697.0,1.44,0.86,0.03,0.42
3973,2014-09-16,3.51,3.52,3.67,3.51,704706,252040379.0,4.56,0.28,0.01,1.15
3974,2014-09-17,3.5,3.49,3.51,3.43,275146,95461982.0,2.27,-0.85,-0.03,0.45
3975,2014-09-18,3.48,3.54,3.56,3.46,264084,93032333.0,2.87,1.43,0.05,0.43
3976,2014-09-19,3.53,3.54,3.57,3.5,159737,56479935.0,1.98,0.0,0.0,0.26
3977,2014-09-22,3.54,3.44,3.55,3.43,206828,71901797.0,3.39,-2.82,-0.1,0.34
3978,2014-09-23,3.43,3.45,3.47,3.42,143459,49440397.0,1.45,0.29,0.01,0.23
3979,2014-09-24,3.44,3.5,3.51,3.43,205594,71549189.0,2.32,1.45,0.05,0.33
3980,2014-09-25,3.52,3.52,3.56,3.5,273024,96385052.0,1.71,0.57,0.02,0.44
3981,2014-09-26,3.5,3.51,3.54,3.47,271351,95145982.0,1.99,-0.28,-0.01,0.44
3982,2014-09-29,3.52,3.52,3.55,3.51,336631,118645560.0,1.14,0.28,0.01,0.55
3983,2014-09-30,3.53,3.53,3.55,3.51,238518,84199441.0,1.14,0.28,0.01,0.39
3984,2014-10-08,3.53,3.6,3.62,3.52,503630,179265737.0,2.83,1.98,0.07,0.82
3985,2014-10-09,3.59,3.64,3.65,3.54,570481,205631347.0,3.06,1.11,0.04,0.93
3986,2014-10-10,3.62,3.64,3.67,3.58,446960,161769579.0,2.47,0.0,0.0,0.73
3987,2014-10-13,3.63,3.63,3.65,3.59,430147,155590357.0,1.65,-0.27,-0.01,0.7
3988,2014-10-14,3.62,3.71,3.77,3.61,759091,281544672.0,4.41,2.2,0.08,1.23
3989,2014-10-15,3.7,4.08,4.08,3.65,1365478,539765184.0,11.59,9.97,0.37,2.22
3990,2014-10-16,4.11,3.99,4.35,3.98,2363538,989373376.0,9.07,-2.21,-0.09,3.84
3991,2014-10-17,3.9,3.85,4.0,3.76,916188,355299520.0,6.02,-3.51,-0.14,1.49
3992,2014-10-20,3.87,3.95,3.98,3.8,789978,306296544.0,4.68,2.6,0.1,1.28
3993,2014-10-21,3.91,3.81,3.98,3.8,632402,245653246.0,4.56,-3.54,-0.14,1.03
3994,2014-10-22,3.8,3.78,3.84,3.73,486989,184199116.0,2.89,-0.79,-0.03,0.79
3995,2014-10-23,3.77,3.66,3.77,3.65,440725,163488230.0,3.17,-3.17,-0.12,0.72
3996,2014-10-24,3.66,3.65,3.7,3.63,232354,85209624.0,1.91,-0.27,-0.01,0.38
3997,2014-10-27,3.65,3.71,3.73,3.63,298778,110344649.0,2.74,1.64,0.06,0.49
3998,2014-10-28,3.71,3.86,3.89,3.68,621288,237356291.0,5.66,4.04,0.15,1.01
3999,2014-10-29,3.89,4.0,4.08,3.81,1146813,452491856.0,6.99,3.63,0.14,1.87
4000,2014-10-30,4.0,4.03,4.15,3.96,1086076,440108320.0,4.75,0.75,0.03,1.77
4001,2014-10-31,4.12,4.09,4.29,4.02,1346265,558233904.0,6.7,1.49,0.06,2.19
4002,2014-11-03,4.07,4.22,4.25,4.03,1112171,464213120.0,5.38,3.18,0.13,1.81
4003,2014-11-04,4.2,4.17,4.22,4.1,835020,347166096.0,2.84,-1.18,-0.05,1.36
4004,2014-11-05,4.16,4.1,4.27,4.06,799204,333292400.0,5.04,-1.68,-0.07,1.3
4005,2014-11-06,4.06,4.08,4.13,4.0,521789,211684725.0,3.17,-0.49,-0.02,0.85
4006,2014-11-07,4.08,4.03,4.16,4.0,597804,244213273.0,3.92,-1.23,-0.05,0.97
4007,2014-11-10,4.09,4.25,4.3,4.05,1215473,511191728.0,6.2,5.46,0.22,1.98
4008,2014-11-11,4.28,4.19,4.45,4.16,1282574,549597280.0,6.82,-1.41,-0.06,2.09
4009,2014-11-12,4.16,4.29,4.3,4.12,657635,276790368.0,4.3,2.39,0.1,1.07
4010,2014-11-13,4.26,4.34,4.37,4.17,1056378,451750656.0,4.66,1.17,0.05,1.72
4011,2014-11-14,4.29,4.22,4.31,4.18,582534,246866744.0,3.0,-2.76,-0.12,0.95
4012,2014-11-17,4.27,4.13,4.28,4.12,506383,211293449.0,3.79,-2.13,-0.09,0.82
4013,2014-11-18,4.1,4.04,4.12,4.03,479209,194740954.0,2.18,-2.18,-0.09,0.78
4014,2014-11-19,4.01,4.04,4.07,4.01,251285,101444524.0,1.49,0.0,0.0,0.41
4015,2014-11-20,4.01,4.03,4.07,4.01,212564,85906263.0,1.49,-0.25,-0.01,0.35
4016,2014-11-21,4.03,4.12,4.14,4.02,304419,124198324.0,2.98,2.23,0.09,0.5
4017,2014-11-24,4.18,4.23,4.28,4.13,636554,268818624.0,3.64,2.67,0.11,1.04
4018,2014-11-25,4.23,4.26,4.29,4.18,547759,232220723.0,2.6,0.71,0.03,0.89
4019,2014-11-26,4.27,4.21,4.29,4.17,620174,261216933.0,2.82,-1.17,-0.05,1.01
4020,2014-11-27,4.23,4.23,4.27,4.17,554498,234246816.0,2.38,0.48,0.02,0.9
4021,2014-11-28,4.23,4.36,4.41,4.2,1161806,501032464.0,4.96,3.07,0.13,1.89
4022,2014-12-01,4.36,4.67,4.8,4.36,1833577,840253312.0,10.09,7.11,0.31,2.98
4023,2014-12-02,4.68,4.85,4.98,4.53,1584835,746394976.0,9.64,3.85,0.18,2.58
4024,2014-12-03,4.86,4.95,5.23,4.8,1705867,857834288.0,8.87,2.06,0.1,2.77
4025,2014-12-04,4.94,5.21,5.21,4.87,1285334,650442736.0,6.87,5.25,0.26,2.09
4026,2014-12-05,5.23,5.03,5.44,4.81,1305839,670435984.0,12.09,-3.45,-0.18,2.12
4027,2014-12-08,5.01,5.35,5.44,4.86,1364269,707276048.0,11.53,6.36,0.32,2.22
4028,2014-12-09,5.3,5.25,5.88,5.22,1897680,1046189712.0,12.34,-1.87,-0.1,3.09
4029,2014-12-10,5.24,5.56,5.65,5.08,1095174,589598512.0,10.86,5.9,0.31,1.78
4030,2014-12-11,5.5,6.08,6.1,5.44,1472706,846352976.0,11.87,9.35,0.52,2.4
4031,2014-12-12,6.08,5.91,6.15,5.82,978798,581017056.0,5.43,-2.8,-0.17,1.59
4032,2014-12-15,5.86,5.76,5.91,5.58,769812,440510176.0,5.58,-2.54,-0.15,1.25
4033,2014-12-16,5.7,5.9,5.98,5.68,810337,473532592.0,5.21,2.43,0.14,1.32
4034,2014-12-17,5.85,5.85,6.09,5.69,933516,549164528.0,6.78,-0.85,-0.05,1.52
4035,2014-12-18,5.89,5.81,5.98,5.76,707323,415706064.0,3.76,-0.68,-0.04,1.15
4036,2014-12-19,5.76,6.3,6.35,5.7,1554919,936510864.0,11.19,8.43,0.49,2.53
4037,2014-12-22,6.39,6.3,6.79,6.16,1577135,1023692736.0,10.0,0.0,0.0,2.56
4038,2014-12-23,6.23,5.79,6.23,5.78,886326,530146944.0,7.14,-8.1,-0.51,1.44
4039,2014-12-24,5.79,5.56,5.85,5.44,795054,442727536.0,7.08,-3.97,-0.23,1.29
4040,2014-12-25,5.56,5.87,5.87,5.54,700945,400178480.0,5.94,5.58,0.31,1.14
4041,2014-12-26,5.88,6.03,6.06,5.76,763758,452662704.0,5.11,2.73,0.16,1.24
4042,2014-12-29,6.03,6.03,6.18,5.93,857070,519944928.0,4.15,0.0,0.0,1.39
4043,2014-12-30,6.05,5.96,6.13,5.89,676240,406817344.0,3.98,-1.16,-0.07,1.1
4044,2014-12-31,5.99,6.15,6.19,5.97,679238,413836816.0,3.69,3.19,0.19,1.1
4045,2015-01-05,6.13,6.48,6.55,6.13,1148422,733988592.0,6.83,5.37,0.33,1.87
4046,2015-01-06,6.39,6.35,6.48,6.23,791741,502245152.0,3.86,-2.01,-0.13,1.29
4047,2015-01-07,6.3,6.35,6.54,6.24,774032,493607936.0,4.72,0.0,0.0,1.26
4048,2015-01-08,6.37,6.05,6.38,6.03,768595,472439856.0,5.51,-4.72,-0.3,1.25
4049,2015-01-09,6.01,5.9,6.17,5.86,728592,436536768.0,5.12,-2.48,-0.15,1.18
4050,2015-01-12,5.86,5.65,5.86,5.62,661420,377673328.0,4.07,-4.24,-0.25,1.08
4051,2015-01-13,5.63,5.6,5.7,5.57,370902,208624423.0,2.3,-0.88,-0.05,0.6
4052,2015-01-14,5.63,5.57,5.64,5.51,276763,154641357.0,2.32,-0.54,-0.03,0.45
4053,2015-01-15,5.57,5.82,5.85,5.51,536237,302218496.0,6.1,4.49,0.25,0.87
4054,2015-01-16,5.81,5.81,5.85,5.75,386521,224427018.0,1.72,-0.17,-0.01,0.63
4055,2015-01-19,5.49,5.23,5.62,5.23,611411,329900992.0,6.71,-9.98,-0.58,0.99
4056,2015-01-20,5.22,5.3,5.37,5.19,422252,223019439.0,3.44,1.34,0.07,0.69
4057,2015-01-21,5.32,5.5,5.55,5.26,529831,286203600.0,5.47,3.77,0.2,0.86
4058,2015-01-22,5.5,5.54,5.62,5.44,450615,250019038.0,3.27,0.73,0.04,0.73
4059,2015-01-23,5.55,5.48,5.66,5.43,425279,236030973.0,4.15,-1.08,-0.06,0.69
4060,2015-01-26,5.5,5.61,5.62,5.45,353555,196345785.0,3.1,2.37,0.13,0.57
4061,2015-01-27,5.61,5.53,5.64,5.44,384246,212786447.0,3.57,-1.43,-0.08,0.62
4062,2015-01-28,5.49,5.4,5.51,5.37,316655,172409855.0,2.53,-2.35,-0.13,0.51
4063,2015-01-29,5.34,5.43,5.5,5.28,468057,252889876.0,4.07,0.56,0.03,0.76
4064,2015-01-30,5.42,5.33,5.52,5.3,299106,162275569.0,4.05,-1.84,-0.1,0.49
4065,2015-02-02,5.21,5.09,5.23,5.08,358734,184603971.0,2.81,-4.5,-0.24,0.58
4066,2015-02-03,5.1,5.18,5.19,5.07,278590,143048380.0,2.36,1.77,0.09,0.45
4067,2015-02-04,5.22,5.3,5.45,5.22,584210,312989264.0,4.44,2.32,0.12,0.95
4068,2015-02-05,5.42,5.13,5.42,5.11,369837,194391798.0,5.85,-3.21,-0.17,0.6
4069,2015-02-06,5.1,4.94,5.24,4.92,455230,231037416.0,6.24,-3.7,-0.19,0.74
4070,2015-02-09,4.93,4.94,5.01,4.84,262949,129659955.0,3.44,0.0,0.0,0.43
4071,2015-02-10,4.96,5.06,5.1,4.96,281947,142646345.0,2.83,2.43,0.12,0.46
4072,2015-02-11,5.03,5.1,5.12,5.01,280891,142678257.0,2.17,0.79,0.04,0.46
4073,2015-02-12,5.13,5.11,5.17,5.06,191587,97952788.0,2.16,0.2,0.01,0.31
4074,2015-02-13,5.17,5.33,5.41,5.13,568383,302495552.0,5.48,4.31,0.22,0.92
4075,2015-02-16,5.38,5.34,5.38,5.27,298933,159613608.0,2.06,0.19,0.01,0.49
4076,2015-02-17,5.36,5.39,5.44,5.33,279210,150477290.0,2.06,0.94,0.05,0.45
4077,2015-02-25,5.39,5.37,5.48,5.37,305433,165382875.0,2.04,-0.37,-0.02,0.5
4078,2015-02-26,5.36,5.48,5.49,5.24,468227,252177323.0,4.66,2.05,0.11,0.76
4079,2015-02-27,5.46,5.52,5.56,5.45,411025,226563642.0,2.01,0.73,0.04,0.67
4080,2015-03-02,5.56,5.69,5.83,5.48,615012,348941696.0,6.34,3.08,0.17,1.0
4081,2015-03-03,5.65,5.47,5.67,5.46,462139,256802755.0,3.69,-3.87,-0.22,0.75
4082,2015-03-04,5.44,5.48,5.53,5.42,284294,155405049.0,2.01,0.18,0.01,0.46
4083,2015-03-05,5.46,5.35,5.47,5.28,351954,188578366.0,3.47,-2.37,-0.13,0.57
4084,2015-03-06,5.36,5.39,5.48,5.32,286374,154603523.0,2.99,0.75,0.04,0.47
4085,2015-03-09,5.36,5.44,5.45,5.29,340002,182301342.0,2.97,0.93,0.05,0.55
4086,2015-03-10,5.43,5.42,5.48,5.39,298031,162329248.0,1.65,-0.37,-0.02,0.48
4087,2015-03-11,5.41,5.39,5.47,5.37,262140,142220368.0,1.85,-0.55,-0.03,0.43
4088,2015-03-12,5.39,5.51,5.53,5.39,400392,218813850.0,2.6,2.23,0.12,0.65
4089,2015-03-13,5.53,5.56,5.6,5.51,460799,255996224.0,1.63,0.91,0.05,0.75
4090,2015-03-16,5.59,5.64,5.67,5.55,465758,261866428.0,2.16,1.44,0.08,0.76
4091,2015-03-17,5.65,5.77,5.81,5.65,849515,486784640.0,2.84,2.3,0.13,1.38
4092,2015-03-18,5.79,6.14,6.15,5.79,1218168,731413696.0,6.24,6.41,0.37,1.98
4093,2015-03-19,6.15,5.98,6.16,5.92,964118,579013184.0,3.91,-2.61,-0.16,1.57
4094,2015-03-20,5.94,6.03,6.12,5.93,761077,456470528.0,3.18,0.84,0.05,1.24
4095,2015-03-23,6.1,6.18,6.24,6.06,999652,615585600.0,2.99,2.49,0.15,1.63
4096,2015-03-24,6.19,6.39,6.6,6.12,1503646,956857104.0,7.77,3.4,0.21,2.45
4097,2015-03-25,6.33,6.11,6.33,6.1,941460,581453664.0,3.6,-4.38,-0.28,1.53
4098,2015-03-26,6.07,6.08,6.24,6.01,679174,414422944.0,3.76,-0.49,-0.03,1.1
4099,2015-03-27,6.09,6.11,6.15,6.06,459912,280768512.0,1.48,0.49,0.03,0.75
4100,2015-03-30,6.14,6.32,6.35,6.14,935624,584895584.0,3.44,3.44,0.21,1.52
4101,2015-03-31,6.34,6.32,6.55,6.28,1460080,939388160.0,4.27,0.0,0.0,2.37
4102,2015-04-01,6.31,6.33,6.39,6.26,749243,472723136.0,2.06,0.16,0.01,1.22
4103,2015-04-02,6.36,6.32,6.37,6.23,747426,471868448.0,2.21,-0.16,-0.01,1.22
4104,2015-04-03,6.28,6.48,6.54,6.24,1158218,745204192.0,4.75,2.53,0.16,1.88
4105,2015-04-07,6.51,6.57,6.58,6.49,1011751,661957952.0,1.39,1.39,0.09,1.65
4106,2015-04-08,6.6,6.51,6.62,6.32,1072157,695264048.0,4.57,-0.91,-0.06,1.74
4107,2015-04-09,6.59,6.56,6.64,6.33,1118010,727852848.0,4.76,0.77,0.05,1.82
4108,2015-04-10,6.53,6.79,6.85,6.43,1519280,1006580064.0,6.4,3.51,0.23,2.47
4109,2015-04-13,7.0,7.13,7.39,6.9,1953665,1395002384.0,7.22,5.01,0.34,3.18
4110,2015-04-14,7.1,7.12,7.26,6.94,1320687,937661376.0,4.49,-0.14,-0.01,2.15
4111,2015-04-15,7.05,6.86,7.09,6.85,928904,647558880.0,3.37,-3.65,-0.26,1.51
4112,2015-04-16,6.79,6.94,6.95,6.7,775794,532059024.0,3.64,1.17,0.08,1.26
4113,2015-04-17,6.99,7.12,7.34,6.98,1393820,995397792.0,5.19,2.59,0.18,2.27
4114,2015-04-20,7.11,7.16,7.56,6.93,1702764,1232921376.0,8.85,0.56,0.04,2.77
4115,2015-04-21,7.18,7.36,7.42,7.08,1226527,889422784.0,4.75,2.79,0.2,1.99
4116,2015-04-22,7.39,7.62,7.77,7.35,1500223,1135349200.0,5.71,3.53,0.26,2.44
4117,2015-04-23,7.8,7.98,8.26,7.8,2051052,1644113184.0,6.04,4.72,0.36,3.34
4118,2015-04-24,7.76,7.7,7.96,7.6,1200729,930723408.0,4.51,-3.51,-0.28,1.95
4119,2015-04-27,7.73,8.1,8.19,7.65,1709210,1358205712.0,7.01,5.19,0.4,2.78
4120,2015-04-28,8.01,7.69,8.25,7.66,1303593,1030667840.0,7.28,-5.06,-0.41,2.12
4121,2015-04-29,7.63,7.58,7.78,7.48,821507,625712000.0,3.9,-1.43,-0.11,1.34
4122,2015-04-30,7.53,7.31,7.62,7.28,941334,695192016.0,4.49,-3.56,-0.27,1.53
4123,2015-05-04,7.35,7.74,7.8,7.35,1186526,902602656.0,6.16,5.88,0.43,1.93
4124,2015-05-05,7.75,7.12,7.75,7.03,951871,701750864.0,9.3,-8.01,-0.62,1.55
4125,2015-05-06,7.1,6.75,7.19,6.66,820637,571752576.0,7.44,-5.2,-0.37,1.33
4126,2015-05-07,6.66,6.39,6.8,6.33,805878,525487856.0,6.96,-5.33,-0.36,1.31
4127,2015-05-08,6.53,6.64,6.64,6.39,584037,380868464.0,3.91,3.91,0.25,0.95
4128,2015-05-11,6.68,6.82,6.83,6.63,657434,443844272.0,3.01,2.71,0.18,1.07
4129,2015-05-12,6.82,6.85,6.94,6.73,630623,431756416.0,3.08,0.44,0.03,1.03
4130,2015-05-13,7.3,7.54,7.54,7.05,1095600,813607424.0,7.15,10.07,0.69,1.78
4131,2015-05-14,7.6,7.31,7.7,7.14,1581082,1161835744.0,7.43,-3.05,-0.23,2.57
4132,2015-05-15,7.2,6.93,7.2,6.91,809488,568200816.0,3.97,-5.2,-0.38,1.32
4133,2015-05-18,6.87,6.76,6.9,6.72,498724,339322960.0,2.6,-2.45,-0.17,0.81
4134,2015-05-19,6.75,7.02,7.05,6.75,643711,447486544.0,4.44,3.85,0.26,1.05
4135,2015-05-20,7.01,7.0,7.15,6.94,802657,564783376.0,2.99,-0.28,-0.02,1.31
4136,2015-05-21,6.99,7.03,7.04,6.9,553666,385724704.0,2.0,0.43,0.03,0.9
4137,2015-05-22,7.08,7.3,7.35,7.08,1002632,726549408.0,3.84,3.84,0.27,1.63
4138,2015-05-25,7.3,7.5,7.5,7.25,1125679,834969760.0,3.42,2.74,0.2,1.83
4139,2015-05-26,7.59,7.61,7.65,7.35,1256250,945883984.0,4.0,1.47,0.11,2.04
4140,2015-05-27,7.61,7.81,7.93,7.4,1547291,1188678736.0,6.96,2.63,0.2,2.52
4141,2015-05-28,7.71,7.05,7.98,7.03,1386932,1052264656.0,12.16,-9.73,-0.76,2.26
4142,2015-05-29,7.02,7.01,7.18,6.76,863664,604066960.0,5.96,-0.57,-0.04,1.4
4143,2015-06-01,7.02,7.36,7.4,6.97,786340,567781360.0,6.13,4.99,0.35,1.28
4144,2015-06-02,7.36,7.63,7.82,7.36,1089761,826190512.0,6.25,3.67,0.27,1.77
4145,2015-06-03,7.73,7.6,7.73,7.46,965113,731444192.0,3.54,-0.39,-0.03,1.57
4146,2015-06-04,7.61,7.8,7.8,7.0,1167726,887758560.0,10.53,2.63,0.2,1.9
4147,2015-06-05,7.9,8.18,8.25,7.75,1968972,1575592656.0,6.41,4.87,0.38,3.2
4148,2015-06-08,8.21,8.23,8.46,8.0,1641103,1350942240.0,5.62,0.61,0.05,2.67
4149,2015-06-09,8.2,8.1,8.35,7.99,1321479,1077638896.0,4.37,-1.58,-0.13,2.15
4150,2015-06-10,8.01,8.0,8.14,7.81,1118370,893847440.0,4.07,-1.23,-0.1,1.82
4151,2015-06-11,7.97,8.06,8.12,7.9,790079,633568176.0,2.75,0.75,0.06,1.28
4152,2015-06-12,8.11,8.17,8.19,7.97,1214978,982580432.0,2.73,1.36,0.11,1.98
4153,2015-06-15,8.2,8.51,8.89,8.1,2255654,1913282704.0,9.67,4.16,0.34,3.67
4154,2015-06-16,8.48,7.88,8.48,7.86,1261654,1026555072.0,7.29,-7.4,-0.63,2.05
4155,2015-06-17,7.86,8.12,8.35,7.65,1046063,837636368.0,8.88,3.05,0.24,1.7
4156,2015-06-18,8.12,7.92,8.42,7.91,1348108,1104796000.0,6.28,-2.46,-0.2,2.19
4157,2015-06-19,7.7,7.13,7.85,7.13,909499,684706016.0,9.09,-9.97,-0.79,1.48
4158,2015-06-23,7.17,7.41,7.43,6.79,852264,615283504.0,8.98,3.93,0.28,1.39
4159,2015-06-24,7.46,7.81,7.85,7.35,1134270,866167280.0,6.75,5.4,0.4,1.84
4160,2015-06-25,7.8,7.64,7.97,7.5,1133558,882972672.0,6.02,-2.18,-0.17,1.84
4161,2015-06-26,7.35,6.94,7.58,6.88,1112467,800398272.0,9.16,-9.16,-0.7,1.81
4162,2015-06-29,7.16,6.85,7.3,6.35,1089441,753750096.0,13.69,-1.3,-0.09,1.77
4163,2015-06-30,6.85,7.3,7.33,6.4,1019471,706428640.0,13.58,6.57,0.45,1.66
4164,2015-07-01,7.2,6.98,7.49,6.92,1032932,754936192.0,7.81,-4.38,-0.32,1.68
4165,2015-07-02,6.86,6.43,7.08,6.32,870921,583410704.0,10.89,-7.88,-0.55,1.42
4166,2015-07-03,6.34,5.79,6.39,5.79,915739,549170304.0,9.33,-9.95,-0.64,1.49
4167,2015-07-06,6.35,5.81,6.35,5.31,1023615,593807232.0,17.96,0.35,0.02,1.66
4168,2015-07-07,5.68,5.97,5.97,5.23,1697107,948800864.0,12.74,2.75,0.16,2.76
4169,2015-07-08,5.49,5.38,5.84,5.37,1753408,989379312.0,7.87,-9.88,-0.59,2.85
4170,2015-07-09,5.38,5.92,5.92,5.38,934399,534986032.0,10.04,10.04,0.54,1.52
4171,2015-07-10,6.1,6.51,6.51,5.92,1063420,680656112.0,9.97,9.97,0.59,1.73
4172,2015-07-13,6.52,6.96,7.04,6.46,1356782,917167936.0,8.91,6.91,0.45,2.21
4173,2015-07-14,6.73,6.43,6.85,6.36,975826,647581936.0,7.04,-7.61,-0.53,1.59
4174,2015-07-15,6.3,5.8,6.31,5.79,747349,448737552.0,8.09,-9.8,-0.63,1.22
4175,2015-07-16,5.8,5.95,6.12,5.61,517508,306244144.0,8.79,2.59,0.15,0.84
4176,2015-07-17,5.97,6.23,6.33,5.97,494512,303821984.0,6.05,4.71,0.28,0.8
4177,2015-07-20,6.24,6.17,6.37,6.11,515028,320920592.0,4.17,-0.96,-0.06,0.84
4178,2015-07-21,6.13,6.19,6.27,6.04,445027,275043408.0,3.73,0.32,0.02,0.72
4179,2015-07-22,6.2,6.2,6.26,6.02,448804,276803648.0,3.88,0.16,0.01,0.73
4180,2015-07-23,6.2,6.39,6.44,6.16,650479,412100528.0,4.52,3.06,0.19,1.06
4181,2015-07-24,6.33,6.2,6.48,6.11,666788,422224640.0,5.79,-2.97,-0.19,1.08
4182,2015-07-27,6.1,5.58,6.14,5.58,649518,383273776.0,9.03,-10.0,-0.62,1.06
4183,2015-07-28,5.4,5.59,5.67,5.24,621378,338043408.0,7.71,0.18,0.01,1.01
4184,2015-07-29,5.68,5.86,5.87,5.53,342937,194788724.0,6.08,4.83,0.27,0.56
4185,2015-07-30,5.81,5.58,5.93,5.57,348012,202128287.0,6.14,-4.78,-0.28,0.57
4186,2015-07-31,5.52,5.74,5.78,5.46,318245,178104490.0,5.73,2.87,0.16,0.52
4187,2015-08-03,5.7,6.31,6.31,5.62,768612,460697184.0,12.02,9.93,0.57,1.25
4188,2015-08-04,6.27,6.33,6.38,6.02,595204,371114288.0,5.71,0.32,0.02,0.97
4189,2015-08-05,6.33,6.33,6.39,6.11,464588,290724432.0,4.42,0.0,0.0,0.76
4190,2015-08-06,6.29,6.12,6.32,6.1,311493,193729235.0,3.48,-3.32,-0.21,0.51
4191,2015-08-07,6.16,6.19,6.26,6.12,263784,163707981.0,2.29,1.14,0.07,0.43
4192,2015-08-10,6.29,6.5,6.58,6.27,794335,512957408.0,5.01,5.01,0.31,1.29
4193,2015-08-11,6.45,6.5,6.7,6.38,668720,435596944.0,4.92,0.0,0.0,1.09
4194,2015-08-12,6.43,6.42,6.64,6.38,417171,271761552.0,4.0,-1.23,-0.08,0.68
4195,2015-08-13,6.4,6.48,6.49,6.23,356931,228786869.0,4.05,0.93,0.06,0.58
4196,2015-08-14,6.5,6.41,6.57,6.39,368361,238969362.0,2.78,-1.08,-0.07,0.6
4197,2015-08-17,6.34,6.78,6.89,6.3,853980,572445904.0,9.2,5.77,0.37,1.39
4198,2015-08-18,6.78,6.45,7.13,6.3,1298149,890718016.0,12.24,-4.87,-0.33,2.11
4199,2015-08-19,6.3,7.1,7.1,6.21,1654675,1140222416.0,13.8,10.08,0.65,2.69
4200,2015-08-20,7.15,6.99,7.32,6.75,1620273,1145243488.0,8.03,-1.55,-0.11,2.64
4201,2015-08-21,6.8,6.29,6.82,6.29,798361,516644784.0,7.58,-10.01,-0.7,1.3
4202,2015-08-24,5.67,5.66,5.86,5.66,389565,221315716.0,3.18,-10.02,-0.63,0.63
4203,2015-08-25,5.09,5.09,5.19,5.09,605105,308232800.0,1.77,-10.07,-0.57,0.98
4204,2015-08-26,5.0,4.58,5.17,4.58,883080,423841408.0,11.59,-10.02,-0.51,1.44
4205,2015-08-27,4.68,4.7,4.75,4.26,866743,396960704.0,10.7,2.62,0.12,1.41
4206,2015-08-28,4.75,5.05,5.07,4.7,947288,458616608.0,7.87,7.45,0.35,1.54
4207,2015-08-31,5.05,5.13,5.13,4.68,914020,447112032.0,8.91,1.58,0.08,1.49
4208,2015-09-01,5.07,5.26,5.43,4.89,1039189,539913440.0,10.53,2.53,0.13,1.69
4209,2015-09-02,4.9,5.75,5.79,4.81,1267795,688677392.0,18.63,9.32,0.49,2.06
4210,2015-09-07,5.56,5.47,5.88,5.41,410603,232862814.0,8.17,-4.87,-0.28,0.67
4211,2015-09-08,5.48,5.5,5.57,5.06,334499,178932385.0,9.32,0.55,0.03,0.54
4212,2015-09-09,5.44,5.62,5.8,5.42,367745,205458443.0,6.91,2.18,0.12,0.6
4213,2015-09-10,5.53,5.36,5.6,5.35,249561,136160395.0,4.45,-4.63,-0.26,0.41
4214,2015-09-11,5.34,5.3,5.5,5.23,151879,81016298.0,5.04,-1.12,-0.06,0.25
4215,2015-09-14,5.37,5.02,5.52,4.89,329811,174643961.0,11.89,-5.28,-0.28,0.54
4216,2015-09-15,5.0,4.6,5.08,4.53,375781,181209828.0,10.96,-8.37,-0.42,0.61
4217,2015-09-16,4.68,4.98,5.05,4.62,291451,139988556.0,9.35,8.26,0.38,0.47
4218,2015-09-17,4.9,4.89,5.14,4.84,343583,171565923.0,6.02,-1.81,-0.09,0.56
4219,2015-09-18,4.94,4.93,5.07,4.82,225006,110942429.0,5.11,0.82,0.04,0.37
4220,2015-09-21,4.86,5.01,5.04,4.81,238505,117821702.0,4.67,1.62,0.08,0.39
4221,2015-09-22,4.99,5.04,5.15,4.98,265855,134321012.0,3.39,0.6,0.03,0.43
4222,2015-09-23,4.99,4.84,4.99,4.79,244049,119177742.0,3.97,-3.97,-0.2,0.4
4223,2015-09-24,4.85,4.9,4.92,4.82,135838,66231241.0,2.07,1.24,0.06,0.22
4224,2015-09-25,4.86,4.68,4.89,4.66,162398,77436828.0,4.69,-4.49,-0.22,0.26
4225,2015-09-28,4.7,4.76,4.76,4.64,78872,37175110.0,2.56,1.71,0.08,0.13
4226,2015-09-29,4.69,4.7,4.78,4.64,148924,70006096.0,2.94,-1.26,-0.06,0.24
4227,2015-09-30,4.73,4.71,4.77,4.7,97135,45960093.0,1.49,0.21,0.01,0.16
4228,2015-10-08,4.86,4.86,4.93,4.8,160970,78291702.0,2.76,3.18,0.15,0.26
4229,2015-10-09,4.85,4.93,4.94,4.83,150660,73666691.0,2.26,1.44,0.07,0.25
4230,2015-10-12,4.95,5.1,5.14,4.91,320616,162167934.0,4.67,3.45,0.17,0.52
4231,2015-10-13,5.07,5.05,5.09,5.01,224670,113465428.0,1.57,-0.98,-0.05,0.37
4232,2015-10-14,5.02,5.03,5.17,5.02,231825,118286746.0,2.97,-0.4,-0.02,0.38
4233,2015-10-15,4.98,5.09,5.1,4.95,465493,234136644.0,2.98,1.19,0.06,0.76
4234,2015-10-16,5.06,5.11,5.12,5.04,439880,223554113.0,1.57,0.39,0.02,0.72
4235,2015-10-19,5.11,5.04,5.15,5.0,325917,165240970.0,2.94,-1.37,-0.07,0.53
4236,2015-10-20,5.03,5.07,5.07,5.01,221890,111918813.0,1.19,0.6,0.03,0.36
4237,2015-10-21,5.07,4.76,5.13,4.72,444624,222177055.0,8.09,-6.11,-0.31,0.72
4238,2015-10-22,4.77,4.85,4.88,4.71,242968,116547829.0,3.57,1.89,0.09,0.4
4239,2015-10-23,4.86,4.9,4.91,4.81,212289,103289132.0,2.06,1.03,0.05,0.35
4240,2015-10-26,4.94,4.86,4.97,4.83,269944,131943247.0,2.86,-0.82,-0.04,0.44
4241,2015-10-27,4.84,4.82,4.84,4.7,188437,89836627.0,2.88,-0.82,-0.04,0.31
4242,2015-10-28,4.81,4.79,4.88,4.75,221585,106909262.0,2.7,-0.62,-0.03,0.36
4243,2015-10-29,4.77,4.82,4.84,4.74,240317,114926007.0,2.09,0.63,0.03,0.39
4244,2015-10-30,4.8,4.74,4.8,4.73,147307,70036428.0,1.45,-1.66,-0.08,0.24
4245,2015-11-02,4.67,4.62,4.72,4.6,153778,71857494.0,2.53,-2.53,-0.12,0.25
4246,2015-11-03,4.6,4.58,4.67,4.57,106737,49259334.0,2.16,-0.87,-0.04,0.17
4247,2015-11-04,4.59,4.77,4.77,4.59,212486,100056421.0,3.93,4.15,0.19,0.35
4248,2015-11-05,4.75,5.03,5.25,4.73,794592,399686832.0,10.9,5.45,0.26,1.29
4249,2015-11-06,5.01,5.05,5.12,4.91,464482,232023759.0,4.17,0.4,0.02,0.76
4250,2015-11-09,5.0,5.06,5.13,4.95,498722,252408151.0,3.56,0.2,0.01,0.81
4251,2015-11-10,5.03,5.08,5.12,5.0,426527,216143810.0,2.37,0.4,0.02,0.69
4252,2015-11-11,5.1,5.11,5.24,5.07,452323,233291917.0,3.35,0.59,0.03,0.74
4253,2015-11-12,5.08,5.03,5.09,4.97,306429,154249714.0,2.35,-1.57,-0.08,0.5
4254,2015-11-13,4.98,4.93,5.03,4.92,209817,103964430.0,2.19,-1.99,-0.1,0.34
4255,2015-11-16,4.85,4.93,4.93,4.84,167787,81897730.0,1.83,0.0,0.0,0.27
4256,2015-11-17,4.95,4.93,5.0,4.91,206547,102507736.0,1.83,0.0,0.0,0.34
4257,2015-11-18,4.93,4.89,4.96,4.88,137046,67439251.0,1.62,-0.81,-0.04,0.22
4258,2015-11-19,4.9,4.94,4.94,4.89,133427,65608439.0,1.02,1.02,0.05,0.22
4259,2015-11-20,4.93,4.94,4.95,4.91,156450,77095088.0,0.81,0.0,0.0,0.25
4260,2015-11-23,4.92,4.87,4.94,4.85,159967,78401710.0,1.82,-1.42,-0.07,0.26
4261,2015-11-24,4.86,4.82,4.88,4.75,169707,81308420.0,2.67,-1.03,-0.05,0.28
4262,2015-11-25,4.79,4.85,4.85,4.79,124207,59833482.0,1.24,0.62,0.03,0.2
4263,2015-11-26,4.84,4.85,4.89,4.82,136666,66248565.0,1.44,0.0,0.0,0.22
4264,2015-11-27,4.83,4.58,4.84,4.55,218160,102412215.0,5.98,-5.57,-0.27,0.35
4265,2015-11-30,4.6,4.56,4.63,4.46,161271,73346585.0,3.71,-0.44,-0.02,0.26
4266,2015-12-01,4.56,4.62,4.63,4.49,136637,62254641.0,3.07,1.32,0.06,0.22
4267,2015-12-02,4.59,4.75,4.77,4.56,188879,88360766.0,4.55,2.81,0.13,0.31
4268,2015-12-03,4.7,4.77,4.82,4.69,176580,83884408.0,2.74,0.42,0.02,0.29
4269,2015-12-04,4.73,4.65,4.75,4.63,130070,61080951.0,2.52,-2.52,-0.12,0.21
4270,2015-12-07,4.66,4.65,4.69,4.59,109037,50620526.0,2.15,0.0,0.0,0.18
4271,2015-12-08,4.62,4.52,4.62,4.51,113305,51482012.0,2.37,-2.8,-0.13,0.18
4272,2015-12-09,4.5,4.56,4.66,4.49,116947,53482845.0,3.76,0.88,0.04,0.19
4273,2015-12-10,4.54,4.51,4.59,4.51,76554,34770562.0,1.75,-1.1,-0.05,0.12
4274,2015-12-11,4.51,4.51,4.52,4.46,75325,33806624.0,1.33,0.0,0.0,0.12
4275,2015-12-14,4.48,4.63,4.64,4.46,147305,67213098.0,3.99,2.66,0.12,0.24
4276,2015-12-15,4.61,4.59,4.64,4.56,94325,43334142.0,1.73,-0.86,-0.04,0.15
4277,2015-12-16,4.6,4.61,4.62,4.57,115658,53186456.0,1.09,0.44,0.02,0.19
4278,2015-12-17,4.63,4.83,4.85,4.63,437988,208846735.0,4.77,4.77,0.22,0.71
4279,2015-12-18,4.76,4.77,4.82,4.73,220737,105429759.0,1.86,-1.24,-0.06,0.36
4280,2015-12-21,4.78,4.88,4.88,4.76,225809,109187098.0,2.52,2.31,0.11,0.37
4281,2015-12-22,4.87,4.89,4.96,4.83,198745,97295738.0,2.66,0.2,0.01,0.32
4282,2015-12-23,4.86,4.78,4.9,4.75,158487,76373409.0,3.07,-2.25,-0.11,0.26
4283,2015-12-24,4.75,4.85,4.85,4.71,134293,64280805.0,2.93,1.46,0.07,0.22
4284,2015-12-25,4.9,4.86,4.9,4.8,132346,64321087.0,2.06,0.21,0.01,0.22
4285,2015-12-28,4.98,4.72,4.98,4.7,180980,87909454.0,5.76,-2.88,-0.14,0.29
4286,2015-12-29,4.7,4.78,4.8,4.67,105031,49722176.0,2.75,1.27,0.06,0.17
4287,2015-12-30,4.77,4.76,4.8,4.73,90725,43232607.0,1.46,-0.42,-0.02,0.15
4288,2015-12-31,4.76,4.77,4.89,4.76,211100,102127290.0,2.73,0.21,0.01,0.34
4289,2016-01-04,4.82,4.59,4.96,4.45,299937,145222398.0,10.69,-3.77,-0.18,0.49
4290,2016-01-05,4.48,4.83,4.89,4.39,378294,178779720.0,10.89,5.23,0.24,0.62
4291,2016-01-06,4.82,5.19,5.28,4.79,912660,466255248.0,10.14,7.45,0.36,1.48
4292,2016-01-07,5.04,4.68,5.11,4.67,211169,103315085.0,8.48,-9.83,-0.51,0.34
4293,2016-01-08,4.9,5.15,5.15,4.73,760046,385577408.0,8.97,10.04,0.47,1.24
4294,2016-01-11,5.17,5.01,5.33,5.0,843753,436547760.0,6.41,-2.72,-0.14,1.37
4295,2016-01-12,5.02,4.95,5.1,4.8,336199,166135568.0,5.99,-1.2,-0.06,0.55
4296,2016-01-13,4.96,5.14,5.45,4.92,1028985,550543376.0,10.71,3.84,0.19,1.67
4297,2016-01-14,4.92,5.31,5.43,4.8,933534,483646848.0,12.26,3.31,0.17,1.52
4298,2016-01-15,5.16,4.88,5.25,4.79,822835,410029024.0,8.66,-8.1,-0.43,1.34
4299,2016-01-18,4.75,4.69,4.92,4.5,507171,237832393.0,8.61,-3.89,-0.19,0.82
4300,2016-01-19,4.63,4.8,4.82,4.55,362380,170938855.0,5.76,2.35,0.11,0.59
4301,2016-01-20,4.75,4.61,4.76,4.56,318298,148762918.0,4.17,-3.96,-0.19,0.52
4302,2016-01-21,4.55,4.43,4.67,4.4,237571,107476993.0,5.86,-3.9,-0.18,0.39
4303,2016-01-22,4.49,4.51,4.62,4.44,212432,96310813.0,4.06,1.81,0.08,0.35
4304,2016-01-25,4.62,4.82,4.92,4.61,475799,227956925.0,6.87,6.87,0.31,0.77
4305,2016-01-26,4.73,4.45,4.78,4.43,251566,116208643.0,7.26,-7.68,-0.37,0.41
4306,2016-01-27,4.51,4.56,4.62,4.4,241125,109332069.0,4.94,2.47,0.11,0.39
4307,2016-01-28,4.5,4.11,4.5,4.11,220379,94938639.0,8.55,-9.87,-0.45,0.36
4308,2016-01-29,4.01,4.09,4.2,3.98,316697,130090579.0,5.35,-0.49,-0.02,0.52
4309,2016-02-01,4.05,3.81,4.11,3.69,408137,158447961.0,10.27,-6.85,-0.28,0.66
4310,2016-02-02,3.8,3.85,3.88,3.75,234752,89963289.0,3.41,1.05,0.04,0.38
4311,2016-02-03,3.79,3.79,3.8,3.71,179252,67171323.0,2.34,-1.56,-0.06,0.29
4312,2016-02-04,3.81,3.85,3.87,3.8,189595,72815134.0,1.85,1.58,0.06,0.31
4313,2016-02-05,3.89,3.87,3.92,3.83,272307,105585974.0,2.34,0.52,0.02,0.44
4314,2016-02-15,3.74,3.8,3.83,3.71,169818,64208441.0,3.1,-1.81,-0.07,0.28
4315,2016-02-16,3.8,3.92,3.97,3.8,271066,105833845.0,4.47,3.16,0.12,0.44
4316,2016-02-17,3.91,3.97,4.01,3.9,239393,94844403.0,2.81,1.28,0.05,0.39
4317,2016-02-18,3.98,3.97,4.1,3.95,275546,110497108.0,3.78,0.0,0.0,0.45
4318,2016-02-19,3.95,3.96,4.01,3.93,146726,58261353.0,2.02,-0.25,-0.01,0.24
4319,2016-02-22,4.0,4.17,4.32,3.99,474500,197102380.0,8.33,5.3,0.21,0.77
4320,2016-02-23,4.16,4.18,4.19,4.09,313385,129669117.0,2.4,0.24,0.01,0.51
4321,2016-02-24,4.15,4.22,4.24,4.11,272686,114201713.0,3.11,0.96,0.04,0.44
4322,2016-02-25,4.22,3.85,4.22,3.81,363840,145367326.0,9.72,-8.77,-0.37,0.59
4323,2016-02-26,3.88,4.0,4.06,3.86,270672,106995981.0,5.19,3.9,0.15,0.44
4324,2016-02-29,3.95,3.86,4.02,3.7,200817,77790143.0,8.0,-3.5,-0.14,0.33
4325,2016-03-01,3.9,3.98,3.98,3.85,157346,61641895.0,3.37,3.11,0.12,0.26
4326,2016-03-02,4.03,4.3,4.38,4.0,570882,242978415.0,9.55,8.04,0.32,0.93
4327,2016-03-03,4.29,4.21,4.33,4.15,417915,177566279.0,4.19,-2.09,-0.09,0.68
4328,2016-03-04,4.21,4.18,4.34,4.09,322233,136276272.0,5.94,-0.71,-0.03,0.52
4329,2016-03-07,4.35,4.34,4.5,4.27,319784,139582642.0,5.5,3.83,0.16,0.52
4330,2016-03-08,4.58,4.38,4.61,4.28,466777,204986486.0,7.6,0.92,0.04,0.76
4331,2016-03-09,4.2,4.11,4.2,4.03,333950,137632972.0,3.88,-6.16,-0.27,0.54
4332,2016-03-10,4.12,4.04,4.15,4.02,167248,68378067.0,3.16,-1.7,-0.07,0.27
4333,2016-03-11,4.01,4.04,4.1,3.98,144158,58096903.0,2.97,0.0,0.0,0.23
4334,2016-03-14,4.06,4.11,4.18,4.04,263806,108519624.0,3.47,1.73,0.07,0.43
4335,2016-03-15,4.08,4.05,4.11,4.01,164566,66604251.0,2.43,-1.46,-0.06,0.27
4336,2016-03-16,4.05,4.02,4.09,4.0,168538,67981459.0,2.22,-0.74,-0.03,0.27
4337,2016-03-17,4.03,4.09,4.14,4.0,268230,109216082.0,3.48,1.74,0.07,0.44
4338,2016-03-18,4.11,4.2,4.21,4.08,350700,145774375.0,3.18,2.69,0.11,0.57
4339,2016-03-21,4.2,4.28,4.28,4.17,312655,132572411.0,2.62,1.9,0.08,0.51
4340,2016-03-22,4.24,4.19,4.24,4.18,204907,86294646.0,1.4,-2.1,-0.09,0.33
4341,2016-03-23,4.2,4.2,4.23,4.16,156861,65736309.0,1.67,0.24,0.01,0.26
4342,2016-03-24,4.17,4.1,4.17,4.09,206980,85319132.0,1.9,-2.38,-0.1,0.34
4343,2016-03-25,4.08,4.1,4.13,4.07,97987,40116240.0,1.46,0.0,0.0,0.16
4344,2016-03-28,4.11,4.06,4.17,4.04,150576,61890298.0,3.17,-0.98,-0.04,0.24
4345,2016-03-29,4.05,3.98,4.07,3.95,150429,60178472.0,2.96,-1.97,-0.08,0.24
4346,2016-03-30,4.0,4.07,4.07,4.0,135349,54634250.0,1.76,2.26,0.09,0.22
4347,2016-03-31,4.07,4.06,4.08,4.03,127147,51610476.0,1.23,-0.25,-0.01,0.21
4348,2016-04-01,4.05,4.1,4.12,4.03,217739,88961615.0,2.22,0.99,0.04,0.35
4349,2016-04-05,4.08,4.15,4.17,4.07,214144,88586426.0,2.44,1.22,0.05,0.35
4350,2016-04-06,4.16,4.15,4.18,4.1,148020,61397126.0,1.93,0.0,0.0,0.24
4351,2016-04-07,4.16,4.19,4.28,4.09,346209,145549918.0,4.58,0.96,0.04,0.56
4352,2016-04-08,4.14,4.2,4.25,4.11,283817,119047595.0,3.34,0.24,0.01,0.46
4353,2016-04-11,4.24,4.34,4.44,4.24,426467,186951841.0,4.76,3.33,0.14,0.69
4354,2016-04-12,4.34,4.49,4.53,4.3,419468,185891380.0,5.3,3.46,0.15,0.68
4355,2016-04-13,4.51,4.65,4.73,4.51,625010,290409536.0,4.9,3.56,0.16,1.02
4356,2016-04-14,4.66,4.56,4.7,4.48,256056,116335598.0,4.73,-1.94,-0.09,0.42
4357,2016-04-15,4.52,4.44,4.55,4.4,249219,110531364.0,3.29,-2.63,-0.12,0.41
4358,2016-04-18,4.46,4.42,4.47,4.34,219468,96284733.0,2.93,-0.45,-0.02,0.36
4359,2016-04-19,4.42,4.43,4.46,4.36,113107,49957402.0,2.26,0.23,0.01,0.18
4360,2016-04-20,4.52,4.36,4.57,4.25,323668,143135610.0,7.22,-1.58,-0.07,0.53
4361,2016-04-21,4.39,4.46,4.54,4.35,270564,121148039.0,4.36,2.29,0.1,0.44
4362,2016-04-22,4.41,4.32,4.43,4.21,175771,76089222.0,4.93,-3.14,-0.14,0.29
4363,2016-04-25,4.3,4.38,4.42,4.28,166625,72687881.0,3.24,1.39,0.06,0.27
4364,2016-04-26,4.36,4.38,4.38,4.3,88915,38664015.0,1.83,0.0,0.0,0.14
4365,2016-04-27,4.4,4.31,4.4,4.31,76883,33374850.0,2.05,-1.6,-0.07,0.13
4366,2016-04-28,4.3,4.2,4.3,4.13,151639,63795704.0,3.94,-2.55,-0.11,0.25
4367,2016-04-29,4.18,4.15,4.22,4.14,99177,41393577.0,1.9,-1.19,-0.05,0.16
4368,2016-05-03,4.16,4.25,4.28,4.13,165816,70053527.0,3.61,2.41,0.1,0.27
4369,2016-05-04,4.23,4.19,4.24,4.17,123231,51733065.0,1.65,-1.41,-0.06,0.2
4370,2016-05-05,4.18,4.21,4.21,4.16,68882,28860516.0,1.19,0.48,0.02,0.11
4371,2016-05-06,4.19,4.06,4.22,4.05,184870,76130343.0,4.04,-3.56,-0.15,0.3
4372,2016-05-09,4.0,3.86,4.03,3.82,151491,59367568.0,5.17,-4.93,-0.2,0.25
4373,2016-05-10,3.86,3.88,3.91,3.85,76273,29566543.0,1.55,0.52,0.02,0.12
4374,2016-05-11,3.91,3.86,3.93,3.83,107061,41439126.0,2.58,-0.52,-0.02,0.17
4375,2016-05-12,3.75,3.84,3.89,3.75,105342,40221002.0,3.63,-0.52,-0.02,0.17
4376,2016-05-13,3.82,3.82,3.89,3.77,92794,35606151.0,3.13,-0.52,-0.02,0.15
4377,2016-05-16,3.83,3.83,3.84,3.76,102318,38907944.0,2.09,0.26,0.01,0.17
4378,2016-05-17,3.83,3.84,3.88,3.83,107626,41459107.0,1.31,0.26,0.01,0.18
4379,2016-05-18,3.8,3.75,3.81,3.72,94726,35611982.0,2.34,-2.34,-0.09,0.15
4380,2016-05-19,3.77,3.77,3.83,3.75,80083,30337358.0,2.13,0.53,0.02,0.13
4381,2016-05-20,3.73,3.78,3.78,3.72,40644,15265690.0,1.59,0.27,0.01,0.07
4382,2016-05-23,3.78,3.8,3.82,3.77,82676,31354185.0,1.32,0.53,0.02,0.13
4383,2016-05-24,3.79,3.72,3.79,3.71,122201,45632560.0,2.11,-2.11,-0.08,0.2
4384,2016-05-25,3.75,3.74,3.77,3.72,71096,26637779.0,1.34,0.54,0.02,0.12
4385,2016-05-26,3.74,3.75,3.76,3.7,102805,38389336.0,1.6,0.27,0.01,0.17
4386,2016-05-27,3.75,3.79,3.81,3.73,88183,33211064.0,2.13,1.07,0.04,0.14
4387,2016-05-30,3.76,3.77,3.79,3.73,95593,35877857.0,1.58,-0.53,-0.02,0.16
4388,2016-05-31,3.76,3.87,3.88,3.74,263363,100820834.0,3.71,2.65,0.1,0.43
4389,2016-06-01,3.84,3.86,3.88,3.84,152641,58884547.0,1.03,-0.26,-0.01,0.25
4390,2016-06-02,3.85,3.87,3.87,3.84,113073,43586901.0,0.78,0.26,0.01,0.18
4391,2016-06-03,3.87,3.86,3.87,3.84,92898,35816651.0,0.78,-0.26,-0.01,0.15
4392,2016-06-06,3.85,3.89,3.9,3.85,148589,57614912.0,1.3,0.78,0.03,0.24
4393,2016-06-07,3.89,3.86,3.89,3.84,78531,30330937.0,1.29,-0.77,-0.03,0.13
4394,2016-06-08,3.86,3.84,3.86,3.82,83350,31998012.0,1.04,-0.52,-0.02,0.14
4395,2016-06-13,3.81,3.7,3.81,3.7,87607,32959028.0,2.86,-3.65,-0.14,0.14
4396,2016-06-14,3.7,3.69,3.72,3.67,89321,32956347.0,1.35,-0.27,-0.01,0.15
4397,2016-06-15,3.67,3.73,3.75,3.65,94682,35194368.0,2.71,1.08,0.04,0.15
4398,2016-06-16,3.72,3.69,3.73,3.68,74806,27690503.0,1.34,-1.07,-0.04,0.12
4399,2016-06-17,3.7,3.74,3.77,3.69,123993,46309967.0,2.17,1.36,0.05,0.2
4400,2016-06-20,3.72,3.72,3.73,3.69,67374,25003501.0,1.07,-0.53,-0.02,0.11
4401,2016-06-21,3.73,3.69,3.74,3.68,108832,40432215.0,1.61,-0.81,-0.03,0.18
4402,2016-06-22,3.69,3.75,3.75,3.67,139528,51919772.0,2.17,1.63,0.06,0.23
4403,2016-06-23,3.73,3.73,3.75,3.71,71578,26662146.0,1.07,-0.53,-0.02,0.12
4404,2016-06-24,3.72,3.68,3.74,3.62,108767,40141683.0,3.22,-1.34,-0.05,0.18
4405,2016-06-27,3.78,3.85,3.99,3.78,298120,115374562.0,5.71,4.62,0.17,0.48
4406,2016-06-28,3.78,3.82,3.82,3.77,168802,64014116.0,1.3,-0.78,-0.03,0.27
4407,2016-06-29,3.83,3.83,3.86,3.8,124526,47711091.0,1.57,0.26,0.01,0.2
4408,2016-06-30,3.83,3.83,3.84,3.8,92672,35365325.0,1.04,0.0,0.0,0.15
4409,2016-07-01,3.83,3.82,3.84,3.81,75610,28924485.0,0.78,-0.26,-0.01,0.12
4410,2016-07-04,3.83,3.95,3.98,3.82,344839,135218507.0,4.19,3.4,0.13,0.56
4411,2016-07-05,3.96,3.96,4.04,3.93,215405,85481634.0,2.78,0.25,0.01,0.35
4412,2016-07-06,3.93,3.95,3.96,3.9,129574,50944793.0,1.52,-0.25,-0.01,0.21
4413,2016-07-07,3.94,3.98,4.0,3.94,182853,72648973.0,1.52,0.76,0.03,0.3
4414,2016-07-08,4.02,3.98,4.03,3.96,195020,77850739.0,1.76,0.0,0.0,0.32
4415,2016-07-11,4.01,4.01,4.07,3.97,161631,65075958.0,2.51,0.75,0.03,0.26
4416,2016-07-12,4.03,4.23,4.3,4.02,462075,193135567.0,6.98,5.49,0.22,0.75
4417,2016-07-13,4.28,4.23,4.35,4.18,336141,142533232.0,4.02,0.0,0.0,0.55
4418,2016-07-14,4.22,4.21,4.27,4.16,151433,63618161.0,2.6,-0.47,-0.02,0.25
4419,2016-07-15,4.22,4.18,4.42,4.18,313365,134183792.0,5.7,-0.71,-0.03,0.51
4420,2016-07-18,4.22,4.17,4.23,4.15,181894,76192416.0,1.91,-0.24,-0.01,0.3
4421,2016-07-19,4.15,4.12,4.17,4.05,213538,87415150.0,2.88,-1.2,-0.05,0.35
4422,2016-07-20,4.1,4.11,4.12,4.08,98492,40370414.0,0.97,-0.24,-0.01,0.16
4423,2016-07-21,4.11,4.16,4.17,4.1,177695,73669617.0,1.7,1.22,0.05,0.29
4424,2016-07-22,4.14,4.17,4.28,4.11,302158,126730312.0,4.09,0.24,0.01,0.49
4425,2016-07-25,4.12,4.22,4.24,4.12,132081,55578484.0,2.88,1.2,0.05,0.21
4426,2016-07-26,4.22,4.3,4.34,4.2,403268,173255498.0,3.32,1.9,0.08,0.66
4427,2016-07-27,4.31,4.18,4.33,4.1,418896,176046773.0,5.35,-2.79,-0.12,0.68
4428,2016-07-28,4.15,4.12,4.19,4.1,177704,73620834.0,2.15,-1.44,-0.06,0.29
4429,2016-07-29,4.12,4.1,4.14,4.09,75804,31152669.0,1.21,-0.49,-0.02,0.12
4430,2016-08-01,4.1,4.13,4.14,4.06,159980,65664218.0,1.95,0.73,0.03,0.26
4431,2016-08-02,4.13,4.16,4.16,4.1,72668,30064458.0,1.45,0.73,0.03,0.12
4432,2016-08-03,4.15,4.13,4.15,4.11,69925,28853189.0,0.96,-0.72,-0.03,0.11
4433,2016-08-04,4.13,4.14,4.14,4.09,56637,23347151.0,1.21,0.24,0.01,0.09
4434,2016-08-05,4.14,4.16,4.2,4.13,102146,42534050.0,1.69,0.48,0.02,0.17
4435,2016-08-08,4.17,4.3,4.34,4.17,280895,120101820.0,4.09,3.37,0.14,0.46
4436,2016-08-09,4.29,4.28,4.31,4.25,107308,45885091.0,1.4,-0.47,-0.02,0.17
4437,2016-08-10,4.28,4.31,4.46,4.28,201774,88101522.0,4.21,0.7,0.03,0.33
4438,2016-08-11,4.3,4.29,4.46,4.29,185559,80932786.0,3.94,-0.46,-0.02,0.3
4439,2016-08-12,4.29,4.39,4.39,4.27,150417,65401680.0,2.8,2.33,0.1,0.24
4440,2016-08-15,4.38,4.47,4.49,4.34,224587,99366467.0,3.42,1.82,0.08,0.37
4441,2016-08-16,4.46,4.6,4.69,4.44,355807,162405871.0,5.59,2.91,0.13,0.58
4442,2016-08-17,4.61,4.63,4.86,4.54,461154,216974856.0,6.96,0.65,0.03,0.75
4443,2016-08-18,4.6,4.6,4.62,4.52,187538,85839943.0,2.16,-0.65,-0.03,0.3
4444,2016-08-19,4.6,4.53,4.63,4.48,137726,62415024.0,3.26,-1.52,-0.07,0.22
4445,2016-08-22,4.53,4.52,4.56,4.48,107593,48594599.0,1.77,-0.22,-0.01,0.17
4446,2016-08-23,4.5,4.54,4.57,4.49,92669,42058644.0,1.77,0.44,0.02,0.15
4447,2016-08-24,4.55,4.53,4.56,4.51,62906,28553892.0,1.1,-0.22,-0.01,0.1
4448,2016-08-25,4.51,4.58,4.66,4.44,268122,122732941.0,4.86,1.1,0.05,0.44
4449,2016-08-26,4.56,4.56,4.61,4.5,120294,54916867.0,2.4,-0.44,-0.02,0.2
4450,2016-08-29,4.55,4.57,4.62,4.5,108680,49738760.0,2.63,0.22,0.01,0.18
4451,2016-08-30,4.59,4.56,4.62,4.53,74045,33806986.0,1.97,-0.22,-0.01,0.12
4452,2016-08-31,4.56,4.52,4.57,4.48,107285,48466114.0,1.97,-0.88,-0.04,0.17
4453,2016-09-01,4.52,4.45,4.53,4.45,106799,47918474.0,1.77,-1.55,-0.07,0.17
4454,2016-09-02,4.45,4.47,4.49,4.45,78803,35242207.0,0.9,0.45,0.02,0.13
4455,2016-09-05,4.48,4.56,4.59,4.47,155402,70832908.0,2.68,2.01,0.09,0.25
4456,2016-09-06,4.58,4.57,4.6,4.47,151964,68969680.0,2.85,0.22,0.01,0.25
4457,2016-09-07,4.56,4.55,4.64,4.54,135244,62179625.0,2.19,-0.44,-0.02,0.22
4458,2016-09-08,4.55,4.55,4.58,4.53,90533,41179838.0,1.1,0.0,0.0,0.15
4459,2016-09-09,4.55,4.5,4.55,4.48,160443,72383073.0,1.54,-1.1,-0.05,0.26
4460,2016-09-12,4.47,4.36,4.47,4.36,152602,67113943.0,2.44,-3.11,-0.14,0.25
4461,2016-09-13,4.38,4.35,4.44,4.34,69235,30304304.0,2.29,-0.23,-0.01,0.11
4462,2016-09-14,4.35,4.35,4.38,4.32,45486,19792907.0,1.38,0.0,0.0,0.07
4463,2016-09-19,4.35,4.49,4.5,4.35,125730,55767458.0,3.45,3.22,0.14,0.2
4464,2016-09-21,4.53,4.8,4.94,4.5,988903,480809584.0,9.8,6.9,0.31,1.61
4465,2016-09-22,4.7,4.71,4.78,4.62,497576,233437211.0,3.33,-1.88,-0.09,0.81
4466,2016-09-23,4.8,4.7,4.91,4.7,464025,222504925.0,4.46,-0.21,-0.01,0.75
4467,2016-09-26,4.73,4.61,4.82,4.61,322344,151995310.0,4.47,-1.91,-0.09,0.52
4468,2016-09-27,4.6,4.61,4.68,4.47,302780,138523108.0,4.56,0.0,0.0,0.49
4469,2016-09-28,4.61,4.58,4.61,4.53,147692,67497193.0,1.74,-0.65,-0.03,0.24
4470,2016-09-29,4.53,4.59,4.63,4.52,177350,81389946.0,2.4,0.22,0.01,0.29
4471,2016-09-30,4.57,4.52,4.62,4.45,285865,129271362.0,3.7,-1.53,-0.07,0.46
4472,2016-10-10,4.61,4.61,4.75,4.58,319273,147823760.0,3.76,1.99,0.09,0.52
4473,2016-10-11,4.61,4.53,4.61,4.45,489321,220553003.0,3.47,-1.74,-0.08,0.8
4474,2016-10-12,4.5,4.45,4.52,4.45,249272,111576916.0,1.55,-1.77,-0.08,0.41
4475,2016-10-13,4.43,4.47,4.49,4.43,166805,74542232.0,1.35,0.45,0.02,0.27
4476,2016-10-14,4.5,4.47,4.53,4.45,168039,75263061.0,1.79,0.0,0.0,0.27
4477,2016-10-17,4.49,4.51,4.61,4.46,286235,129618618.0,3.36,0.89,0.04,0.47
4478,2016-10-18,4.5,4.56,4.56,4.47,221452,100029097.0,2.0,1.11,0.05,0.36
4479,2016-10-19,4.57,4.49,4.58,4.47,311361,140849652.0,2.41,-1.54,-0.07,0.51
4480,2016-10-20,4.5,4.49,4.53,4.48,154066,69329418.0,1.11,0.0,0.0,0.25
4481,2016-10-21,4.49,4.48,4.54,4.46,242829,109009062.0,1.78,-0.22,-0.01,0.39
4482,2016-10-24,4.48,4.56,4.58,4.48,355235,161410041.0,2.23,1.79,0.08,0.58
4483,2016-10-25,4.59,4.63,4.65,4.57,358124,164962842.0,1.75,1.54,0.07,0.58
4484,2016-10-26,4.59,4.64,4.64,4.56,316214,145686570.0,1.73,0.22,0.01,0.51
4485,2016-10-27,4.65,4.61,4.72,4.58,365767,170276539.0,3.02,-0.65,-0.03,0.59
4486,2016-10-28,4.58,4.56,4.61,4.55,187135,85623885.0,1.3,-1.08,-0.05,0.3
4487,2016-10-31,4.56,4.53,4.57,4.47,169954,76643961.0,2.19,-0.66,-0.03,0.28
4488,2016-11-01,4.53,4.54,4.56,4.51,125849,57034333.0,1.1,0.22,0.01,0.2
4489,2016-11-02,4.52,4.47,4.53,4.47,185476,83446564.0,1.32,-1.54,-0.07,0.3
4490,2016-11-03,4.47,4.5,4.52,4.46,180628,81135489.0,1.34,0.67,0.03,0.29
4491,2016-11-04,4.5,4.49,4.51,4.47,118134,53076777.0,0.89,-0.22,-0.01,0.19
4492,2016-11-07,4.51,4.59,4.61,4.47,302838,137975342.0,3.12,2.23,0.1,0.49
4493,2016-11-08,4.59,4.58,4.62,4.53,239287,109259394.0,1.96,-0.22,-0.01,0.39
4494,2016-11-09,4.58,4.55,4.6,4.49,229999,104668217.0,2.4,-0.66,-0.03,0.37
4495,2016-11-10,4.6,4.68,4.69,4.59,519965,241710521.0,2.2,2.86,0.13,0.85
4496,2016-11-11,4.68,4.86,4.91,4.65,647954,310126720.0,5.56,3.85,0.18,1.05
4497,2016-11-14,4.8,4.9,5.02,4.77,603508,295259632.0,5.14,0.82,0.04,0.98
4498,2016-11-15,4.91,4.86,5.03,4.83,488383,241164561.0,4.08,-0.82,-0.04,0.79
4499,2016-11-16,4.85,4.84,4.91,4.76,317662,152975115.0,3.09,-0.41,-0.02,0.52
4500,2016-11-17,4.85,4.86,4.9,4.82,208013,101108268.0,1.65,0.41,0.02,0.34
4501,2016-11-18,4.86,4.8,4.9,4.78,168762,81849958.0,2.47,-1.23,-0.06,0.27
4502,2016-11-21,4.8,4.83,4.87,4.76,159736,77157582.0,2.29,0.63,0.03,0.26
4503,2016-11-22,4.82,4.94,4.97,4.82,234330,115406622.0,3.11,2.28,0.11,0.38
4504,2016-11-23,4.98,4.93,5.0,4.9,224780,111102050.0,2.02,-0.2,-0.01,0.37
4505,2016-11-24,4.94,4.95,5.0,4.91,222630,110388703.0,1.83,0.41,0.02,0.36
4506,2016-11-25,4.95,5.15,5.17,4.91,417934,211073828.0,5.25,4.04,0.2,0.68
4507,2016-11-28,5.2,5.27,5.41,5.16,464842,245488080.0,4.85,2.33,0.12,0.76
4508,2016-11-29,5.26,5.39,5.75,5.23,766954,422494368.0,9.87,2.28,0.12,1.25
4509,2016-11-30,5.3,5.21,5.41,5.16,432751,227319372.0,4.64,-3.34,-0.18,0.7
4510,2016-12-01,5.24,5.59,5.65,5.17,580090,315598784.0,9.21,7.29,0.38,0.94
4511,2016-12-02,5.57,5.65,6.0,5.51,711538,408913440.0,8.77,1.07,0.06,1.16
4512,2016-12-05,5.59,5.55,5.89,5.47,402857,227275467.0,7.43,-1.77,-0.1,0.66
4513,2016-12-06,5.56,5.46,5.69,5.4,339339,187533482.0,5.23,-1.62,-0.09,0.55
4514,2016-12-07,5.51,6.01,6.01,5.48,1260703,744932624.0,9.71,10.07,0.55,2.05
4515,2016-12-08,5.95,5.87,6.0,5.78,797370,469297312.0,3.66,-2.33,-0.14,1.3
4516,2016-12-09,5.83,5.82,5.95,5.76,554288,323841616.0,3.24,-0.85,-0.05,0.9
4517,2016-12-12,5.9,5.76,6.1,5.64,605951,357356848.0,7.9,-1.03,-0.06,0.99
4518,2016-12-13,5.74,5.98,6.0,5.58,675844,397657376.0,7.29,3.82,0.22,1.1
4519,2016-12-14,5.9,5.51,5.92,5.46,542281,308384944.0,7.69,-7.86,-0.47,0.88
4520,2016-12-15,5.46,5.43,5.59,5.32,485010,262581245.0,4.9,-1.45,-0.08,0.79
4521,2016-12-16,5.41,5.35,5.44,5.33,217276,116678047.0,2.03,-1.47,-0.08,0.35
4522,2016-12-19,5.3,5.32,5.42,5.25,243718,130014079.0,3.18,-0.56,-0.03,0.4
4523,2016-12-20,5.35,5.08,5.37,5.03,400983,205063989.0,6.39,-4.51,-0.24,0.65
4524,2016-12-21,5.1,5.21,5.25,5.06,355211,183242131.0,3.74,2.56,0.13,0.58
4525,2016-12-22,5.19,5.1,5.23,5.06,371775,189832987.0,3.26,-2.11,-0.11,0.6
4526,2016-12-23,5.08,5.07,5.12,5.03,204147,103558787.0,1.76,-0.59,-0.03,0.33
4527,2016-12-26,5.04,5.0,5.04,4.83,334746,165298057.0,4.14,-1.38,-0.07,0.54
4528,2016-12-27,4.99,5.04,5.05,4.93,221222,110773084.0,2.4,0.8,0.04,0.36
4529,2016-12-28,5.05,5.02,5.12,5.0,234199,118545962.0,2.38,-0.4,-0.02,0.38
4530,2016-12-29,4.97,5.0,5.09,4.93,253660,127171437.0,3.19,-0.4,-0.02,0.41
4531,2016-12-30,4.98,5.04,5.07,4.96,192093,96694630.0,2.2,0.8,0.04,0.31
4532,2017-01-03,5.05,5.07,5.08,4.98,283670,142931107.0,1.98,0.6,0.03,0.46
4533,2017-01-04,5.07,5.16,5.16,5.03,308343,157440642.0,2.56,1.78,0.09,0.5
4534,2017-01-05,5.16,5.19,5.19,5.12,236403,122067961.0,1.36,0.58,0.03,0.38
4535,2017-01-06,5.18,5.17,5.25,5.15,244136,127039783.0,1.93,-0.39,-0.02,0.4
4536,2017-01-09,5.16,5.24,5.25,5.11,241333,124937783.0,2.71,1.35,0.07,0.39
4537,2017-01-10,5.22,5.49,5.56,5.22,525579,284375520.0,6.49,4.77,0.25,0.85
4538,2017-01-11,5.45,5.54,5.85,5.43,613517,347419056.0,7.65,0.91,0.05,1.0
4539,2017-01-12,5.55,5.45,5.7,5.4,275073,151933417.0,5.42,-1.62,-0.09,0.45
4540,2017-01-13,5.43,5.46,5.53,5.33,203295,110952821.0,3.67,0.18,0.01,0.33
4541,2017-01-16,5.58,5.45,5.61,5.22,299418,163835987.0,7.14,-0.18,-0.01,0.49
4542,2017-01-17,5.43,5.52,5.59,5.36,260858,143600675.0,4.22,1.28,0.07,0.42
4543,2017-01-18,5.5,5.77,5.81,5.47,421142,239698189.0,6.16,4.53,0.25,0.68
4544,2017-01-19,5.75,5.72,5.87,5.64,280402,161561943.0,3.99,-0.87,-0.05,0.46
4545,2017-01-20,5.69,5.73,5.85,5.69,197854,114059433.0,2.8,0.17,0.01,0.32
4546,2017-01-23,5.71,5.83,5.85,5.68,223245,128472511.0,2.97,1.75,0.1,0.36
4547,2017-01-24,5.8,5.97,6.16,5.77,329594,197105724.0,6.69,2.4,0.14,0.54
4548,2017-01-25,5.94,5.96,6.12,5.92,201422,121174659.0,3.35,-0.17,-0.01,0.33
4549,2017-01-26,6.02,6.05,6.07,5.96,157237,94699732.0,1.85,1.51,0.09,0.26
4550,2017-02-03,5.98,5.93,6.03,5.67,302627,176149268.0,5.95,-1.98,-0.12,0.49
4551,2017-02-06,5.84,5.77,5.86,5.68,265768,152479311.0,3.04,-2.7,-0.16,0.43
4552,2017-02-07,5.75,5.84,5.93,5.71,245293,143230008.0,3.81,1.21,0.07,0.4
4553,2017-02-08,5.83,5.9,5.9,5.76,133169,77731239.0,2.4,1.03,0.06,0.22
4554,2017-02-09,5.89,5.87,6.06,5.83,278638,165711646.0,3.9,-0.51,-0.03,0.45
4555,2017-02-10,5.9,6.07,6.28,5.89,477645,290245808.0,6.64,3.41,0.2,0.78
4556,2017-02-13,6.15,6.13,6.24,6.03,324371,197790979.0,3.46,0.99,0.06,0.53
4557,2017-02-14,6.15,6.32,6.33,6.07,415564,260010265.0,4.24,3.1,0.19,0.68
4558,2017-02-15,6.23,6.18,6.27,6.15,257136,159407883.0,1.9,-2.22,-0.14,0.42
4559,2017-02-16,6.13,6.13,6.21,6.09,255544,156807809.0,1.94,-0.81,-0.05,0.42
4560,2017-02-17,6.1,5.99,6.15,5.98,222887,135097170.0,2.77,-2.28,-0.14,0.36
4561,2017-02-20,5.99,6.15,6.17,5.98,306145,187860786.0,3.17,2.67,0.16,0.5
4562,2017-02-21,6.24,6.28,6.35,6.17,433217,271738544.0,2.93,2.11,0.13,0.7
4563,2017-02-22,6.27,6.42,6.5,6.19,410523,261293175.0,4.94,2.23,0.14,0.67
4564,2017-02-23,6.35,6.27,6.43,6.25,275967,174664329.0,2.8,-2.34,-0.15,0.45
4565,2017-02-24,6.22,6.18,6.27,6.05,315358,193582865.0,3.51,-1.44,-0.09,0.51
4566,2017-02-27,6.19,6.09,6.26,6.08,246149,151256363.0,2.91,-1.46,-0.09,0.4
4567,2017-02-28,6.09,6.03,6.13,5.94,191440,115227941.0,3.12,-0.99,-0.06,0.31
4568,2017-03-01,6.02,6.04,6.07,5.97,234488,141063724.0,1.66,0.17,0.01,0.38
4569,2017-03-02,6.07,6.0,6.18,5.99,210470,128062907.0,3.15,-0.66,-0.04,0.34
4570,2017-03-03,5.93,5.93,6.09,5.81,349717,208613951.0,4.67,-1.17,-0.07,0.57
4571,2017-03-06,5.95,6.01,6.03,5.91,246562,146700889.0,2.02,1.35,0.08,0.4
4572,2017-03-07,5.99,5.92,6.0,5.87,170535,101014085.0,2.16,-1.5,-0.09,0.28
4573,2017-03-08,5.92,5.85,5.95,5.8,229783,134279204.0,2.53,-1.18,-0.07,0.37
4574,2017-03-09,5.82,5.82,5.83,5.71,184917,106531688.0,2.05,-0.51,-0.03,0.3
4575,2017-03-10,5.78,5.72,5.88,5.7,260482,150202051.0,3.09,-1.72,-0.1,0.42
4576,2017-03-13,5.73,5.86,5.86,5.64,255998,147724167.0,3.85,2.45,0.14,0.42
4577,2017-03-14,5.86,5.95,6.05,5.83,372276,222643146.0,3.75,1.54,0.09,0.61
4578,2017-03-15,5.99,6.03,6.13,5.96,299376,181632191.0,2.86,1.34,0.08,0.49
4579,2017-03-16,6.03,6.08,6.13,5.97,197655,119229832.0,2.65,0.83,0.05,0.32
4580,2017-03-17,6.08,5.85,6.08,5.83,360189,213219852.0,4.11,-3.78,-0.23,0.59
4581,2017-03-20,5.85,5.81,5.89,5.75,218670,126818746.0,2.39,-0.68,-0.04,0.36
4582,2017-03-21,5.8,5.68,5.8,5.62,414971,236235232.0,3.1,-2.24,-0.13,0.67
4583,2017-03-22,5.62,5.47,5.62,5.42,545362,299864512.0,3.52,-3.7,-0.21,0.89
4584,2017-03-23,5.49,5.51,5.54,5.46,234334,128965031.0,1.46,0.73,0.04,0.38
4585,2017-03-24,5.53,5.55,5.56,5.44,206470,113633758.0,2.18,0.73,0.04,0.34
4586,2017-03-27,5.52,5.47,5.53,5.45,304443,166730837.0,1.44,-1.44,-0.08,0.5
4587,2017-03-28,5.46,5.49,5.51,5.46,130386,71561679.0,0.91,0.37,0.02,0.21
4588,2017-03-29,5.52,5.59,5.64,5.49,260062,144630570.0,2.73,1.82,0.1,0.42
4589,2017-03-30,5.59,5.5,5.62,5.5,206513,114670881.0,2.15,-1.61,-0.09,0.34
4590,2017-03-31,5.51,5.52,5.56,5.47,163956,90607443.0,1.64,0.36,0.02,0.27
4591,2017-04-05,5.64,5.76,5.78,5.61,354808,201855716.0,3.08,4.35,0.24,0.58
4592,2017-04-06,5.77,5.73,5.8,5.68,288383,165366849.0,2.08,-0.52,-0.03,0.47
4593,2017-04-07,5.71,5.63,5.71,5.59,337603,190292583.0,2.09,-1.75,-0.1,0.55
4594,2017-04-10,5.64,5.7,5.75,5.62,307611,175658211.0,2.31,1.24,0.07,0.5
4595,2017-04-11,5.72,5.71,5.74,5.61,253209,143639327.0,2.28,0.18,0.01,0.41
4596,2017-04-12,5.71,5.67,5.72,5.62,261655,148458835.0,1.75,-0.7,-0.04,0.43
4597,2017-04-13,5.66,5.69,5.7,5.61,155979,88492802.0,1.59,0.35,0.02,0.25
4598,2017-04-14,5.72,5.7,5.78,5.67,242168,138846662.0,1.93,0.18,0.01,0.39
4599,2017-04-17,5.69,5.64,5.7,5.57,183930,103341865.0,2.28,-1.05,-0.06,0.3
4600,2017-04-18,5.63,5.48,5.64,5.43,224930,124536551.0,3.72,-2.84,-0.16,0.37
4601,2017-04-19,5.44,5.22,5.45,5.16,379717,199383464.0,5.29,-4.74,-0.26,0.62
4602,2017-04-20,5.22,5.22,5.29,5.17,188465,98659968.0,2.3,0.0,0.0,0.31
4603,2017-04-21,5.27,5.24,5.3,5.23,134565,70758712.0,1.34,0.38,0.02,0.22
4604,2017-04-24,5.22,5.11,5.23,5.1,154682,79622542.0,2.48,-2.48,-0.13,0.25
4605,2017-04-25,5.13,5.16,5.19,5.11,95266,49105715.0,1.57,0.98,0.05,0.15
4606,2017-04-26,5.17,5.19,5.21,5.16,118264,61288908.0,0.97,0.58,0.03,0.19
4607,2017-04-27,5.19,5.18,5.2,5.09,140810,72469005.0,2.12,-0.19,-0.01,0.23
4608,2017-04-28,5.2,5.33,5.37,5.19,203910,107637250.0,3.47,2.9,0.15,0.33
4609,2017-05-02,5.38,5.39,5.44,5.35,223402,120795948.0,1.69,1.13,0.06,0.36
4610,2017-05-03,5.38,5.34,5.39,5.26,145951,77640452.0,2.41,-0.93,-0.05,0.24
4611,2017-05-04,5.28,5.25,5.31,5.22,155734,82082316.0,1.69,-1.69,-0.09,0.25
4612,2017-05-05,5.21,5.14,5.24,5.11,183445,94479820.0,2.48,-2.1,-0.11,0.3
4613,2017-05-08,5.14,5.14,5.21,5.11,155907,80475428.0,1.95,0.0,0.0,0.25
4614,2017-05-09,5.15,5.17,5.17,5.09,178655,91769049.0,1.56,0.58,0.03,0.29
4615,2017-05-10,5.17,5.03,5.19,5.03,205303,104924987.0,3.09,-2.71,-0.14,0.33
4616,2017-05-11,5.0,4.91,5.0,4.82,281633,137741458.0,3.58,-2.39,-0.12,0.46
4617,2017-05-12,4.9,4.89,4.92,4.86,168543,82346224.0,1.22,-0.41,-0.02,0.27
4618,2017-05-15,4.91,4.93,4.96,4.9,166281,81963779.0,1.23,0.82,0.04,0.27
4619,2017-05-16,4.93,5.01,5.01,4.87,194758,95996782.0,2.84,1.62,0.08,0.32
4620,2017-05-17,5.0,5.05,5.07,4.98,203244,102480951.0,1.8,0.8,0.04,0.33
4621,2017-05-18,5.03,5.02,5.07,5.0,157361,79180439.0,1.39,-0.59,-0.03,0.26
4622,2017-05-19,5.05,5.1,5.11,5.04,193379,98355920.0,1.39,1.59,0.08,0.31
4623,2017-05-22,5.15,5.15,5.24,5.11,199904,103462985.0,2.55,0.98,0.05,0.33
4624,2017-05-23,5.16,5.1,5.18,5.1,184636,94973260.0,1.55,-0.97,-0.05,0.3
4625,2017-05-24,5.07,5.08,5.09,4.96,139655,70369236.0,2.55,-0.39,-0.02,0.23
4626,2017-05-25,5.11,5.19,5.21,5.07,223023,115148014.0,2.76,2.17,0.11,0.36
4627,2017-05-26,5.19,5.21,5.33,5.17,208833,109561528.0,3.08,0.39,0.02,0.34
4628,2017-05-31,5.26,5.21,5.27,5.2,158054,82776216.0,1.34,0.0,0.0,0.26
4629,2017-06-01,5.19,5.15,5.21,5.14,154374,79721707.0,1.34,-1.15,-0.06,0.25
4630,2017-06-02,5.13,5.2,5.23,5.1,134043,69239653.0,2.52,0.97,0.05,0.22
4631,2017-06-05,5.21,5.18,5.24,5.18,104370,54391006.0,1.15,-0.38,-0.02,0.17
4632,2017-06-06,5.17,5.25,5.25,5.15,91927,47715800.0,1.93,1.35,0.07,0.15
4633,2017-06-07,5.27,5.29,5.31,5.24,182824,96362463.0,1.33,0.76,0.04,0.3
4634,2017-06-08,5.28,5.27,5.31,5.25,128197,67575208.0,1.13,-0.38,-0.02,0.21
4635,2017-06-09,5.28,5.24,5.28,5.17,208088,108581838.0,2.09,-0.57,-0.03,0.34
4636,2017-06-12,5.21,5.14,5.24,5.14,144503,74978598.0,1.91,-1.91,-0.1,0.24
4637,2017-06-13,5.14,5.24,5.26,5.13,180440,94038971.0,2.53,1.95,0.1,0.29
4638,2017-06-14,5.22,5.24,5.28,5.21,159704,83760098.0,1.34,0.0,0.0,0.26
4639,2017-06-15,5.25,5.34,5.35,5.25,232115,123113559.0,1.91,1.91,0.1,0.38
4640,2017-06-16,5.35,5.31,5.42,5.28,267297,142961018.0,2.62,-0.56,-0.03,0.43
4641,2017-06-19,5.31,5.39,5.39,5.29,187765,100580762.0,1.88,1.51,0.08,0.31
4642,2017-06-20,5.38,5.38,5.44,5.36,247227,133614096.0,1.48,-0.19,-0.01,0.4
4643,2017-06-21,5.44,5.44,5.48,5.39,236929,128891240.0,1.67,1.12,0.06,0.39
4644,2017-06-22,5.45,5.36,5.45,5.35,206359,111649178.0,1.84,-1.47,-0.08,0.34
4645,2017-06-23,5.36,5.38,5.39,5.3,188649,100660182.0,1.68,0.37,0.02,0.31
4646,2017-06-26,5.38,5.54,5.55,5.37,334255,182633202.0,3.35,2.97,0.16,0.54
4647,2017-06-27,5.52,5.56,5.61,5.5,268644,149069128.0,1.99,0.36,0.02,0.44
4648,2017-06-28,5.55,5.67,5.7,5.53,415671,234484289.0,3.06,1.98,0.11,0.68
4649,2017-06-29,5.66,5.66,5.71,5.62,248650,140550214.0,1.59,-0.18,-0.01,0.4
4650,2017-06-30,5.6,5.66,5.67,5.57,321324,181206348.0,1.77,0.0,0.0,0.52
4651,2017-07-03,5.68,5.87,5.88,5.65,524750,304830848.0,4.06,3.71,0.21,0.85
4652,2017-07-04,5.83,5.73,5.87,5.72,343584,198493011.0,2.56,-2.39,-0.14,0.56
4653,2017-07-05,5.76,5.76,5.79,5.72,285047,164134185.0,1.22,0.52,0.03,0.46
4654,2017-07-06,5.77,5.84,5.86,5.71,423946,245373587.0,2.6,1.39,0.08,0.69
4655,2017-07-07,5.8,5.87,5.89,5.75,310355,180668251.0,2.4,0.51,0.03,0.5
4656,2017-07-10,5.93,6.06,6.18,5.92,699177,422448032.0,4.43,3.24,0.19,1.14
4657,2017-07-11,6.06,5.99,6.12,5.95,356694,214193074.0,2.81,-1.16,-0.07,0.58
4658,2017-07-12,5.99,5.98,6.1,5.81,361500,215128452.0,4.84,-0.17,-0.01,0.59
4659,2017-07-13,5.98,6.03,6.12,5.93,436139,264249451.0,3.18,0.84,0.05,0.71
4660,2017-07-14,6.01,6.05,6.13,6.0,401132,242739568.0,2.16,0.33,0.02,0.65
4661,2017-07-17,6.05,5.94,6.1,5.82,427498,256340134.0,4.63,-1.82,-0.11,0.7
4662,2017-07-18,5.88,6.1,6.1,5.88,446723,268469936.0,3.7,2.69,0.16,0.73
4663,2017-07-19,6.09,6.29,6.33,6.07,903610,563484512.0,4.26,3.11,0.19,1.47
4664,2017-07-20,6.28,6.17,6.31,6.13,668974,414673824.0,2.86,-1.91,-0.12,1.09
4665,2017-07-21,6.14,6.13,6.15,6.08,363370,222193608.0,1.13,-0.65,-0.04,0.59
4666,2017-07-24,6.13,6.12,6.23,6.09,467196,287332896.0,2.28,-0.16,-0.01,0.76
4667,2017-07-25,6.14,6.12,6.18,6.02,275618,167745871.0,2.61,0.0,0.0,0.45
4668,2017-07-26,6.11,6.11,6.2,6.07,252149,154400828.0,2.12,-0.16,-0.01,0.41
4669,2017-07-27,6.09,6.02,6.16,5.99,313172,189931047.0,2.78,-1.47,-0.09,0.51
4670,2017-07-28,6.02,6.12,6.15,5.99,238852,144760552.0,2.66,1.66,0.1,0.39
4671,2017-07-31,6.16,6.28,6.37,6.15,1342014,841019712.0,3.59,2.61,0.16,2.18
4672,2017-08-01,6.27,6.3,6.4,6.22,663947,419501696.0,2.87,0.32,0.02,1.08
4673,2017-08-02,6.28,6.47,6.62,6.26,981303,636938688.0,5.71,2.7,0.17,1.6
4674,2017-08-03,6.46,6.8,6.85,6.46,865316,580645808.0,6.03,5.1,0.33,1.41
4675,2017-08-04,6.81,7.03,7.47,6.81,1160998,831238032.0,9.71,3.38,0.23,1.89
4676,2017-08-07,7.39,7.7,7.73,7.11,1509805,1133165072.0,8.82,9.53,0.67,2.46
4677,2017-08-08,7.68,7.85,8.12,7.53,1350897,1052648624.0,7.66,1.95,0.15,2.2
4678,2017-08-09,7.74,8.07,8.16,7.5,965367,752441872.0,8.41,2.8,0.22,1.57
4679,2017-08-10,7.81,7.57,7.91,7.54,779481,601871760.0,4.58,-6.2,-0.5,1.27
4680,2017-08-11,7.38,6.89,7.45,6.81,1032255,732449424.0,8.45,-8.98,-0.68,1.68
4681,2017-08-14,6.91,6.8,7.32,6.73,1385883,962825856.0,8.56,-1.31,-0.09,2.25
4682,2017-08-15,6.78,6.87,6.92,6.66,847718,574785872.0,3.82,1.03,0.07,1.38
4683,2017-08-16,6.84,6.71,6.94,6.62,889315,599653200.0,4.66,-2.33,-0.16,1.45
4684,2017-08-17,6.85,6.79,6.89,6.68,801423,545379024.0,3.13,1.19,0.08,1.3
4685,2017-08-18,6.67,6.72,6.73,6.57,549596,365243568.0,2.36,-1.03,-0.07,0.89
4686,2017-08-21,6.75,6.91,6.95,6.67,843063,578880384.0,4.17,2.83,0.19,1.37
4687,2017-08-22,6.91,6.8,6.91,6.74,569228,387658288.0,2.46,-1.59,-0.11,0.93
4688,2017-08-23,6.65,6.49,6.67,6.45,705124,461179104.0,3.24,-4.56,-0.31,1.15
4689,2017-08-24,6.52,6.47,6.56,6.44,326415,212530980.0,1.85,-0.31,-0.02,0.53
4690,2017-08-25,6.55,6.61,6.82,6.54,827725,552700432.0,4.33,2.16,0.14,1.35
4691,2017-08-28,6.55,6.8,6.91,6.52,923974,622904272.0,5.9,2.87,0.19,1.5
4692,2017-08-29,6.8,7.0,7.12,6.76,830619,580004752.0,5.29,2.94,0.2,1.35
4693,2017-08-30,6.98,7.31,7.43,6.93,977398,701830272.0,7.14,4.43,0.31,1.59
4694,2017-08-31,7.26,7.33,7.47,7.1,916460,665087952.0,5.06,0.27,0.02,1.49
4695,2017-09-01,7.34,7.83,8.06,7.33,1456169,1125171216.0,9.96,6.82,0.5,2.37
4696,2017-09-04,7.86,7.6,8.03,7.49,1096755,841924416.0,6.9,-2.94,-0.23,1.78
4697,2017-09-05,7.52,7.44,7.56,7.22,741240,548327360.0,4.47,-2.11,-0.16,1.21
4698,2017-09-06,7.3,7.45,7.6,7.28,597536,446095856.0,4.3,0.13,0.01,0.97
4699,2017-09-07,7.41,7.36,7.44,7.2,479534,351568608.0,3.22,-1.21,-0.09,0.78
4700,2017-09-08,7.35,7.28,7.43,7.19,357313,261973547.0,3.26,-1.09,-0.08,0.58
4701,2017-09-11,7.19,7.37,7.37,7.12,436436,315924400.0,3.43,1.24,0.09,0.71
4702,2017-09-12,7.4,7.33,7.53,7.25,627260,461929168.0,3.8,-0.54,-0.04,1.02
4703,2017-09-13,7.36,7.43,7.51,7.33,550729,409479376.0,2.46,1.36,0.1,0.9
4704,2017-09-14,7.44,7.12,7.55,7.1,717216,521320576.0,6.06,-4.17,-0.31,1.17
4705,2017-09-15,7.13,6.79,7.13,6.72,811692,553767136.0,5.76,-4.63,-0.33,1.32
4706,2017-09-18,6.75,6.74,6.81,6.64,521663,350173072.0,2.5,-0.74,-0.05,0.85
4707,2017-09-19,6.77,6.68,6.78,6.64,369299,247798213.0,2.08,-0.89,-0.06,0.6
4708,2017-09-20,6.69,6.87,6.89,6.6,496744,336784224.0,4.34,2.84,0.19,0.81
4709,2017-09-21,6.84,6.7,6.89,6.68,433569,293780912.0,3.06,-2.47,-0.17,0.71
4710,2017-09-22,6.6,6.5,6.6,6.37,626882,406250928.0,3.43,-2.99,-0.2,1.02
4711,2017-09-25,6.48,6.43,6.52,6.38,343860,221761897.0,2.15,-1.08,-0.07,0.56
4712,2017-09-26,6.44,6.49,6.56,6.44,402656,261628876.0,1.87,0.93,0.06,0.65
4713,2017-09-27,6.6,6.63,6.73,6.54,645505,429199712.0,2.93,2.16,0.14,1.05
4714,2017-09-28,6.62,6.54,6.63,6.51,274189,179632280.0,1.81,-1.36,-0.09,0.45
4715,2017-09-29,6.54,6.55,6.65,6.48,464450,304993440.0,2.6,0.15,0.01,0.76
4716,2017-10-09,6.69,6.56,6.72,6.55,548958,363956832.0,2.6,0.15,0.01,0.89
4717,2017-10-10,6.55,6.41,6.55,6.38,498358,320062912.0,2.59,-2.29,-0.15,0.81
4718,2017-10-11,6.4,6.41,6.46,6.32,319272,204537485.0,2.18,0.0,0.0,0.52
4719,2017-10-12,6.43,6.52,6.53,6.35,383458,246477843.0,2.81,1.72,0.11,0.62
4720,2017-10-13,6.52,6.66,6.66,6.5,501636,329700976.0,2.45,2.15,0.14,0.82
4721,2017-10-16,6.7,6.7,6.96,6.69,793020,537696000.0,4.05,0.6,0.04,1.29
4722,2017-10-17,6.64,6.58,6.7,6.56,373786,247347988.0,2.09,-1.79,-0.12,0.61
4723,2017-10-18,6.57,6.44,6.61,6.43,251122,163293892.0,2.74,-2.13,-0.14,0.41
4724,2017-10-19,6.4,6.37,6.42,6.33,239093,152446104.0,1.4,-1.09,-0.07,0.39
4725,2017-10-20,6.39,6.54,6.55,6.37,258778,167832059.0,2.83,2.67,0.17,0.42
4726,2017-10-23,6.51,6.41,6.52,6.39,305512,196542297.0,1.99,-1.99,-0.13,0.5
4727,2017-10-24,6.43,6.47,6.52,6.43,276306,179090930.0,1.4,0.94,0.06,0.45
4728,2017-10-25,6.47,6.5,6.57,6.46,227639,148398656.0,1.7,0.46,0.03,0.37
4729,2017-10-26,6.48,6.57,6.61,6.42,445326,291181792.0,2.92,1.08,0.07,0.72
4730,2017-10-27,6.58,6.44,6.59,6.43,288313,187532469.0,2.44,-1.98,-0.13,0.47
4731,2017-10-30,6.47,6.21,6.48,6.17,492031,308139184.0,4.81,-3.57,-0.23,0.8
4732,2017-10-31,6.21,6.24,6.29,6.18,300549,187314004.0,1.77,0.48,0.03,0.49
4733,2017-11-01,6.25,6.26,6.32,6.25,265567,166799280.0,1.12,0.32,0.02,0.43
4734,2017-11-02,6.27,6.33,6.4,6.27,365506,231821206.0,2.08,1.12,0.07,0.59
4735,2017-11-03,6.34,6.23,6.34,6.15,282402,175580666.0,3.0,-1.58,-0.1,0.46
4736,2017-11-06,6.23,6.45,6.49,6.17,593291,375545568.0,5.14,3.53,0.22,0.96
4737,2017-11-07,6.42,6.53,6.67,6.4,590774,387416800.0,4.19,1.24,0.08,0.96
4738,2017-11-08,6.52,6.54,6.6,6.46,256524,167583410.0,2.14,0.15,0.01,0.42
4739,2017-11-09,6.6,6.63,6.71,6.56,409425,271327632.0,2.29,1.38,0.09,0.67
4740,2017-11-10,6.62,6.58,6.63,6.51,310249,203424164.0,1.81,-0.75,-0.05,0.5
4741,2017-11-13,6.57,6.78,6.81,6.56,582140,390498480.0,3.8,3.04,0.2,0.95
4742,2017-11-14,6.77,6.82,6.91,6.72,616002,422075520.0,2.8,0.59,0.04,1.0
4743,2017-11-15,6.71,6.6,6.71,6.58,479907,318195824.0,1.91,-3.23,-0.22,0.78
4744,2017-11-16,6.56,6.55,6.66,6.5,382838,251607388.0,2.42,-0.76,-0.05,0.62
4745,2017-11-17,6.51,6.31,6.52,6.27,577956,368464288.0,3.82,-3.66,-0.24,0.94
4746,2017-11-20,6.27,6.27,6.29,6.1,580361,359078480.0,3.01,-0.63,-0.04,0.94
4747,2017-11-21,6.28,6.32,6.39,6.25,414402,262550718.0,2.23,0.8,0.05,0.67
4748,2017-11-22,6.38,6.49,6.5,6.36,474319,304563072.0,2.22,2.69,0.17,0.77
4749,2017-11-23,6.56,6.54,6.74,6.52,793196,527611232.0,3.39,0.77,0.05,1.29
4750,2017-11-24,6.51,6.6,6.64,6.44,461777,303269728.0,3.06,0.92,0.06,0.75
4751,2017-11-27,6.69,6.62,6.76,6.59,516246,344773504.0,2.58,0.3,0.02,0.84
4752,2017-11-28,6.65,6.82,6.88,6.55,773609,520829248.0,4.98,3.02,0.2,1.26
4753,2017-11-29,6.86,7.01,7.08,6.86,1088651,758619584.0,3.23,2.79,0.19,1.77
4754,2017-11-30,7.05,6.89,7.12,6.88,596698,417342928.0,3.42,-1.71,-0.12,0.97
4755,2017-12-01,6.88,6.8,6.96,6.68,642897,436588288.0,4.06,-1.31,-0.09,1.05
4756,2017-12-04,6.85,6.76,6.92,6.72,523680,356949728.0,2.94,-0.59,-0.04,0.85
4757,2017-12-05,6.79,6.64,6.82,6.53,557679,372737360.0,4.29,-1.78,-0.12,0.91
4758,2017-12-06,6.56,6.46,6.56,6.29,709754,453987904.0,4.07,-2.71,-0.18,1.15
4759,2017-12-07,6.43,6.35,6.5,6.31,352359,226684333.0,2.94,-1.7,-0.11,0.57
4760,2017-12-08,6.3,6.46,6.48,6.28,410276,262535550.0,3.15,1.73,0.11,0.67
4761,2017-12-11,6.49,6.49,6.5,6.31,328183,211402288.0,2.94,0.46,0.03,0.53
4762,2017-12-12,6.47,6.35,6.55,6.34,333855,215214472.0,3.24,-2.16,-0.14,0.54
4763,2017-12-13,6.3,6.41,6.42,6.26,272381,172745665.0,2.52,0.94,0.06,0.44
4764,2017-12-14,6.39,6.36,6.45,6.35,225052,143745746.0,1.56,-0.78,-0.05,0.37
4765,2017-12-15,6.34,6.23,6.35,6.19,329685,206076638.0,2.52,-2.04,-0.13,0.54
4766,2017-12-18,6.29,6.35,6.36,6.23,242166,152309527.0,2.09,1.93,0.12,0.39
4767,2017-12-19,6.35,6.33,6.35,6.27,221953,139796623.0,1.26,-0.31,-0.02,0.36
4768,2017-12-20,6.3,6.24,6.32,6.2,202769,126581624.0,1.9,-1.42,-0.09,0.33
4769,2017-12-21,6.22,6.31,6.35,6.21,239955,150945421.0,2.24,1.12,0.07,0.39
4770,2017-12-22,6.33,6.32,6.35,6.28,211816,133854066.0,1.11,0.16,0.01,0.34
4771,2017-12-25,6.3,6.22,6.31,6.2,168474,105250441.0,1.74,-1.58,-0.1,0.27
4772,2017-12-26,6.21,6.25,6.26,6.17,177300,110110188.0,1.45,0.48,0.03,0.29
4773,2017-12-27,6.23,6.27,6.36,6.21,296587,186463962.0,2.4,0.32,0.02,0.48
4774,2017-12-28,6.23,6.38,6.4,6.23,393223,249376612.0,2.71,1.75,0.11,0.64
4775,2017-12-29,6.37,6.35,6.41,6.33,205728,130850342.0,1.25,-0.47,-0.03,0.33
4776,2018-01-02,6.35,6.6,6.62,6.34,574057,373701648.0,4.41,3.94,0.25,0.93
4777,2018-01-03,6.59,6.54,6.68,6.52,395556,260649299.0,2.42,-0.91,-0.06,0.64
4778,2018-01-04,6.52,6.58,6.64,6.49,382603,250970769.0,2.29,0.61,0.04,0.62
4779,2018-01-05,6.59,6.53,6.59,6.5,269467,176325635.0,1.37,-0.76,-0.05,0.44
4780,2018-01-08,6.53,6.74,6.8,6.49,712331,476136400.0,4.75,3.22,0.21,1.16
4781,2018-01-09,6.75,6.64,6.82,6.59,472372,315115184.0,3.41,-1.48,-0.1,0.77
4782,2018-01-10,6.6,6.64,6.71,6.55,381974,252836323.0,2.41,0.0,0.0,0.62
4783,2018-01-11,6.64,6.54,6.64,6.5,324680,212772012.0,2.11,-1.51,-0.1,0.53
4784,2018-01-12,6.54,6.61,6.68,6.53,367107,242822215.0,2.29,1.07,0.07,0.6
4785,2018-01-15,6.59,6.36,6.62,6.33,598713,384120992.0,4.39,-3.78,-0.25,0.97
4786,2018-01-16,6.36,6.4,6.41,6.34,278952,177977147.0,1.1,0.63,0.04,0.45
4787,2018-01-17,6.42,6.52,6.56,6.36,383271,248505721.0,3.13,1.88,0.12,0.62
4788,2018-01-18,6.69,6.88,7.05,6.65,990933,675050016.0,6.13,5.52,0.36,1.61
4789,2018-01-19,6.94,7.05,7.13,6.89,1071647,752875536.0,3.49,2.47,0.17,1.74
4790,2018-01-22,7.12,7.11,7.27,7.03,764910,546704112.0,3.4,0.85,0.06,1.24
4791,2018-01-23,7.12,7.13,7.14,6.98,568047,401354784.0,2.25,0.28,0.02,0.92
4792,2018-01-24,7.13,7.18,7.2,7.03,607240,433038304.0,2.38,0.7,0.05,0.99
4793,2018-01-25,7.26,7.22,7.3,7.1,596589,430812048.0,2.79,0.56,0.04,0.97
4794,2018-01-26,7.18,7.11,7.19,7.05,523171,372641104.0,1.94,-1.52,-0.11,0.85
4795,2018-01-29,7.2,7.3,7.44,7.2,853598,626019808.0,3.38,2.67,0.19,1.39
4796,2018-01-30,7.31,7.05,7.31,7.04,638366,456654736.0,3.7,-3.42,-0.25,1.04
4797,2018-01-31,6.97,7.11,7.18,6.92,529063,374562608.0,3.69,0.85,0.06,0.86
4798,2018-02-01,7.25,7.18,7.43,7.09,742323,538802544.0,4.78,0.98,0.07,1.21
4799,2018-02-02,7.18,7.89,7.9,6.97,1530806,1152102848.0,12.95,9.89,0.71,2.49
4800,2018-02-05,7.71,7.96,8.12,7.65,1387008,1090287568.0,5.96,0.89,0.07,2.26
4801,2018-02-06,7.67,7.51,7.85,7.47,1051120,804422288.0,4.77,-5.65,-0.45,1.71
4802,2018-02-07,7.74,7.4,7.85,7.29,1101782,842319952.0,7.46,-1.46,-0.11,1.79
4803,2018-02-08,7.29,7.2,7.44,7.01,661805,479312848.0,5.81,-2.7,-0.2,1.08
4804,2018-02-09,6.98,6.66,6.98,6.5,776676,523106480.0,6.67,-7.5,-0.54,1.26
4805,2018-02-12,6.71,6.78,6.81,6.62,512826,345423648.0,2.85,1.8,0.12,0.83
4806,2018-02-13,6.85,6.85,6.96,6.78,569624,391244896.0,2.65,1.03,0.07,0.93
4807,2018-02-14,6.88,7.21,7.34,6.84,685321,485678272.0,7.3,5.26,0.36,1.11
4808,2018-02-22,7.21,7.37,7.38,7.1,616682,447586832.0,3.88,2.22,0.16,1.0
4809,2018-02-23,7.31,7.48,7.53,7.23,530859,391046304.0,4.07,1.49,0.11,0.86
4810,2018-02-26,7.65,7.5,7.73,7.39,671772,505748272.0,4.55,0.27,0.02,1.09
4811,2018-02-27,7.49,7.21,7.53,7.15,674787,492960112.0,5.07,-3.87,-0.29,1.1
4812,2018-02-28,7.16,7.25,7.31,7.05,465274,335152464.0,3.61,0.55,0.04,0.76
4813,2018-03-01,7.15,7.07,7.31,7.0,585130,417147600.0,4.28,-2.48,-0.18,0.95
4814,2018-03-02,6.9,6.92,6.95,6.82,502619,346239152.0,1.84,-2.12,-0.15,0.82
4815,2018-03-05,6.92,6.79,6.96,6.72,460372,314982112.0,3.47,-1.88,-0.13,0.75
4816,2018-03-06,6.84,7.05,7.06,6.71,508544,350106064.0,5.15,3.83,0.26,0.83
4817,2018-03-07,6.99,6.81,7.01,6.75,466450,321365008.0,3.69,-3.4,-0.24,0.76
4818,2018-03-08,6.78,6.76,6.88,6.7,343348,232653806.0,2.64,-0.73,-0.05,0.56
4819,2018-03-09,6.75,6.62,6.76,6.54,623205,412188000.0,3.25,-2.07,-0.14,1.01
4820,2018-03-12,6.63,6.66,6.71,6.56,593086,393563744.0,2.27,0.6,0.04,0.96
4821,2018-03-13,6.66,6.69,6.76,6.63,541966,363583952.0,1.95,0.45,0.03,0.88
4822,2018-03-14,6.69,6.81,6.87,6.67,596769,403755136.0,2.99,1.79,0.12,0.97
4823,2018-03-15,6.76,6.73,6.8,6.67,361468,242994990.0,1.91,-1.17,-0.08,0.59
4824,2018-03-16,6.73,6.59,6.74,6.59,337222,224561634.0,2.23,-2.08,-0.14,0.55
4825,2018-03-19,6.56,6.41,6.56,6.36,408055,262394679.0,3.03,-2.73,-0.18,0.66
4826,2018-03-20,6.36,6.46,6.49,6.33,238205,153195567.0,2.5,0.78,0.05,0.39
4827,2018-03-21,6.49,6.43,6.53,6.38,234817,151912003.0,2.32,-0.46,-0.03,0.38
4828,2018-03-22,6.44,6.37,6.48,6.32,187709,119814597.0,2.49,-0.93,-0.06,0.31
4829,2018-03-23,6.13,5.84,6.13,5.73,654470,388194992.0,6.28,-8.32,-0.53,1.06
4830,2018-03-26,5.74,5.83,5.83,5.65,348826,200339214.0,3.08,-0.17,-0.01,0.57
4831,2018-03-27,5.94,6.0,6.07,5.92,421762,252740645.0,2.57,2.92,0.17,0.69
4832,2018-03-28,5.91,5.88,6.02,5.85,276960,163959875.0,2.83,-2.0,-0.12,0.45
4833,2018-03-29,5.9,6.06,6.1,5.85,340813,204407311.0,4.25,3.06,0.18,0.55
4834,2018-03-30,6.07,5.98,6.08,5.95,322576,193276107.0,2.15,-1.32,-0.08,0.52
4835,2018-04-02,6.02,5.92,6.08,5.92,344910,206992517.0,2.68,-1.0,-0.06,0.56
4836,2018-04-03,5.83,5.89,5.91,5.8,298862,175177192.0,1.86,-0.51,-0.03,0.49
4837,2018-04-04,5.91,5.91,6.04,5.9,266561,159201245.0,2.38,0.34,0.02,0.43
4838,2018-04-09,5.97,6.01,6.02,5.9,222888,133172547.0,2.03,1.69,0.1,0.36
4839,2018-04-10,6.03,6.22,6.23,6.02,425059,261856690.0,3.49,3.49,0.21,0.69
4840,2018-04-11,6.26,6.23,6.33,6.19,262896,164270184.0,2.25,0.16,0.01,0.43
4841,2018-04-12,6.2,6.14,6.21,6.1,181645,111550468.0,1.77,-1.44,-0.09,0.3
4842,2018-04-13,6.19,6.2,6.26,6.14,218108,135180013.0,1.95,0.98,0.06,0.35
4843,2018-04-16,6.16,6.04,6.2,6.01,214920,130557643.0,3.06,-2.58,-0.16,0.35
4844,2018-04-17,6.05,5.99,6.13,5.99,226615,137077026.0,2.32,-0.83,-0.05,0.37
4845,2018-04-18,6.06,6.19,6.2,6.01,322401,196983284.0,3.17,3.34,0.2,0.52
4846,2018-04-19,6.19,6.34,6.35,6.18,349434,219645424.0,2.75,2.42,0.15,0.57
4847,2018-04-20,6.3,6.16,6.3,6.14,234989,145679348.0,2.52,-2.84,-0.18,0.38
4848,2018-04-23,6.19,6.25,6.3,6.16,210490,131299333.0,2.27,1.46,0.09,0.34
4849,2018-04-24,6.28,6.4,6.5,6.26,472363,303091568.0,3.84,2.4,0.15,0.77
4850,2018-04-25,6.35,6.36,6.38,6.28,180713,114400146.0,1.56,-0.63,-0.04,0.29
4851,2018-04-26,6.34,6.24,6.36,6.22,143300,89840433.0,2.2,-1.89,-0.12,0.23
4852,2018-04-27,6.29,6.28,6.32,6.21,124415,77999682.0,1.76,0.64,0.04,0.2
4853,2018-05-02,6.38,6.39,6.43,6.29,278963,177289792.0,2.23,1.75,0.11,0.45
4854,2018-05-03,6.38,6.37,6.41,6.31,195496,124346366.0,1.56,-0.31,-0.02,0.32
4855,2018-05-04,6.35,6.29,6.37,6.23,188894,118630244.0,2.2,-1.26,-0.08,0.31
4856,2018-05-07,6.27,6.33,6.35,6.22,200608,126530331.0,2.07,0.64,0.04,0.33
4857,2018-05-08,6.29,6.34,6.38,6.29,181046,114869710.0,1.42,0.16,0.01,0.29
4858,2018-05-09,6.31,6.28,6.35,6.25,148208,93505161.0,1.58,-0.95,-0.06,0.24
4859,2018-05-10,6.3,6.35,6.35,6.27,155045,97784453.0,1.27,1.11,0.07,0.25
4860,2018-05-11,6.35,6.29,6.38,6.26,249230,156891437.0,1.89,-0.94,-0.06,0.41
4861,2018-05-14,6.3,6.29,6.32,6.27,159347,100305251.0,0.79,0.0,0.0,0.26
4862,2018-05-15,6.31,6.31,6.33,6.24,143794,90332162.0,1.43,0.32,0.02,0.23
4863,2018-05-16,6.29,6.24,6.29,6.23,127121,79581149.0,0.95,-1.11,-0.07,0.21
4864,2018-05-17,6.25,6.17,6.26,6.15,183922,114000673.0,1.76,-1.12,-0.07,0.3
4865,2018-05-18,6.16,6.23,6.24,6.14,133339,82544470.0,1.62,0.97,0.06,0.22
4866,2018-05-21,6.28,6.27,6.33,6.26,164882,103773585.0,1.12,0.64,0.04,0.27
4867,2018-05-22,6.27,6.27,6.29,6.2,142247,88964553.0,1.44,0.0,0.0,0.23
4868,2018-05-23,6.27,6.13,6.27,6.13,135583,83803235.0,2.23,-2.23,-0.14,0.22
4869,2018-05-24,6.16,6.06,6.16,5.99,186509,113389713.0,2.77,-1.14,-0.07,0.3
4870,2018-05-25,6.06,6.03,6.11,6.03,117769,71402651.0,1.32,-0.5,-0.03,0.19
4871,2018-05-28,6.03,6.04,6.08,6.02,86489,52347547.0,1.0,0.17,0.01,0.14
4872,2018-05-29,6.05,6.1,6.13,5.96,183097,110684885.0,2.81,0.99,0.06,0.3
4873,2018-05-30,6.0,5.91,6.02,5.88,155818,92714819.0,2.3,-3.11,-0.19,0.25
4874,2018-05-31,5.99,6.06,6.06,5.96,169195,101676185.0,1.69,2.54,0.15,0.28
4875,2018-06-01,6.03,6.18,6.2,6.03,257816,158579711.0,2.81,1.98,0.12,0.42
4876,2018-06-04,6.2,6.3,6.35,6.18,260643,163704088.0,2.75,1.94,0.12,0.42
4877,2018-06-05,6.32,6.33,6.34,6.25,153519,96723348.0,1.43,0.48,0.03,0.25
4878,2018-06-06,6.31,6.33,6.37,6.28,171347,108586324.0,1.42,0.0,0.0,0.28
4879,2018-06-07,6.41,6.4,6.48,6.39,289972,186545484.0,1.42,1.11,0.07,0.47
4880,2018-06-08,6.38,6.42,6.47,6.36,287516,184571785.0,1.72,0.31,0.02,0.47
4881,2018-06-11,6.42,6.49,6.55,6.38,228425,148242680.0,2.65,1.09,0.07,0.37
4882,2018-06-12,6.53,6.6,6.6,6.46,236755,154996447.0,2.16,1.69,0.11,0.39
4883,2018-06-13,6.57,6.51,6.73,6.47,268826,176909615.0,3.94,-1.36,-0.09,0.44
4884,2018-06-14,6.46,6.61,6.66,6.39,293480,191396045.0,4.15,1.54,0.1,0.48
4885,2018-06-15,6.56,6.52,6.63,6.47,250018,163745329.0,2.42,-1.36,-0.09,0.41
4886,2018-06-19,6.42,6.11,6.47,6.0,346802,216091932.0,7.21,-6.29,-0.41,0.56
4887,2018-06-20,6.15,6.29,6.33,6.06,276044,171039759.0,4.42,2.95,0.18,0.45
4888,2018-06-21,6.29,6.3,6.49,6.25,285167,181487467.0,3.82,0.16,0.01,0.46
4889,2018-06-22,6.25,6.43,6.49,6.09,272430,172895874.0,6.35,2.06,0.13,0.44
4890,2018-06-25,6.48,6.24,6.48,6.23,204496,129984218.0,3.89,-2.95,-0.19,0.33
4891,2018-06-26,6.11,5.98,6.18,5.85,311071,185823932.0,5.29,-4.17,-0.26,0.51
4892,2018-06-27,5.99,5.82,6.04,5.81,247618,146109048.0,3.85,-2.68,-0.16,0.4
4893,2018-06-28,5.76,5.69,5.86,5.68,291901,168374172.0,3.09,-2.23,-0.13,0.47
4894,2018-06-29,5.49,5.57,5.58,5.42,230791,127187583.0,2.81,-2.11,-0.12,0.38
4895,2018-07-02,5.56,5.35,5.56,5.32,206896,112531549.0,4.31,-3.95,-0.22,0.34
4896,2018-07-03,5.37,5.39,5.4,5.19,202190,107699574.0,3.93,0.75,0.04,0.33
4897,2018-07-04,5.45,5.4,5.53,5.37,218806,119403578.0,2.97,0.19,0.01,0.36
4898,2018-07-05,5.37,5.21,5.37,5.21,168165,88662815.0,2.96,-3.52,-0.19,0.27
4899,2018-07-06,5.21,5.26,5.32,5.14,171395,89849084.0,3.45,0.96,0.05,0.28
4900,2018-07-09,5.29,5.47,5.47,5.26,203453,109270770.0,3.99,3.99,0.21,0.33
4901,2018-07-10,5.44,5.55,5.61,5.44,216423,119944778.0,3.11,1.46,0.08,0.35
4902,2018-07-11,5.42,5.46,5.47,5.34,163116,88086144.0,2.34,-1.62,-0.09,0.27
4903,2018-07-12,5.5,5.6,5.62,5.5,183641,102519577.0,2.2,2.56,0.14,0.3
4904,2018-07-13,5.72,5.69,5.83,5.61,315080,180090588.0,3.93,1.61,0.09,0.51
4905,2018-07-16,5.67,5.77,5.82,5.64,273307,156968667.0,3.16,1.41,0.08,0.44
4906,2018-07-17,5.75,5.7,5.83,5.64,152676,87338651.0,3.29,-1.21,-0.07,0.25
4907,2018-07-18,5.8,5.78,5.9,5.76,242534,141333801.0,2.46,1.4,0.08,0.39
4908,2018-07-19,5.8,6.0,6.01,5.78,403656,239618951.0,3.98,3.81,0.22,0.66
4909,2018-07-20,6.0,6.07,6.11,5.9,224793,134777281.0,3.5,1.17,0.07,0.37
4910,2018-07-23,6.02,6.21,6.28,6.02,213912,132192824.0,4.28,2.31,0.14,0.35
4911,2018-07-24,6.31,6.39,6.58,6.31,447017,287846336.0,4.35,2.9,0.18,0.73
4912,2018-07-25,6.38,6.51,6.54,6.31,382530,247054591.0,3.6,1.88,0.12,0.62
4913,2018-07-26,6.41,6.4,6.51,6.36,186136,119496958.0,2.3,-1.69,-0.11,0.3
4914,2018-07-27,6.49,6.71,6.81,6.45,439136,290106240.0,5.63,4.84,0.31,0.71
4915,2018-07-30,6.72,6.68,6.84,6.61,369089,247526245.0,3.43,-0.45,-0.03,0.6
4916,2018-07-31,6.61,6.67,6.7,6.52,172536,113970246.0,2.69,-0.15,-0.01,0.28
4917,2018-08-01,6.72,6.35,6.8,6.25,508851,330173696.0,8.25,-4.8,-0.32,0.83
4918,2018-08-02,6.29,6.31,6.41,6.13,414625,260379483.0,4.41,-0.63,-0.04,0.67
4919,2018-08-03,6.35,6.3,6.43,6.21,344167,218720678.0,3.49,-0.16,-0.01,0.56
4920,2018-08-06,6.33,6.33,6.42,6.23,219703,139342978.0,3.02,0.48,0.03,0.36
4921,2018-08-07,6.38,6.49,6.51,6.22,271737,173554701.0,4.58,2.53,0.16,0.44
4922,2018-08-08,6.44,6.5,6.61,6.41,356813,232464289.0,3.08,0.15,0.01,0.58
4923,2018-08-09,6.44,6.52,6.64,6.32,289558,187629538.0,4.92,0.31,0.02,0.47
4924,2018-08-10,6.48,6.39,6.54,6.37,216502,139269209.0,2.61,-1.99,-0.13,0.35
4925,2018-08-13,6.31,6.5,6.51,6.19,270301,170893833.0,5.01,1.72,0.11,0.44
4926,2018-08-14,6.48,6.39,6.49,6.36,209054,134306932.0,2.0,-1.69,-0.11,0.34
4927,2018-08-15,6.41,6.14,6.43,6.14,217655,135900724.0,4.54,-3.91,-0.25,0.35
4928,2018-08-16,6.04,6.15,6.23,6.02,164657,101170289.0,3.42,0.16,0.01,0.27
4929,2018-08-17,6.23,6.14,6.25,6.1,173195,106829372.0,2.44,-0.16,-0.01,0.28
4930,2018-08-20,6.17,6.32,6.32,6.12,205767,127630048.0,3.26,2.93,0.18,0.33
4931,2018-08-21,6.31,6.28,6.36,6.26,238299,150445859.0,1.58,-0.63,-0.04,0.39
4932,2018-08-22,6.27,6.22,6.33,6.21,164251,103059313.0,1.91,-0.96,-0.06,0.27
4933,2018-08-23,6.2,6.12,6.24,6.01,225040,137276315.0,3.7,-1.61,-0.1,0.37
4934,2018-08-24,6.08,6.03,6.11,6.01,160048,96709024.0,1.63,-1.47,-0.09,0.26
4935,2018-08-27,6.02,6.12,6.13,6.01,249635,151465463.0,1.99,1.49,0.09,0.41
4936,2018-08-28,6.13,6.27,6.31,6.12,372178,232336387.0,3.1,2.45,0.15,0.61
4937,2018-08-29,6.24,6.26,6.36,6.19,222893,139481186.0,2.71,-0.16,-0.01,0.36
4938,2018-08-30,6.24,6.28,6.33,6.21,200241,125518399.0,1.92,0.32,0.02,0.33
4939,2018-08-31,6.26,6.13,6.28,6.08,217230,133947869.0,3.18,-2.39,-0.15,0.35
4940,2018-09-03,6.14,6.06,6.2,6.02,201560,122589034.0,2.94,-1.14,-0.07,0.33
4941,2018-09-04,6.07,6.16,6.19,6.02,165540,101148451.0,2.81,1.65,0.1,0.27
4942,2018-09-05,6.14,6.04,6.15,6.02,151861,92283988.0,2.11,-1.95,-0.12,0.25
4943,2018-09-06,6.03,5.98,6.1,5.97,124422,75208163.0,2.15,-0.99,-0.06,0.2
4944,2018-09-07,6.03,6.05,6.12,5.99,169964,103083533.0,2.17,1.17,0.07,0.28
4945,2018-09-10,6.07,6.02,6.08,6.0,119913,72407140.0,1.32,-0.5,-0.03,0.2
4946,2018-09-11,5.99,5.51,6.0,5.51,558266,316679520.0,8.14,-8.47,-0.51,0.91
4947,2018-09-12,5.54,5.61,5.67,5.51,295203,165890223.0,2.9,1.81,0.1,0.48
4948,2018-09-13,5.67,5.71,5.75,5.64,172980,98636041.0,1.96,1.78,0.1,0.28
4949,2018-09-14,5.74,5.85,5.9,5.72,225955,131472584.0,3.15,2.45,0.14,0.37
4950,2018-09-17,5.85,5.67,5.85,5.61,216296,123490326.0,4.1,-3.08,-0.18,0.35
4951,2018-09-18,5.65,5.95,6.0,5.65,270642,158127213.0,6.17,4.94,0.28,0.44
4952,2018-09-19,5.94,5.96,6.03,5.94,175398,104903455.0,1.51,0.17,0.01,0.29
4953,2018-09-20,5.98,6.02,6.04,5.94,173715,104331462.0,1.68,1.01,0.06,0.28
4954,2018-09-21,6.02,6.16,6.18,5.96,163299,99410354.0,3.65,2.33,0.14,0.27
4955,2018-09-25,6.1,6.15,6.17,6.05,143817,87806591.0,1.95,-0.16,-0.01,0.23
4956,2018-09-26,6.15,6.24,6.25,6.12,298667,184906577.0,2.11,1.46,0.09,0.49
4957,2018-09-27,6.21,6.18,6.24,6.13,178451,110330185.0,1.76,-0.96,-0.06,0.29
4958,2018-09-28,6.13,6.14,6.17,6.05,289202,176515289.0,1.94,-0.65,-0.04,0.47
4959,2018-10-08,6.02,5.78,6.08,5.76,363845,214220750.0,5.21,-5.86,-0.36,0.59
4960,2018-10-09,5.8,5.89,5.9,5.78,216713,126514718.0,2.08,1.9,0.11,0.35
4961,2018-10-10,5.9,5.98,6.0,5.87,152134,90551099.0,2.21,1.53,0.09,0.25
4962,2018-10-11,5.86,5.84,6.01,5.79,342298,201541938.0,3.68,-2.34,-0.14,0.56
4963,2018-10-12,5.85,6.07,6.13,5.83,321355,192058558.0,5.14,3.94,0.23,0.52
4964,2018-10-15,6.1,5.87,6.11,5.87,242958,145261952.0,3.95,-3.29,-0.2,0.4
4965,2018-10-16,5.87,5.92,6.01,5.87,208116,123876151.0,2.39,0.85,0.05,0.34
4966,2018-10-17,5.99,6.17,6.19,5.92,272797,165149456.0,4.56,4.22,0.25,0.44
4967,2018-10-18,6.12,5.83,6.12,5.8,345651,204599940.0,5.19,-5.51,-0.34,0.56
4968,2018-10-19,5.69,5.94,5.97,5.62,297427,173643055.0,6.0,1.89,0.11,0.48
4969,2018-10-22,5.96,6.14,6.19,5.95,428020,260801003.0,4.04,3.37,0.2,0.7
4970,2018-10-23,6.1,5.87,6.13,5.82,352258,210572183.0,5.05,-4.4,-0.27,0.57
4971,2018-10-24,5.86,5.86,5.95,5.76,284514,166590078.0,3.24,-0.17,-0.01,0.46
4972,2018-10-25,5.69,5.85,5.91,5.65,273264,157555963.0,4.44,-0.17,-0.01,0.44
4973,2018-10-26,5.89,5.85,5.99,5.83,348084,205209446.0,2.74,0.0,0.0,0.57
4974,2018-10-29,5.82,5.75,5.87,5.68,265110,152455025.0,3.25,-1.71,-0.1,0.43
4975,2018-10-30,5.77,5.76,5.82,5.63,342479,196826735.0,3.3,0.17,0.01,0.56
4976,2018-10-31,5.77,5.84,5.88,5.73,332884,193811722.0,2.6,1.39,0.08,0.54
4977,2018-11-01,5.87,5.85,5.96,5.83,394916,232982374.0,2.23,0.17,0.01,0.64
4978,2018-11-02,5.91,5.94,5.96,5.84,475221,280691152.0,2.05,1.54,0.09,0.77
4979,2018-11-05,5.91,5.88,5.91,5.82,269643,158241411.0,1.52,-1.01,-0.06,0.44
4980,2018-11-06,5.88,5.91,5.91,5.84,180688,106120130.0,1.19,0.51,0.03,0.29
4981,2018-11-07,5.89,5.84,5.93,5.82,182961,107472691.0,1.86,-1.18,-0.07,0.3
4982,2018-11-08,5.89,5.86,5.92,5.84,193837,114052264.0,1.37,0.34,0.02,0.32
4983,2018-11-09,5.83,5.79,5.87,5.78,165736,96448421.0,1.54,-1.19,-0.07,0.27
4984,2018-11-12,5.78,5.82,5.84,5.74,219735,127097122.0,1.73,0.52,0.03,0.36
4985,2018-11-13,5.76,5.85,5.89,5.74,227026,132047353.0,2.58,0.52,0.03,0.37
4986,2018-11-14,5.83,5.89,5.97,5.81,237268,140123288.0,2.74,0.68,0.04,0.39
4987,2018-11-15,5.89,5.92,5.93,5.87,145691,85836363.0,1.02,0.51,0.03,0.24
4988,2018-11-16,5.92,5.89,5.94,5.87,161429,95127042.0,1.18,-0.51,-0.03,0.26
4989,2018-11-19,5.87,5.93,5.93,5.82,264629,155668620.0,1.87,0.68,0.04,0.43
4990,2018-11-20,5.89,5.87,5.95,5.86,173175,102139745.0,1.52,-1.01,-0.06,0.28
4991,2018-11-21,5.83,6.07,6.36,5.71,759756,459388640.0,11.07,3.41,0.2,1.24
4992,2018-11-22,5.93,5.86,5.94,5.82,449348,263647444.0,1.98,-3.46,-0.21,0.73
4993,2018-11-23,5.84,5.64,5.84,5.64,331417,189781179.0,3.41,-3.75,-0.22,0.54
4994,2018-11-26,5.58,5.54,5.64,5.51,222014,123740986.0,2.3,-1.77,-0.1,0.36
4995,2018-11-27,5.57,5.51,5.58,5.49,170021,94058170.0,1.62,-0.54,-0.03,0.28
4996,2018-11-28,5.5,5.53,5.55,5.44,124851,68729403.0,2.0,0.36,0.02,0.2
4997,2018-11-29,5.59,5.47,5.61,5.45,160064,88413072.0,2.89,-1.08,-0.06,0.26
4998,2018-11-30,5.45,5.52,5.53,5.44,131300,72056128.0,1.65,0.91,0.05,0.21
4999,2018-12-03,5.63,5.65,5.69,5.59,271151,153019457.0,1.81,2.36,0.13,0.44
5000,2018-12-04,5.67,5.66,5.73,5.63,187733,106427736.0,1.77,0.18,0.01,0.31
5001,2018-12-05,5.59,5.61,5.62,5.56,156549,87535487.0,1.06,-0.88,-0.05,0.25
5002,2018-12-06,5.58,5.51,5.58,5.48,198564,109702377.0,1.78,-1.78,-0.1,0.32
5003,2018-12-07,5.5,5.5,5.53,5.48,113412,62421637.0,0.91,-0.18,-0.01,0.18
5004,2018-12-10,5.47,5.46,5.49,5.44,86636,47300028.0,0.91,-0.73,-0.04,0.14
5005,2018-12-11,5.47,5.42,5.48,5.38,135797,73525899.0,1.83,-0.73,-0.04,0.22
5006,2018-12-12,5.43,5.4,5.45,5.39,115458,62569223.0,1.11,-0.37,-0.02,0.19
5007,2018-12-13,5.42,5.45,5.48,5.36,241383,131115910.0,2.22,0.93,0.05,0.39
5008,2018-12-14,5.45,5.36,5.45,5.35,181070,97722791.0,1.83,-1.65,-0.09,0.29
5009,2018-12-17,5.34,5.38,5.39,5.31,104064,55797724.0,1.49,0.37,0.02,0.17
5010,2018-12-18,5.35,5.32,5.39,5.3,159509,85158298.0,1.67,-1.12,-0.06,0.26
5011,2018-12-19,5.33,5.22,5.33,5.2,190607,100513771.0,2.44,-1.88,-0.1,0.31
5012,2018-12-20,5.22,5.17,5.24,5.15,175693,91205365.0,1.72,-0.96,-0.05,0.29
5013,2018-12-21,5.17,5.12,5.18,5.06,218096,111696616.0,2.32,-0.97,-0.05,0.35
5014,2018-12-24,5.08,5.12,5.14,5.07,123793,63208582.0,1.37,0.0,0.0,0.2
5015,2018-12-25,5.08,5.0,5.08,4.95,215188,107801431.0,2.54,-2.34,-0.12,0.35
5016,2018-12-26,5.01,5.03,5.07,5.0,115197,57946892.0,1.4,0.6,0.03,0.19
5017,2018-12-27,5.1,5.05,5.12,5.05,156380,79512123.0,1.39,0.4,0.02,0.25
5018,2018-12-28,5.07,5.13,5.15,5.05,213139,108496501.0,1.98,1.58,0.08,0.35
5019,2019-01-02,5.11,5.01,5.13,5.0,161134,81281535.0,2.53,-2.34,-0.12,0.26
5020,2019-01-03,5.01,4.97,5.05,4.95,204238,101808758.0,2.0,-0.8,-0.04,0.33
5021,2019-01-04,4.93,5.04,5.05,4.9,240072,119839669.0,3.02,1.41,0.07,0.39
5022,2019-01-07,5.06,5.11,5.11,5.03,233125,118008332.0,1.59,1.39,0.07,0.38
5023,2019-01-08,5.09,5.1,5.13,5.06,160362,81662891.0,1.37,-0.2,-0.01,0.26
5024,2019-01-09,5.11,5.14,5.21,5.1,241389,124596800.0,2.16,0.78,0.04,0.39
5025,2019-01-10,5.12,5.07,5.14,5.06,175129,89354001.0,1.56,-1.36,-0.07,0.28
5026,2019-01-11,5.08,5.12,5.12,5.07,132029,67321446.0,0.99,0.99,0.05,0.21
5027,2019-01-14,5.12,5.13,5.19,5.1,228038,117410342.0,1.76,0.2,0.01,0.37
5028,2019-01-15,5.11,5.15,5.17,5.11,168271,86680371.0,1.17,0.39,0.02,0.27
5029,2019-01-16,5.17,5.16,5.19,5.14,156008,80582748.0,0.97,0.19,0.01,0.25
5030,2019-01-17,5.18,5.17,5.21,5.14,179047,92683598.0,1.36,0.19,0.01,0.29
5031,2019-01-18,5.18,5.3,5.34,5.16,382284,200969817.0,3.48,2.51,0.13,0.62
5032,2019-01-21,5.31,5.32,5.34,5.28,223171,118443380.0,1.13,0.38,0.02,0.36
5033,2019-01-22,5.32,5.2,5.32,5.18,205565,107722874.0,2.63,-2.26,-0.12,0.33
5034,2019-01-23,5.18,5.19,5.23,5.15,187841,97476008.0,1.54,-0.19,-0.01,0.31
5035,2019-01-24,5.19,5.16,5.19,5.13,168021,86651409.0,1.16,-0.58,-0.03,0.27
5036,2019-01-25,5.19,5.18,5.21,5.17,191841,99436994.0,0.78,0.39,0.02,0.31
5037,2019-01-28,5.2,5.13,5.23,5.1,211848,109487599.0,2.51,-0.97,-0.05,0.34
5038,2019-01-29,5.1,5.2,5.2,5.07,250260,128714753.0,2.53,1.36,0.07,0.41
5039,2019-01-30,5.2,5.18,5.22,5.15,179019,92999726.0,1.35,-0.38,-0.02,0.29
5040,2019-01-31,5.18,5.2,5.23,5.15,255013,132468674.0,1.54,0.39,0.02,0.41
5041,2019-02-01,5.23,5.25,5.26,5.19,233116,121832996.0,1.35,0.96,0.05,0.38
5042,2019-02-11,5.27,5.31,5.32,5.27,256911,135937642.0,0.95,1.14,0.06,0.42
5043,2019-02-12,5.29,5.32,5.34,5.26,266749,141410634.0,1.51,0.19,0.01,0.43
5044,2019-02-13,5.32,5.41,5.42,5.3,298843,160221760.0,2.26,1.69,0.09,0.49
5045,2019-02-14,5.4,5.4,5.46,5.39,222471,120479945.0,1.29,-0.18,-0.01,0.36
5046,2019-02-15,5.4,5.28,5.4,5.28,278649,148545997.0,2.22,-2.22,-0.12,0.45
5047,2019-02-18,5.32,5.4,5.4,5.31,286925,153768000.0,1.7,2.27,0.12,0.47
5048,2019-02-19,5.39,5.41,5.43,5.35,278486,150382565.0,1.48,0.19,0.01,0.45
5049,2019-02-20,5.41,5.42,5.47,5.38,287797,156154264.0,1.66,0.18,0.01,0.47
5050,2019-02-21,5.4,5.38,5.45,5.36,261680,141454376.0,1.66,-0.74,-0.04,0.43
5051,2019-02-22,5.4,5.42,5.42,5.35,223815,120663256.0,1.3,0.74,0.04,0.36
5052,2019-02-25,5.44,5.66,5.68,5.43,714749,397503216.0,4.61,4.43,0.24,1.16
5053,2019-02-26,5.67,5.72,5.94,5.61,840847,484289104.0,5.83,1.06,0.06,1.37
5054,2019-02-27,5.67,5.7,5.79,5.66,484997,277170096.0,2.27,-0.35,-0.02,0.79
5055,2019-02-28,5.69,5.67,5.76,5.64,302382,172202952.0,2.11,-0.53,-0.03,0.49
5056,2019-03-01,5.68,5.74,5.74,5.67,411561,234903901.0,1.23,1.23,0.07,0.67
5057,2019-03-04,5.79,5.84,5.89,5.75,689056,400757600.0,2.44,1.74,0.1,1.12
5058,2019-03-05,5.8,5.87,5.91,5.78,464998,271950224.0,2.23,0.51,0.03,0.76
5059,2019-03-06,5.9,6.0,6.06,5.86,688158,409581216.0,3.41,2.21,0.13,1.12
5060,2019-03-07,5.96,5.97,6.04,5.91,568479,339376816.0,2.17,-0.5,-0.03,0.92
5061,2019-03-08,5.86,5.65,5.87,5.63,576533,332536752.0,4.02,-5.36,-0.32,0.94
5062,2019-03-11,5.63,5.75,5.77,5.63,353289,201851658.0,2.48,1.77,0.1,0.57
5063,2019-03-12,5.79,5.82,5.89,5.76,437377,254941471.0,2.26,1.22,0.07,0.71
5064,2019-03-13,5.82,5.77,5.84,5.74,310149,179731964.0,1.72,-0.86,-0.05,0.5
5065,2019-03-14,5.77,5.81,5.87,5.76,417248,242487381.0,1.91,0.69,0.04,0.68
5066,2019-03-15,5.81,5.88,5.9,5.81,426145,249700972.0,1.55,1.2,0.07,0.69
5067,2019-03-18,5.9,6.05,6.06,5.89,661857,395467792.0,2.89,2.89,0.17,1.08
5068,2019-03-19,6.12,5.96,6.12,5.93,746005,447865824.0,3.14,-1.49,-0.09,1.21
5069,2019-03-20,5.95,5.92,6.0,5.86,501822,297081344.0,2.35,-0.67,-0.04,0.82
5070,2019-03-21,5.92,5.9,5.94,5.88,375616,222101942.0,1.01,-0.34,-0.02,0.61
5071,2019-03-22,5.9,5.89,5.92,5.82,363403,212827508.0,1.69,-0.17,-0.01,0.59
5072,2019-03-25,5.79,5.72,5.8,5.7,510016,293080240.0,1.7,-2.89,-0.17,0.83
5073,2019-03-26,5.73,5.62,5.76,5.61,325461,185025119.0,2.62,-1.75,-0.1,0.53
5074,2019-03-27,5.65,5.65,5.67,5.59,243625,137087275.0,1.42,0.53,0.03,0.4
5075,2019-03-28,5.62,5.53,5.62,5.52,329414,183390492.0,1.77,-2.12,-0.12,0.54
5076,2019-03-29,5.56,5.7,5.7,5.53,394331,221724088.0,3.07,3.07,0.17,0.64
5077,2019-04-01,5.73,5.86,5.87,5.73,696087,404652640.0,2.46,2.81,0.16,1.13
5078,2019-04-02,5.87,5.84,5.88,5.79,420142,244949559.0,1.54,-0.34,-0.02,0.68
5079,2019-04-03,5.83,5.93,5.93,5.81,601516,353901632.0,2.05,1.54,0.09,0.98
5080,2019-04-04,5.94,5.98,6.02,5.9,680203,405284176.0,2.02,0.84,0.05,1.11
5081,2019-04-08,6.01,6.24,6.25,5.98,1120733,683900704.0,4.52,4.35,0.26,1.82
5082,2019-04-09,6.21,6.09,6.21,6.03,663888,404802592.0,2.88,-2.4,-0.15,1.08
5083,2019-04-10,6.05,5.99,6.06,5.94,528111,316424464.0,1.97,-1.64,-0.1,0.86
5084,2019-04-11,6.01,5.92,6.04,5.91,351711,209594962.0,2.17,-1.17,-0.07,0.57
5085,2019-04-12,5.7,5.68,5.73,5.65,763268,433421152.0,1.35,-4.05,-0.24,1.24
5086,2019-04-15,5.72,5.67,5.76,5.65,465083,266222415.0,1.94,-0.18,-0.01,0.76
5087,2019-04-16,5.65,5.75,5.75,5.59,387418,219980634.0,2.82,1.41,0.08,0.63
5088,2019-04-17,5.74,5.75,5.77,5.71,324484,186201179.0,1.04,0.0,0.0,0.53
5089,2019-04-18,5.74,5.71,5.77,5.69,297199,170439446.0,1.39,-0.7,-0.04,0.48
5090,2019-04-19,5.7,5.74,5.74,5.66,251284,143376836.0,1.4,0.53,0.03,0.41
5091,2019-04-22,5.75,5.67,5.75,5.64,283393,161184171.0,1.92,-1.22,-0.07,0.46
5092,2019-04-23,5.67,5.62,5.68,5.6,248543,140013671.0,1.41,-0.88,-0.05,0.4
5093,2019-04-24,5.63,5.65,5.66,5.6,205500,115750033.0,1.07,0.53,0.03,0.33
5094,2019-04-25,5.62,5.49,5.63,5.45,276544,153439913.0,3.19,-2.83,-0.16,0.45
5095,2019-04-26,5.45,5.37,5.48,5.36,237064,128148574.0,2.19,-2.19,-0.12,0.39
5096,2019-04-29,5.35,5.32,5.38,5.28,243263,129814248.0,1.86,-0.93,-0.05,0.4
5097,2019-04-30,5.3,5.36,5.39,5.29,181949,97415459.0,1.88,0.75,0.04,0.3
5098,2019-05-06,5.27,5.08,5.27,5.03,277984,142821830.0,4.48,-5.22,-0.28,0.45
5099,2019-05-07,5.1,5.1,5.12,5.03,158380,80533394.0,1.77,0.39,0.02,0.26
5100,2019-05-08,5.01,5.09,5.12,5.0,148658,75524923.0,2.35,-0.2,-0.01,0.24
5101,2019-05-09,5.05,5.03,5.08,5.01,113007,57018248.0,1.38,-1.18,-0.06,0.18
5102,2019-05-10,5.05,5.13,5.13,5.03,168216,85742502.0,1.99,1.99,0.1,0.27
5103,2019-05-13,5.09,5.05,5.1,5.04,112734,57097648.0,1.17,-1.56,-0.08,0.18
5104,2019-05-14,5.0,5.02,5.05,4.99,136287,68492357.0,1.19,-0.59,-0.03,0.22
5105,2019-05-15,5.03,5.07,5.08,5.03,153171,77492417.0,1.0,1.0,0.05,0.25
5106,2019-05-16,5.07,5.13,5.15,5.05,181961,93117591.0,1.97,1.18,0.06,0.3
5107,2019-05-17,5.13,5.04,5.14,5.02,144373,73330427.0,2.34,-1.75,-0.09,0.23
5108,2019-05-20,5.04,5.0,5.04,4.96,115893,57811779.0,1.59,-0.79,-0.04,0.19
5109,2019-05-21,4.99,5.06,5.09,4.97,110661,55876362.0,2.4,1.2,0.06,0.18
5110,2019-05-22,5.07,5.04,5.09,5.03,111537,56445220.0,1.19,-0.4,-0.02,0.18
5111,2019-05-23,5.04,4.99,5.05,4.96,151141,75623086.0,1.79,-0.99,-0.05,0.25
5112,2019-05-24,4.98,5.01,5.02,4.97,70049,35033611.0,1.0,0.4,0.02,0.11
5113,2019-05-27,5.01,5.09,5.09,4.98,89173,44958745.0,2.2,1.6,0.08,0.15
5114,2019-05-28,5.06,5.11,5.14,5.06,180052,92020719.0,1.57,0.39,0.02,0.29
5115,2019-05-29,5.11,5.1,5.13,5.09,85958,43924698.0,0.78,-0.2,-0.01,0.14
5116,2019-05-30,5.11,5.08,5.11,5.05,103701,52598266.0,1.18,-0.39,-0.02,0.17
5117,2019-05-31,5.1,5.09,5.13,5.07,107297,54816545.0,1.18,0.2,0.01,0.17
5118,2019-06-03,5.09,5.1,5.13,5.08,84450,43117437.0,0.98,0.2,0.01,0.14
5119,2019-06-04,5.11,5.07,5.11,5.04,80108,40628846.0,1.37,-0.59,-0.03,0.13
5120,2019-06-05,5.09,5.07,5.1,5.06,59948,30480079.0,0.79,0.0,0.0,0.1
5121,2019-06-06,5.09,5.0,5.09,5.0,81562,41053515.0,1.78,-1.38,-0.07,0.13
5122,2019-06-10,5.03,5.02,5.05,5.0,61692,31042659.0,1.0,0.4,0.02,0.1
5123,2019-06-11,5.05,5.14,5.15,5.03,153990,78659305.0,2.39,2.39,0.12,0.25
5124,2019-06-12,5.15,5.11,5.15,5.09,101869,52102003.0,1.17,-0.58,-0.03,0.17
5125,2019-06-13,5.09,5.09,5.11,5.06,80602,41013863.0,0.98,-0.39,-0.02,0.13
5126,2019-06-14,5.09,5.07,5.11,5.06,92856,47144469.0,0.98,-0.39,-0.02,0.15
5127,2019-06-17,5.07,5.06,5.08,5.04,69231,34983208.0,0.79,-0.2,-0.01,0.11
5128,2019-06-18,5.04,5.04,5.06,5.03,56900,28688737.0,0.59,-0.4,-0.02,0.09
5129,2019-06-19,5.1,5.07,5.11,5.06,116941,59480467.0,0.99,0.6,0.03,0.19
5130,2019-06-20,5.08,5.14,5.14,5.04,159148,81162819.0,1.97,1.38,0.07,0.26
5131,2019-06-21,5.15,5.17,5.18,5.13,178461,92128513.0,0.97,0.58,0.03,0.29
5132,2019-06-24,5.18,5.25,5.28,5.18,214474,112448543.0,1.93,1.55,0.08,0.35
5133,2019-06-25,5.26,5.22,5.26,5.16,144137,74957899.0,1.9,-0.57,-0.03,0.23
5134,2019-06-26,5.22,5.21,5.23,5.19,93910,48911389.0,0.77,-0.19,-0.01,0.15
5135,2019-06-27,5.23,5.21,5.25,5.18,199710,104067403.0,1.34,0.0,0.0,0.32
5136,2019-06-28,3.84,3.79,3.85,3.77,165736,63022964.0,1.54,-27.26,-1.42,0.21
5137,2019-07-01,3.85,3.83,3.87,3.81,171176,65626954.0,1.58,1.06,0.04,0.21
5138,2019-07-02,3.84,3.83,3.84,3.79,137652,52534815.0,1.31,0.0,0.0,0.17
5139,2019-07-03,3.82,3.79,3.83,3.78,114992,43577182.0,1.31,-1.04,-0.04,0.14
5140,2019-07-04,3.79,3.78,3.81,3.76,120896,45800353.0,1.32,-0.26,-0.01,0.15
5141,2019-07-05,3.78,3.77,3.79,3.75,109183,41083073.0,1.06,-0.26,-0.01,0.14
5142,2019-07-08,3.76,3.69,3.76,3.67,172831,64047030.0,2.39,-2.12,-0.08,0.22
5143,2019-07-09,3.7,3.67,3.7,3.65,92343,33891245.0,1.36,-0.54,-0.02,0.12
5144,2019-07-10,3.68,3.65,3.69,3.65,64158,23483836.0,1.09,-0.54,-0.02,0.08
5145,2019-07-11,3.67,3.64,3.68,3.62,67010,24509521.0,1.64,-0.27,-0.01,0.08
5146,2019-07-12,3.65,3.64,3.65,3.62,69527,25291987.0,0.82,0.0,0.0,0.09
5147,2019-07-15,3.62,3.63,3.64,3.55,107131,38584481.0,2.47,-0.27,-0.01,0.13
5148,2019-07-16,3.61,3.62,3.65,3.59,117477,42541901.0,1.65,-0.28,-0.01,0.15
5149,2019-07-17,3.61,3.6,3.62,3.59,82301,29669830.0,0.83,-0.55,-0.02,0.1
5150,2019-07-18,3.59,3.56,3.59,3.55,86415,30804826.0,1.11,-1.11,-0.04,0.11
5151,2019-07-19,3.56,3.57,3.6,3.55,79513,28434718.0,1.4,0.28,0.01,0.1
5152,2019-07-22,3.58,3.51,3.58,3.5,152062,53464260.0,2.24,-1.68,-0.06,0.19
5153,2019-07-23,3.51,3.51,3.52,3.49,81799,28657911.0,0.85,0.0,0.0,0.1
5154,2019-07-24,3.51,3.52,3.54,3.5,96072,33788705.0,1.14,0.28,0.01,0.12
5155,2019-07-25,3.52,3.51,3.52,3.5,74383,26094655.0,0.57,-0.28,-0.01,0.09
5156,2019-07-26,3.5,3.5,3.51,3.49,53492,18736011.0,0.57,-0.28,-0.01,0.07
5157,2019-07-29,3.51,3.51,3.52,3.5,68807,24119039.0,0.57,0.29,0.01,0.09
5158,2019-07-30,3.51,3.52,3.53,3.5,84458,29728469.0,0.85,0.28,0.01,0.11
5159,2019-07-31,3.52,3.5,3.52,3.49,73233,25630926.0,0.85,-0.57,-0.02,0.09
5160,2019-08-01,3.5,3.47,3.51,3.46,87324,30378114.0,1.43,-0.86,-0.03,0.11
5161,2019-08-02,3.43,3.4,3.43,3.36,159712,54037371.0,2.02,-2.02,-0.07,0.2
5162,2019-08-05,3.37,3.28,3.37,3.27,182719,60691070.0,2.94,-3.53,-0.12,0.23
5163,2019-08-06,3.22,3.16,3.23,3.12,184331,58478599.0,3.35,-3.66,-0.12,0.23
5164,2019-08-07,3.18,3.16,3.19,3.16,85088,26966528.0,0.95,0.0,0.0,0.11
5165,2019-08-08,3.18,3.18,3.19,3.16,76685,24344541.0,0.95,0.63,0.02,0.1
5166,2019-08-09,3.19,3.14,3.19,3.13,76477,24171267.0,1.89,-1.26,-0.04,0.1
5167,2019-08-12,3.16,3.16,3.16,3.13,80333,25224068.0,0.96,0.64,0.02,0.1
5168,2019-08-13,3.14,3.11,3.15,3.1,84144,26278404.0,1.58,-1.58,-0.05,0.11
5169,2019-08-14,3.13,3.13,3.16,3.13,80886,25437809.0,0.96,0.64,0.02,0.1
5170,2019-08-15,3.09,3.13,3.14,3.05,88650,27476880.0,2.88,0.0,0.0,0.11
5171,2019-08-16,3.13,3.14,3.17,3.11,59361,18706178.0,1.92,0.32,0.01,0.07
5172,2019-08-19,3.15,3.23,3.23,3.15,97471,31161851.0,2.55,2.87,0.09,0.12
5173,2019-08-20,3.23,3.2,3.25,3.19,112117,36156721.0,1.86,-0.93,-0.03,0.14
5174,2019-08-21,3.2,3.2,3.23,3.19,97045,31109732.0,1.25,0.0,0.0,0.12
5175,2019-08-22,3.2,3.19,3.22,3.16,62891,20021454.0,1.88,-0.31,-0.01,0.08
5176,2019-08-23,3.19,3.16,3.19,3.14,93405,29503775.0,1.57,-0.94,-0.03,0.12
5177,2019-08-26,3.11,3.09,3.11,3.07,113020,34954653.0,1.27,-2.22,-0.07,0.14
5178,2019-08-27,3.1,3.11,3.16,3.09,143018,44764721.0,2.27,0.65,0.02,0.18
5179,2019-08-28,3.14,3.15,3.16,3.12,101010,31749319.0,1.29,1.29,0.04,0.13
5180,2019-08-29,3.16,3.14,3.17,3.12,60121,18858622.0,1.59,-0.32,-0.01,0.08
5181,2019-08-30,3.16,3.12,3.16,3.11,75190,23523180.0,1.59,-0.64,-0.02,0.09
5182,2019-09-02,3.13,3.17,3.17,3.11,126898,40003229.0,1.92,1.6,0.05,0.16
5183,2019-09-03,3.16,3.19,3.19,3.16,119690,38054465.0,0.95,0.63,0.02,0.15
5184,2019-09-04,3.19,3.22,3.23,3.17,179311,57440646.0,1.88,0.94,0.03,0.22
5185,2019-09-05,3.24,3.27,3.31,3.23,256764,84107905.0,2.48,1.55,0.05,0.32
5186,2019-09-06,3.28,3.26,3.3,3.25,132186,43247703.0,1.53,-0.31,-0.01,0.17
5187,2019-09-09,3.28,3.28,3.31,3.26,144046,47208798.0,1.53,0.61,0.02,0.18
5188,2019-09-10,3.28,3.28,3.29,3.26,124874,40834730.0,0.91,0.0,0.0,0.16
5189,2019-09-11,3.28,3.33,3.33,3.27,200317,66087443.0,1.83,1.52,0.05,0.25
5190,2019-09-12,3.38,3.35,3.38,3.33,206948,69356514.0,1.5,0.6,0.02,0.26
5191,2019-09-16,3.35,3.33,3.37,3.31,171830,57497638.0,1.79,-0.6,-0.02,0.21
5192,2019-09-17,3.33,3.25,3.34,3.24,145969,47837108.0,3.0,-2.4,-0.08,0.18
5193,2019-09-18,3.25,3.23,3.27,3.22,95723,30990588.0,1.54,-0.62,-0.02,0.12
5194,2019-09-19,3.23,3.23,3.25,3.2,107984,34804534.0,1.55,0.0,0.0,0.14
5195,2019-09-20,3.24,3.2,3.25,3.2,113343,36582585.0,1.55,-0.93,-0.03,0.14
5196,2019-09-23,3.21,3.17,3.22,3.15,122683,38850599.0,2.19,-0.94,-0.03,0.15
5197,2019-09-24,3.17,3.16,3.19,3.15,109578,34673648.0,1.26,-0.32,-0.01,0.14
5198,2019-09-25,3.15,3.1,3.15,3.1,142010,44315768.0,1.58,-1.9,-0.06,0.18
5199,2019-09-26,3.11,3.08,3.11,3.08,131581,40752834.0,0.97,-0.65,-0.02,0.16
5200,2019-09-27,3.07,3.11,3.12,3.07,97745,30307966.0,1.62,0.97,0.03,0.12
5201,2019-09-30,3.11,3.09,3.12,3.09,78131,24249202.0,0.96,-0.64,-0.02,0.1
5202,2019-10-08,3.09,3.11,3.12,3.08,94163,29180343.0,1.29,0.65,0.02,0.12
5203,2019-10-09,3.11,3.11,3.12,3.09,89749,27843970.0,0.96,0.0,0.0,0.11
5204,2019-10-10,3.11,3.11,3.12,3.09,88478,27515834.0,0.96,0.0,0.0,0.11
5205,2019-10-11,3.11,3.15,3.15,3.1,131211,41047797.0,1.61,1.29,0.04,0.16
5206,2019-10-14,3.17,3.18,3.19,3.15,154379,49012206.0,1.27,0.95,0.03,0.19
5207,2019-10-15,3.16,3.12,3.16,3.11,141981,44431177.0,1.57,-1.89,-0.06,0.18
5208,2019-10-16,3.12,3.09,3.14,3.09,105476,32813425.0,1.6,-0.96,-0.03,0.13
5209,2019-10-17,3.09,3.08,3.1,3.07,81451,25108040.0,0.97,-0.32,-0.01,0.1
5210,2019-10-18,3.09,3.06,3.09,3.04,132432,40585542.0,1.62,-0.65,-0.02,0.17
5211,2019-10-21,3.07,3.06,3.07,3.04,74797,22823147.0,0.98,0.0,0.0,0.09
5212,2019-10-22,3.05,3.06,3.07,3.04,84452,25784896.0,0.98,0.0,0.0,0.11
5213,2019-10-23,3.05,3.05,3.07,3.05,71662,21877511.0,0.65,-0.33,-0.01,0.09
5214,2019-10-24,3.05,3.06,3.06,3.04,79019,24121415.0,0.66,0.33,0.01,0.1
5215,2019-10-25,3.06,3.06,3.06,3.04,91660,27957979.0,0.65,0.0,0.0,0.11
5216,2019-10-28,3.06,3.07,3.08,3.05,105160,32264127.0,0.98,0.33,0.01,0.13
5217,2019-10-29,3.07,3.05,3.07,3.05,75570,23114067.0,0.65,-0.65,-0.02,0.09
5218,2019-10-30,3.05,3.02,3.06,3.01,113461,34376711.0,1.64,-0.98,-0.03,0.14
5219,2019-10-31,3.01,2.99,3.03,2.99,107149,32175668.0,1.32,-0.99,-0.03,0.13
5220,2019-11-01,2.99,3.0,3.01,2.95,93286,27813249.0,2.01,0.33,0.01,0.12
5221,2019-11-04,3.0,2.98,3.01,2.98,98934,29596112.0,1.0,-0.67,-0.02,0.12
5222,2019-11-05,2.99,3.0,3.01,2.96,101537,30338763.0,1.68,0.67,0.02,0.13
5223,2019-11-06,3.0,3.0,3.02,2.99,78591,23621044.0,1.0,0.0,0.0,0.1
5224,2019-11-07,3.0,2.99,3.02,2.99,69972,21007274.0,1.0,-0.33,-0.01,0.09
5225,2019-11-08,3.01,2.98,3.01,2.98,79171,23703209.0,1.0,-0.33,-0.01,0.1
5226,2019-11-11,2.97,2.93,2.98,2.91,125829,36927146.0,2.35,-1.68,-0.05,0.16
5227,2019-11-12,2.91,2.91,2.93,2.89,79686,23163615.0,1.37,-0.68,-0.02,0.1
5228,2019-11-13,2.9,2.88,2.91,2.87,91853,26483761.0,1.37,-1.03,-0.03,0.11
5229,2019-11-14,2.87,2.88,2.89,2.86,85715,24662035.0,1.04,0.0,0.0,0.11
5230,2019-11-15,2.87,2.9,2.92,2.86,108263,31308742.0,2.08,0.69,0.02,0.14
5231,2019-11-18,2.89,2.92,2.93,2.88,93086,27119857.0,1.72,0.69,0.02,0.12
5232,2019-11-19,2.93,2.96,2.96,2.92,112454,33147292.0,1.37,1.37,0.04,0.14
5233,2019-11-20,2.96,2.97,2.99,2.94,123385,36658734.0,1.69,0.34,0.01,0.15
5234,2019-11-21,2.97,3.08,3.11,2.95,390128,119044707.0,5.39,3.7,0.11,0.49
5235,2019-11-22,3.08,3.11,3.12,3.04,338621,104403614.0,2.6,0.97,0.03,0.42
5236,2019-11-25,3.12,3.23,3.29,3.11,578980,186512146.0,5.79,3.86,0.12,0.72
5237,2019-11-26,3.22,3.11,3.22,3.11,371379,117127767.0,3.41,-3.72,-0.12,0.46
5238,2019-11-27,3.11,3.16,3.17,3.11,217286,68507603.0,1.93,1.61,0.05,0.27
5239,2019-11-28,3.16,3.14,3.17,3.13,184488,58107753.0,1.27,-0.63,-0.02,0.23
5240,2019-11-29,3.14,3.15,3.2,3.13,154714,48880056.0,2.23,0.32,0.01,0.19
5241,2019-12-02,3.15,3.12,3.17,3.11,118356,37131354.0,1.9,-0.95,-0.03,0.15
5242,2019-12-03,3.1,3.08,3.11,3.07,127856,39381470.0,1.28,-1.28,-0.04,0.16
5243,2019-12-04,3.06,3.04,3.07,3.04,116479,35514300.0,0.97,-1.3,-0.04,0.15
5244,2019-12-05,3.05,3.05,3.07,3.04,109506,33448763.0,0.99,0.33,0.01,0.14
5245,2019-12-06,3.05,3.06,3.07,3.04,110032,33635738.0,0.98,0.33,0.01,0.14
5246,2019-12-09,3.07,3.14,3.15,3.06,234566,73113688.0,2.94,2.61,0.08,0.29
5247,2019-12-10,3.13,3.14,3.15,3.11,146113,45810737.0,1.27,0.0,0.0,0.18
5248,2019-12-11,3.15,3.16,3.2,3.14,169683,53762748.0,1.91,0.64,0.02,0.21
5249,2019-12-12,3.16,3.13,3.17,3.13,136040,42755925.0,1.27,-0.95,-0.03,0.17
5250,2019-12-13,3.15,3.16,3.16,3.13,203096,63894681.0,0.96,0.96,0.03,0.25
5251,2019-12-16,3.17,3.19,3.21,3.16,219804,70065167.0,1.58,0.95,0.03,0.27
5252,2019-12-17,3.22,3.21,3.24,3.17,248756,79828809.0,2.19,0.63,0.02,0.31
5253,2019-12-18,3.22,3.22,3.24,3.19,160594,51644272.0,1.56,0.31,0.01,0.2
5254,2019-12-19,3.2,3.2,3.21,3.16,181619,57815521.0,1.55,-0.62,-0.02,0.23
5255,2019-12-20,3.19,3.18,3.2,3.17,115496,36842911.0,0.94,-0.63,-0.02,0.14
5256,2019-12-23,3.19,3.12,3.19,3.11,144837,45762818.0,2.52,-1.89,-0.06,0.18
5257,2019-12-24,3.13,3.16,3.17,3.12,94402,29645705.0,1.6,1.28,0.04,0.12
5258,2019-12-25,3.15,3.17,3.19,3.15,99166,31471501.0,1.27,0.32,0.01,0.12
5259,2019-12-26,3.17,3.2,3.23,3.16,202631,64949618.0,2.21,0.95,0.03,0.25
5260,2019-12-27,3.21,3.22,3.26,3.2,208811,67614453.0,1.88,0.63,0.02,0.26
5261,2019-12-30,3.21,3.28,3.28,3.2,199582,64976047.0,2.48,1.86,0.06,0.25
5262,2019-12-31,3.28,3.35,3.35,3.25,277754,91862402.0,3.05,2.13,0.07,0.35
5263,2020-01-02,3.35,3.36,3.38,3.32,284994,95477561.0,1.79,0.3,0.01,0.36
5264,2020-01-03,3.34,3.32,3.35,3.3,162968,54222371.0,1.49,-1.19,-0.04,0.2
5265,2020-01-06,3.29,3.3,3.34,3.28,196047,64945204.0,1.81,-0.6,-0.02,0.25
5266,2020-01-07,3.3,3.34,3.36,3.3,210386,70148068.0,1.82,1.21,0.04,0.26
5267,2020-01-08,3.33,3.27,3.34,3.25,186907,61738503.0,2.69,-2.1,-0.07,0.23
5268,2020-01-09,3.3,3.3,3.31,3.28,122882,40529303.0,0.92,0.92,0.03,0.15
5269,2020-01-10,3.3,3.28,3.31,3.27,97226,31986398.0,1.21,-0.61,-0.02,0.12
5270,2020-01-13,3.28,3.29,3.29,3.24,117015,38211984.0,1.52,0.3,0.01,0.15
5271,2020-01-14,3.28,3.31,3.32,3.28,132768,43936407.0,1.22,0.61,0.02,0.17
5272,2020-01-15,3.31,3.26,3.32,3.24,131339,42844049.0,2.42,-1.51,-0.05,0.16
5273,2020-01-16,3.25,3.22,3.26,3.21,98654,31919494.0,1.53,-1.23,-0.04,0.12
5274,2020-01-17,3.22,3.24,3.25,3.22,111108,35939702.0,0.93,0.62,0.02,0.14
5275,2020-01-20,3.22,3.2,3.22,3.19,103572,33210781.0,0.93,-1.23,-0.04,0.13
5276,2020-01-21,3.2,3.11,3.2,3.1,154802,48586215.0,3.13,-2.81,-0.09,0.19
5277,2020-01-22,3.1,3.1,3.12,3.04,116324,35890961.0,2.57,-0.32,-0.01,0.15
5278,2020-01-23,3.1,3.03,3.1,3.02,136088,41540708.0,2.58,-2.26,-0.07,0.17
5279,2020-02-03,2.73,2.73,2.76,2.73,360391,98613953.0,0.99,-9.9,-0.3,0.45
5280,2020-02-04,2.72,2.76,2.78,2.7,301439,82610352.0,2.93,1.1,0.03,0.38
5281,2020-02-05,2.76,2.78,2.83,2.73,239148,66616966.0,3.62,0.72,0.02,0.3
5282,2020-02-06,2.79,2.8,2.82,2.74,238650,66291449.0,2.88,0.72,0.02,0.3
5283,2020-02-07,2.79,2.78,2.8,2.75,199694,55220423.0,1.79,-0.71,-0.02,0.25
5284,2020-02-10,2.77,2.82,2.83,2.75,262968,73514430.0,2.88,1.44,0.04,0.33
5285,2020-02-11,2.81,2.88,2.95,2.81,400950,115647559.0,4.96,2.13,0.06,0.5
5286,2020-02-12,2.88,2.88,2.88,2.83,232369,66344177.0,1.74,0.0,0.0,0.29
5287,2020-02-13,2.87,2.84,2.89,2.84,219027,62621020.0,1.74,-1.39,-0.04,0.27
5288,2020-02-14,2.84,2.87,2.88,2.83,164109,47009377.0,1.76,1.06,0.03,0.21
5289,2020-02-17,2.86,2.92,2.93,2.86,225216,65253297.0,2.44,1.74,0.05,0.28
5290,2020-02-18,2.92,2.9,2.93,2.88,174340,50556985.0,1.71,-0.68,-0.02,0.22
5291,2020-02-19,2.9,2.89,2.92,2.88,175237,50681895.0,1.38,-0.34,-0.01,0.22
5292,2020-02-20,2.9,2.92,2.94,2.88,221218,64322943.0,2.08,1.04,0.03,0.28
5293,2020-02-21,2.92,2.91,2.93,2.89,268521,78137168.0,1.37,-0.34,-0.01,0.34
5294,2020-02-24,2.89,2.88,2.91,2.87,235655,68085478.0,1.37,-1.03,-0.03,0.29
5295,2020-02-25,2.84,2.84,2.85,2.8,261842,74128948.0,1.74,-1.39,-0.04,0.33
5296,2020-02-26,2.83,2.92,2.94,2.8,475419,137518484.0,4.93,2.82,0.08,0.59
5297,2020-02-27,2.91,2.96,2.97,2.89,432565,126896720.0,2.74,1.37,0.04,0.54
5298,2020-02-28,2.92,2.86,2.92,2.85,320784,92447274.0,2.36,-3.38,-0.1,0.4
5299,2020-03-02,2.86,3.01,3.03,2.85,389128,115493792.0,6.29,5.24,0.15,0.49
5300,2020-03-03,3.04,2.99,3.05,2.97,310193,92955384.0,2.66,-0.66,-0.02,0.39
5301,2020-03-04,2.97,3.0,3.03,2.96,268368,80352982.0,2.34,0.33,0.01,0.34
5302,2020-03-05,3.02,3.04,3.08,3.0,281968,85716764.0,2.67,1.33,0.04,0.35
5303,2020-03-06,3.02,2.98,3.02,2.97,236508,70665024.0,1.64,-1.97,-0.06,0.3
5304,2020-03-09,2.94,2.86,2.95,2.85,331192,95781361.0,3.36,-4.03,-0.12,0.41
5305,2020-03-10,2.84,2.89,2.92,2.83,202110,58221626.0,3.15,1.05,0.03,0.25
5306,2020-03-11,2.9,2.9,2.93,2.89,185271,53792215.0,1.38,0.35,0.01,0.23
5307,2020-03-12,2.87,2.84,2.89,2.82,238661,68073523.0,2.41,-2.07,-0.06,0.3
5308,2020-03-13,2.75,2.8,2.83,2.74,271225,75400389.0,3.17,-1.41,-0.04,0.34
5309,2020-03-16,2.82,2.74,2.83,2.72,243156,67569095.0,3.93,-2.14,-0.06,0.3
5310,2020-03-17,2.73,2.78,2.78,2.7,323712,89036073.0,2.92,1.46,0.04,0.4
5311,2020-03-18,2.78,2.74,2.79,2.74,179803,49828592.0,1.8,-1.44,-0.04,0.22
5312,2020-03-19,2.72,2.71,2.76,2.67,213363,57807118.0,3.28,-1.09,-0.03,0.27
5313,2020-03-20,2.72,2.73,2.75,2.7,143662,39132351.0,1.85,0.74,0.02,0.18
5314,2020-03-23,2.7,2.68,2.71,2.66,144583,38743967.0,1.83,-1.83,-0.05,0.18
5315,2020-03-24,2.7,2.72,2.73,2.68,137360,37202960.0,1.87,1.49,0.04,0.17
5316,2020-03-25,2.75,2.75,2.78,2.73,130573,35899212.0,1.84,1.1,0.03,0.16
5317,2020-03-26,2.73,2.71,2.74,2.7,97087,26406892.0,1.45,-1.45,-0.04,0.12
5318,2020-03-27,2.74,2.73,2.76,2.71,107682,29454213.0,1.85,0.74,0.02,0.13
5319,2020-03-30,2.71,2.73,2.75,2.69,115920,31502575.0,2.2,0.0,0.0,0.15
5320,2020-03-31,2.75,2.69,2.75,2.67,175567,47386900.0,2.93,-1.47,-0.04,0.22
5321,2020-04-01,2.68,2.68,2.7,2.67,87072,23388634.0,1.12,-0.37,-0.01,0.11
5322,2020-04-02,2.66,2.71,2.71,2.66,83658,22459228.0,1.87,1.12,0.03,0.1
5323,2020-04-03,2.71,2.67,2.71,2.66,117761,31517739.0,1.85,-1.48,-0.04,0.15
5324,2020-04-07,2.69,2.71,2.71,2.68,123573,33309060.0,1.12,1.5,0.04,0.15
5325,2020-04-08,2.69,2.7,2.72,2.68,115291,31135475.0,1.48,-0.37,-0.01,0.14
5326,2020-04-09,2.71,2.72,2.73,2.7,122193,33253858.0,1.11,0.74,0.02,0.15
5327,2020-04-10,2.73,2.69,2.73,2.68,75354,20363597.0,1.84,-1.1,-0.03,0.09
5328,2020-04-13,2.69,2.69,2.7,2.68,56279,15129128.0,0.74,0.0,0.0,0.07
5329,2020-04-14,2.69,2.71,2.72,2.69,107702,29139093.0,1.12,0.74,0.02,0.13
5330,2020-04-15,2.72,2.7,2.72,2.69,75619,20453708.0,1.11,-0.37,-0.01,0.09
5331,2020-04-16,2.68,2.69,2.7,2.68,81484,21899401.0,0.74,-0.37,-0.01,0.1
5332,2020-04-17,2.7,2.7,2.71,2.69,82584,22288110.0,0.74,0.37,0.01,0.1
5333,2020-04-20,2.7,2.69,2.7,2.68,68029,18310881.0,0.74,-0.37,-0.01,0.09
5334,2020-04-21,2.69,2.67,2.69,2.66,78186,20907092.0,1.12,-0.74,-0.02,0.1
5335,2020-04-22,2.66,2.67,2.68,2.65,70907,18932803.0,1.12,0.0,0.0,0.09
5336,2020-04-23,2.67,2.66,2.68,2.66,88409,23561792.0,0.75,-0.37,-0.01,0.11
5337,2020-04-24,2.66,2.63,2.67,2.63,100348,26508919.0,1.5,-1.13,-0.03,0.13
5338,2020-04-27,2.63,2.62,2.65,2.62,85642,22552496.0,1.14,-0.38,-0.01,0.11
5339,2020-04-28,2.63,2.58,2.63,2.55,112104,28930045.0,3.05,-1.53,-0.04,0.14
5340,2020-04-29,2.57,2.59,2.6,2.56,77597,20100126.0,1.55,0.39,0.01,0.1
5341,2020-04-30,2.6,2.63,2.64,2.6,110924,29121258.0,1.54,1.54,0.04,0.14
5342,2020-05-06,2.57,2.62,2.63,2.57,174809,45610383.0,2.28,-0.38,-0.01,0.22
5343,2020-05-07,2.61,2.61,2.62,2.59,100000,26077127.0,1.15,-0.38,-0.01,0.13
5344,2020-05-08,2.61,2.63,2.64,2.6,148912,39027595.0,1.53,0.77,0.02,0.19
5345,2020-05-11,2.63,2.64,2.67,2.62,167560,44363101.0,1.9,0.38,0.01,0.21
5346,2020-05-12,2.65,2.62,2.65,2.61,139947,36732931.0,1.52,-0.76,-0.02,0.18
5347,2020-05-13,2.61,2.62,2.63,2.6,63743,16670628.0,1.15,0.0,0.0,0.08
5348,2020-05-14,2.6,2.59,2.62,2.58,100254,26018626.0,1.53,-1.15,-0.03,0.13
5349,2020-05-15,2.6,2.58,2.61,2.58,82370,21304554.0,1.16,-0.39,-0.01,0.1
5350,2020-05-18,2.59,2.56,2.6,2.55,173456,44613823.0,1.94,-0.78,-0.02,0.22
5351,2020-05-19,2.58,2.58,2.59,2.56,123783,31944655.0,1.17,0.78,0.02,0.15
5352,2020-05-20,2.58,2.56,2.58,2.55,92639,23774278.0,1.16,-0.78,-0.02,0.12
5353,2020-05-21,2.57,2.54,2.58,2.54,167658,42795216.0,1.56,-0.78,-0.02,0.21
5354,2020-05-22,2.54,2.48,2.54,2.47,235324,58756657.0,2.76,-2.36,-0.06,0.29
5355,2020-05-25,2.47,2.44,2.48,2.42,171501,42073666.0,2.42,-1.61,-0.04,0.21
5356,2020-05-26,2.44,2.45,2.46,2.43,180237,44012712.0,1.23,0.41,0.01,0.23
5357,2020-05-27,2.45,2.49,2.52,2.43,251695,62475406.0,3.67,1.63,0.04,0.31
5358,2020-05-28,2.48,2.48,2.51,2.45,139864,34698145.0,2.41,-0.4,-0.01,0.17
5359,2020-05-29,2.48,2.46,2.49,2.44,232108,57083105.0,2.02,-0.81,-0.02,0.29
5360,2020-06-01,2.47,2.5,2.52,2.46,265582,66240247.0,2.44,1.63,0.04,0.33
5361,2020-06-02,2.51,2.51,2.53,2.49,237900,59711401.0,1.6,0.4,0.01,0.3
5362,2020-06-03,2.53,2.51,2.55,2.51,194532,49325196.0,1.59,0.0,0.0,0.24
5363,2020-06-04,2.53,2.51,2.54,2.5,151119,37997157.0,1.59,0.0,0.0,0.19
5364,2020-06-05,2.51,2.51,2.52,2.49,123256,30861965.0,1.2,0.0,0.0,0.15
5365,2020-06-08,2.52,2.54,2.56,2.51,203674,51682395.0,1.99,1.2,0.03,0.25
5366,2020-06-09,2.54,2.56,2.57,2.52,175483,44669044.0,1.97,0.79,0.02,0.22
5367,2020-06-10,2.56,2.54,2.57,2.53,241307,61628399.0,1.56,-0.78,-0.02,0.3
5368,2020-06-11,2.56,2.51,2.56,2.5,264025,66619039.0,2.36,-1.18,-0.03,0.33
5369,2020-06-12,2.48,2.51,2.51,2.45,675127,166908847.0,2.39,0.0,0.0,0.84
5370,2020-06-15,2.48,2.43,2.49,2.43,445516,109567476.0,2.39,-3.19,-0.08,0.56
5371,2020-06-16,2.44,2.5,2.51,2.44,335302,83225556.0,2.88,2.88,0.07,0.42
5372,2020-06-17,2.5,2.57,2.59,2.49,440639,112760529.0,4.0,2.8,0.07,0.55
5373,2020-06-18,2.57,2.66,2.74,2.56,698005,185318871.0,7.0,3.5,0.09,0.87
5374,2020-06-19,2.63,2.6,2.66,2.57,393536,102212156.0,3.38,-2.26,-0.06,0.49
5375,2020-06-22,2.6,2.58,2.62,2.57,230103,59657825.0,1.92,-0.77,-0.02,0.29
5376,2020-06-23,2.59,2.57,2.59,2.55,186537,47824523.0,1.55,-0.39,-0.01,0.23
5377,2020-06-24,2.56,2.55,2.57,2.53,165716,42213163.0,1.56,-0.78,-0.02,0.21
5378,2020-06-29,2.53,2.49,2.54,2.48,195909,49011677.0,2.35,-2.35,-0.06,0.25
5379,2020-06-30,2.45,2.45,2.47,2.44,130664,32099129.0,1.2,-1.61,-0.04,0.16
5380,2020-07-01,2.45,2.49,2.49,2.44,197453,48651193.0,2.04,1.63,0.04,0.25
5381,2020-07-02,2.49,2.58,2.59,2.48,405800,103296204.0,4.42,3.61,0.09,0.51
5382,2020-07-03,2.58,2.63,2.66,2.57,500502,131095536.0,3.49,1.94,0.05,0.63
5383,2020-07-06,2.66,2.85,2.86,2.66,847597,233337986.0,7.6,8.37,0.22,1.06
5384,2020-07-07,2.94,2.8,2.95,2.78,911534,260403269.0,5.96,-1.75,-0.05,1.14
5385,2020-07-08,2.78,2.91,2.92,2.76,785455,224101794.0,5.71,3.93,0.11,0.98
5386,2020-07-09,2.92,2.93,2.96,2.85,824231,238992244.0,3.78,0.69,0.02,1.03
5387,2020-07-10,2.89,2.82,2.9,2.81,515929,147174564.0,3.07,-3.75,-0.11,0.65
5388,2020-07-13,2.82,2.89,2.91,2.8,599144,171714840.0,3.9,2.48,0.07,0.75
5389,2020-07-14,2.89,2.88,2.94,2.83,629177,180721738.0,3.81,-0.35,-0.01,0.79
5390,2020-07-15,2.86,2.76,2.89,2.75,469061,131919584.0,4.86,-4.17,-0.12,0.59
5391,2020-07-16,2.77,2.69,2.82,2.66,403616,111177083.0,5.8,-2.54,-0.07,0.5
5392,2020-07-17,2.68,2.66,2.71,2.65,344005,92035718.0,2.23,-1.12,-0.03,0.43
5393,2020-07-20,2.68,2.78,2.82,2.66,450684,123723479.0,6.02,4.51,0.12,0.56
5394,2020-07-21,2.81,2.79,2.83,2.77,372060,104054340.0,2.16,0.36,0.01,0.47
5395,2020-07-22,2.79,2.77,2.83,2.75,355061,99015922.0,2.87,-0.72,-0.02,0.44
5396,2020-07-23,2.75,2.73,2.77,2.68,300934,81831571.0,3.25,-1.44,-0.04,0.38
5397,2020-07-24,2.71,2.64,2.72,2.62,348819,93176262.0,3.66,-3.3,-0.09,0.44
5398,2020-07-27,2.66,2.65,2.68,2.61,275166,72733884.0,2.65,0.38,0.01,0.34
5399,2020-07-28,2.67,2.71,2.73,2.66,293591,79130380.0,2.64,2.26,0.06,0.37
5400,2020-07-29,2.68,2.72,2.72,2.65,361605,97375329.0,2.58,0.37,0.01,0.45
5401,2020-07-30,2.71,2.69,2.74,2.68,252049,68201731.0,2.21,-1.1,-0.03,0.32
5402,2020-07-31,2.69,2.69,2.73,2.66,287317,77320262.0,2.6,0.0,0.0,0.36
5403,2020-08-03,2.7,2.74,2.75,2.69,363782,99212173.0,2.23,1.86,0.05,0.46
5404,2020-08-04,2.76,2.77,2.79,2.73,429132,118304845.0,2.19,1.09,0.03,0.54
5405,2020-08-05,2.77,2.73,2.77,2.72,300608,82212402.0,1.81,-1.44,-0.04,0.38
5406,2020-08-06,2.75,2.75,2.76,2.7,300493,82163118.0,2.2,0.73,0.02,0.38
5407,2020-08-07,2.75,2.7,2.75,2.68,302323,81760644.0,2.55,-1.82,-0.05,0.38
5408,2020-08-10,2.68,2.71,2.73,2.68,242229,65608411.0,1.85,0.37,0.01,0.3
5409,2020-08-11,2.72,2.68,2.73,2.67,230016,62252731.0,2.21,-1.11,-0.03,0.29
5410,2020-08-12,2.67,2.7,2.7,2.65,251415,67143836.0,1.87,0.75,0.02,0.31
5411,2020-08-13,2.7,2.75,2.77,2.69,385961,105844107.0,2.96,1.85,0.05,0.48
5412,2020-08-14,2.75,2.75,2.76,2.72,209616,57471032.0,1.45,0.0,0.0,0.26
5413,2020-08-17,2.76,2.79,2.81,2.74,408033,113530582.0,2.55,1.45,0.04,0.51
5414,2020-08-18,2.8,2.79,2.83,2.78,386833,108424335.0,1.79,0.0,0.0,0.48
5415,2020-08-19,2.79,2.79,2.82,2.77,304978,85204442.0,1.79,0.0,0.0,0.38
5416,2020-08-20,2.8,2.77,2.84,2.75,443493,123991210.0,3.23,-0.72,-0.02,0.55
5417,2020-08-21,2.78,2.77,2.79,2.75,258692,71690681.0,1.44,0.0,0.0,0.32
5418,2020-08-24,2.78,2.75,2.78,2.75,187353,51764906.0,1.08,-0.72,-0.02,0.23
5419,2020-08-25,2.76,2.72,2.77,2.71,203304,55651797.0,2.18,-1.09,-0.03,0.25
5420,2020-08-26,2.71,2.68,2.73,2.67,223361,60188294.0,2.21,-1.47,-0.04,0.28
5421,2020-08-27,2.68,2.68,2.7,2.66,156467,41919780.0,1.49,0.0,0.0,0.2
5422,2020-08-28,2.69,2.72,2.72,2.66,223482,60282133.0,2.24,1.49,0.04,0.28
5423,2020-08-31,2.72,2.69,2.74,2.69,235813,64054761.0,1.84,-1.1,-0.03,0.29
5424,2020-09-01,2.68,2.7,2.7,2.68,149384,40198116.0,0.74,0.37,0.01,0.19
5425,2020-09-02,2.7,2.68,2.7,2.66,230490,61770816.0,1.48,-0.74,-0.02,0.29
5426,2020-09-03,2.69,2.68,2.71,2.67,166355,44758242.0,1.49,0.0,0.0,0.21
5427,2020-09-04,2.65,2.67,2.68,2.64,163208,43369164.0,1.49,-0.37,-0.01,0.2
5428,2020-09-07,2.67,2.67,2.7,2.65,172680,46196079.0,1.87,0.0,0.0,0.22
5429,2020-09-08,2.66,2.71,2.72,2.65,265419,71577081.0,2.62,1.5,0.04,0.33
5430,2020-09-09,2.69,2.8,2.82,2.69,802319,222200151.0,4.8,3.32,0.09,1.0
5431,2020-09-10,2.79,2.7,2.8,2.68,483552,131973398.0,4.29,-3.57,-0.1,0.6
5432,2020-09-11,2.7,2.68,2.71,2.66,266371,71388148.0,1.85,-0.74,-0.02,0.33
5433,2020-09-14,2.68,2.68,2.7,2.66,167538,44870824.0,1.49,0.0,0.0,0.21
5434,2020-09-15,2.68,2.67,2.68,2.66,120931,32271651.0,0.75,-0.37,-0.01,0.15
5435,2020-09-16,2.67,2.67,2.69,2.66,143052,38247682.0,1.12,0.0,0.0,0.18
5436,2020-09-17,2.67,2.67,2.69,2.65,159583,42623850.0,1.5,0.0,0.0,0.2
5437,2020-09-18,2.67,2.72,2.72,2.66,242724,65514108.0,2.25,1.87,0.05,0.3
5438,2020-09-21,2.73,2.71,2.74,2.7,183543,49799382.0,1.47,-0.37,-0.01,0.23
5439,2020-09-22,2.69,2.67,2.71,2.66,182344,48982157.0,1.85,-1.48,-0.04,0.23
5440,2020-09-23,2.67,2.66,2.68,2.65,117539,31324954.0,1.12,-0.37,-0.01,0.15
5441,2020-09-24,2.65,2.61,2.66,2.61,183314,48116338.0,1.88,-1.88,-0.05,0.23
5442,2020-09-25,2.61,2.6,2.62,2.59,115345,30071988.0,1.15,-0.38,-0.01,0.14
5443,2020-09-28,2.61,2.59,2.61,2.58,109116,28319752.0,1.15,-0.38,-0.01,0.14
5444,2020-09-29,2.6,2.61,2.63,2.59,102027,26651173.0,1.54,0.77,0.02,0.13
5445,2020-09-30,2.6,2.59,2.61,2.57,104345,27041845.0,1.53,-0.77,-0.02,0.13
5446,2020-10-09,2.61,2.63,2.64,2.61,123471,32435167.0,1.16,1.54,0.04,0.15
5447,2020-10-12,2.64,2.66,2.67,2.63,226679,60089896.0,1.52,1.14,0.03,0.28
5448,2020-10-13,2.66,2.64,2.67,2.63,105768,27988058.0,1.5,-0.75,-0.02,0.13
5449,2020-10-14,2.64,2.62,2.64,2.61,85626,22424346.0,1.14,-0.76,-0.02,0.11
5450,2020-10-15,2.64,2.69,2.69,2.63,332430,88815607.0,2.29,2.67,0.07,0.42
5451,2020-10-16,2.68,2.69,2.71,2.66,203240,54546122.0,1.86,0.0,0.0,0.25
5452,2020-10-19,2.69,2.67,2.74,2.66,206739,55881121.0,2.97,-0.74,-0.02,0.26
5453,2020-10-20,2.67,2.66,2.67,2.64,109167,28984352.0,1.12,-0.37,-0.01,0.14
5454,2020-10-21,2.66,2.65,2.67,2.64,149901,39806125.0,1.13,-0.38,-0.01,0.19
5455,2020-10-22,2.65,2.64,2.67,2.64,121876,32362182.0,1.13,-0.38,-0.01,0.15
5456,2020-10-23,2.65,2.66,2.67,2.64,130058,34621715.0,1.14,0.76,0.02,0.16
5457,2020-10-26,2.67,2.7,2.7,2.66,164970,44242426.0,1.5,1.5,0.04,0.21
5458,2020-10-27,2.68,2.75,2.77,2.68,517633,141666581.0,3.33,1.85,0.05,0.65
5459,2020-10-28,2.75,2.73,2.75,2.69,267719,72683342.0,2.18,-0.73,-0.02,0.33
5460,2020-10-29,2.72,2.69,2.72,2.68,234289,63182300.0,1.47,-1.47,-0.04,0.29
5461,2020-10-30,2.7,2.64,2.71,2.63,261105,69674948.0,2.97,-1.86,-0.05,0.33
5462,2020-11-02,2.63,2.69,2.7,2.63,234616,62680625.0,2.65,1.89,0.05,0.29
5463,2020-11-03,2.69,2.7,2.73,2.68,222619,60127405.0,1.86,0.37,0.01,0.28
5464,2020-11-04,2.7,2.69,2.71,2.67,174873,46987087.0,1.48,-0.37,-0.01,0.22
5465,2020-11-05,2.7,2.78,2.81,2.69,575622,159047587.0,4.46,3.35,0.09,0.72
5466,2020-11-06,2.78,2.84,2.88,2.76,683880,192648007.0,4.32,2.16,0.06,0.86
5467,2020-11-09,2.85,2.9,2.93,2.85,783207,226783102.0,2.82,2.11,0.06,0.98
5468,2020-11-10,2.92,2.86,2.95,2.84,538185,154836302.0,3.79,-1.38,-0.04,0.67
5469,2020-11-11,2.87,2.89,2.95,2.86,605853,176106957.0,3.15,1.05,0.03,0.76
5470,2020-11-12,2.89,2.88,2.94,2.85,415199,119961795.0,3.11,-0.35,-0.01,0.52
5471,2020-11-13,2.87,2.87,2.9,2.82,324454,92798111.0,2.78,-0.35,-0.01,0.41
5472,2020-11-16,2.85,2.98,3.0,2.85,740649,218729791.0,5.23,3.83,0.11,0.93
5473,2020-11-17,2.99,2.97,3.02,2.94,650496,193902430.0,2.68,-0.34,-0.01,0.81
5474,2020-11-18,2.97,3.0,3.01,2.93,482493,143794105.0,2.69,1.01,0.03,0.6
5475,2020-11-19,3.01,2.94,3.02,2.92,348363,102880980.0,3.33,-2.0,-0.06,0.44
5476,2020-11-20,2.94,2.98,2.99,2.9,309719,91396320.0,3.06,1.36,0.04,0.39
5477,2020-11-23,2.99,3.02,3.08,2.96,728723,220521137.0,4.03,1.34,0.04,0.91
5478,2020-11-24,3.02,3.02,3.04,2.98,396561,119484857.0,1.99,0.0,0.0,0.5
5479,2020-11-25,3.06,3.04,3.17,3.03,831745,257500578.0,4.64,0.66,0.02,1.04
5480,2020-11-26,3.07,3.1,3.12,3.03,547954,168891473.0,2.96,1.97,0.06,0.69
5481,2020-11-27,3.15,3.25,3.35,3.13,1101419,355286112.0,7.1,4.84,0.15,1.38
5482,2020-11-30,3.17,3.14,3.29,3.12,1266570,403769872.0,5.23,-3.38,-0.11,1.58
5483,2020-12-01,3.15,3.19,3.21,3.12,513434,162850670.0,2.87,1.59,0.05,0.64
5484,2020-12-02,3.21,3.2,3.25,3.17,372203,119028021.0,2.51,0.31,0.01,0.47
5485,2020-12-03,3.2,3.13,3.21,3.13,363600,114563780.0,2.5,-2.19,-0.07,0.45
5486,2020-12-04,3.14,3.16,3.16,3.08,440162,137216301.0,2.56,0.96,0.03,0.55
5487,2020-12-07,3.14,3.07,3.16,3.06,278134,85967681.0,3.16,-2.85,-0.09,0.35
5488,2020-12-08,3.07,3.04,3.09,3.03,222855,68054597.0,1.95,-0.98,-0.03,0.28
5489,2020-12-09,3.05,3.03,3.08,3.02,194594,59443624.0,1.97,-0.33,-0.01,0.24
5490,2020-12-10,3.06,3.19,3.23,3.03,760567,239705740.0,6.6,5.28,0.16,0.95
5491,2020-12-11,3.22,3.17,3.27,3.13,596028,190905289.0,4.39,-0.63,-0.02,0.75
5492,2020-12-14,3.17,3.11,3.17,3.05,457806,141374929.0,3.79,-1.89,-0.06,0.57
5493,2020-12-15,3.08,3.1,3.12,3.04,240447,74034619.0,2.57,-0.32,-0.01,0.3
5494,2020-12-16,3.1,3.08,3.13,3.06,171434,52960191.0,2.26,-0.65,-0.02,0.21
5495,2020-12-17,3.09,3.19,3.21,3.06,391166,123825776.0,4.87,3.57,0.11,0.49
5496,2020-12-18,3.19,3.2,3.24,3.18,428176,137535580.0,1.88,0.31,0.01,0.54
5497,2020-12-21,3.23,3.26,3.28,3.19,392434,127444415.0,2.81,1.88,0.06,0.49
5498,2020-12-22,3.26,3.13,3.26,3.12,476824,151202083.0,4.29,-3.99,-0.13,0.6
5499,2020-12-23,3.12,3.2,3.24,3.11,427437,136554912.0,4.15,2.24,0.07,0.53
5500,2020-12-24,3.18,3.15,3.2,3.13,189698,59909261.0,2.19,-1.56,-0.05,0.24
5501,2020-12-25,3.14,3.18,3.22,3.13,234726,74688062.0,2.86,0.95,0.03,0.29
5502,2020-12-28,3.18,3.09,3.18,3.06,330606,102852803.0,3.77,-2.83,-0.09,0.41
5503,2020-12-29,3.11,3.07,3.14,3.06,295716,91277588.0,2.59,-0.65,-0.02,0.37
5504,2020-12-30,3.06,3.06,3.1,3.05,186867,57393774.0,1.63,-0.33,-0.01,0.23
5505,2020-12-31,3.07,3.04,3.08,3.02,229323,69803993.0,1.96,-0.65,-0.02,0.29
5506,2021-01-04,3.04,3.07,3.09,3.02,368992,112613540.0,2.3,0.99,0.03,0.46
5507,2021-01-05,3.05,3.0,3.06,2.91,487658,145089471.0,4.89,-2.28,-0.07,0.61
5508,2021-01-06,2.98,2.94,2.99,2.92,300885,88674030.0,2.33,-2.0,-0.06,0.38
5509,2021-01-07,2.95,3.09,3.1,2.94,664340,202170129.0,5.44,5.1,0.15,0.84
5510,2021-01-08,3.12,3.24,3.25,3.09,805539,256899403.0,5.18,4.85,0.15,1.01
5511,2021-01-11,3.27,3.05,3.29,3.03,618341,193604936.0,8.02,-5.86,-0.19,0.78
5512,2021-01-12,3.06,3.06,3.1,3.02,328275,100111525.0,2.62,0.33,0.01,0.41
5513,2021-01-13,3.03,3.06,3.15,2.99,333181,102277172.0,5.23,0.0,0.0,0.42
5514,2021-01-14,3.05,3.05,3.1,3.02,413061,126324223.0,2.61,-0.33,-0.01,0.52
5515,2021-01-15,3.06,3.04,3.08,3.0,322588,97929846.0,2.62,-0.33,-0.01,0.41
5516,2021-01-18,3.03,2.98,3.03,2.98,362477,108551356.0,1.64,-1.97,-0.06,0.46
5517,2021-01-19,2.97,2.95,2.98,2.93,324315,95769229.0,1.68,-1.01,-0.03,0.41
5518,2021-01-20,2.97,3.0,3.04,2.96,366159,110298132.0,2.71,1.69,0.05,0.46
5519,2021-01-21,2.99,3.02,3.04,2.97,272023,81911134.0,2.33,0.67,0.02,0.34
5520,2021-01-22,3.01,2.97,3.03,2.95,272134,80922269.0,2.65,-1.66,-0.05,0.34
5521,2021-01-25,2.99,2.97,3.0,2.93,253283,75153645.0,2.36,0.0,0.0,0.32
5522,2021-01-26,2.98,3.0,3.04,2.95,286330,85764614.0,3.03,1.01,0.03,0.36
5523,2021-01-27,3.0,3.0,3.04,2.98,250925,75470749.0,2.0,0.0,0.0,0.32
5524,2021-01-28,2.99,2.94,2.99,2.92,227644,67133115.0,2.33,-2.0,-0.06,0.29
5525,2021-01-29,2.94,2.87,2.96,2.86,242545,70651177.0,3.4,-2.38,-0.07,0.31
5526,2021-02-01,2.88,2.85,2.89,2.84,195650,55930287.0,1.74,-0.7,-0.02,0.25
5527,2021-02-02,2.87,2.8,2.87,2.79,207473,58524583.0,2.81,-1.75,-0.05,0.26
5528,2021-02-03,2.8,2.78,2.8,2.73,226227,62631139.0,2.5,-0.71,-0.02,0.28
5529,2021-02-04,2.78,2.78,2.8,2.75,197665,54846961.0,1.8,0.0,0.0,0.25
5530,2021-02-05,2.8,2.78,2.82,2.76,127583,35490132.0,2.16,0.0,0.0,0.16
5531,2021-02-08,2.8,2.79,2.82,2.72,231908,64475423.0,3.6,0.36,0.01,0.29
5532,2021-02-09,2.79,2.86,2.87,2.79,197256,55995698.0,2.87,2.51,0.07,0.25
5533,2021-02-10,2.87,2.85,2.88,2.83,145778,41508361.0,1.75,-0.35,-0.01,0.18
5534,2021-02-18,2.97,3.01,3.04,2.93,410632,123001521.0,3.86,5.61,0.16,0.52
5535,2021-02-19,3.0,3.08,3.11,3.0,399616,123048156.0,3.65,2.33,0.07,0.5
5536,2021-02-22,3.11,3.39,3.39,3.1,1301550,432671568.0,9.42,10.06,0.31,1.64
5537,2021-02-23,3.4,3.37,3.44,3.32,1121639,378601056.0,3.54,-0.59,-0.02,1.41
5538,2021-02-24,3.38,3.27,3.41,3.24,650814,215477303.0,5.04,-2.97,-0.1,0.82
5539,2021-02-25,3.33,3.31,3.37,3.27,482179,160190140.0,3.06,1.22,0.04,0.61
5540,2021-02-26,3.24,3.24,3.28,3.2,429821,139187885.0,2.42,-2.11,-0.07,0.54
5541,2021-03-01,3.25,3.36,3.37,3.21,450805,148505004.0,4.94,3.7,0.12,0.57
5542,2021-03-02,3.37,3.29,3.41,3.26,409701,135994279.0,4.46,-2.08,-0.07,0.52
5543,2021-03-03,3.39,3.62,3.62,3.37,1533991,545407408.0,7.6,10.03,0.33,1.93
5544,2021-03-04,3.62,3.98,3.98,3.59,2473265,964817920.0,10.77,9.94,0.36,3.11
5545,2021-03-05,3.77,3.71,3.81,3.65,1622485,603928368.0,4.02,-6.78,-0.27,2.04
5546,2021-03-08,3.76,3.65,3.85,3.64,956748,357475120.0,5.66,-1.62,-0.06,1.2
5547,2021-03-09,3.67,3.76,3.91,3.61,1178623,441910304.0,8.22,3.01,0.11,1.48
5548,2021-03-10,3.67,3.63,3.77,3.61,691011,253777586.0,4.26,-3.46,-0.13,0.87
5549,2021-03-11,3.62,3.79,3.8,3.6,888401,329208160.0,5.51,4.41,0.16,1.12
5550,2021-03-12,3.8,3.78,3.84,3.66,799100,299843792.0,4.75,-0.26,-0.01,1.01
5551,2021-03-15,3.8,3.87,3.94,3.77,848220,326493200.0,4.5,2.38,0.09,1.07
5552,2021-03-16,3.88,3.85,3.9,3.73,525877,200043418.0,4.39,-0.52,-0.02,0.66
5553,2021-03-17,3.83,3.76,3.84,3.7,395536,148660418.0,3.64,-2.34,-0.09,0.5
5554,2021-03-18,3.75,3.81,3.89,3.74,457874,174840994.0,3.99,1.33,0.05,0.58
5555,2021-03-19,3.77,3.79,3.88,3.74,368595,140128055.0,3.67,-0.52,-0.02,0.46
5556,2021-03-22,3.84,3.88,3.95,3.83,460809,179627847.0,3.17,2.37,0.09,0.58
5557,2021-03-23,3.88,3.72,3.88,3.66,484235,180462265.0,5.67,-4.12,-0.16,0.61
5558,2021-03-24,3.66,3.57,3.71,3.53,532940,191598646.0,4.84,-4.03,-0.15,0.67
5559,2021-03-25,3.57,3.59,3.63,3.52,294723,105529247.0,3.08,0.56,0.02,0.37
5560,2021-03-26,3.59,3.63,3.64,3.55,253498,91329207.0,2.51,1.11,0.04,0.32
5561,2021-03-29,3.62,3.74,3.75,3.57,410271,151120792.0,4.96,3.03,0.11,0.52
5562,2021-03-30,3.72,3.79,3.85,3.63,506974,190207117.0,5.88,1.34,0.05,0.64
5563,2021-03-31,3.82,3.72,3.83,3.67,670839,251328469.0,4.22,-1.85,-0.07,0.84
5564,2021-04-01,3.71,3.95,4.0,3.7,685257,264722137.0,8.06,6.18,0.23,0.86
5565,2021-04-02,3.96,4.1,4.19,3.94,1044971,429260144.0,6.33,3.8,0.15,1.32
5566,2021-04-06,4.2,4.18,4.23,4.13,619548,258894874.0,2.44,1.95,0.08,0.78
5567,2021-04-07,4.21,4.4,4.46,4.09,1020856,437152112.0,8.85,5.26,0.22,1.29
5568,2021-04-08,4.41,4.47,4.6,4.32,1043664,466535760.0,6.36,1.59,0.07,1.31
5569,2021-04-09,4.42,4.56,4.6,4.42,713331,322624928.0,4.03,2.01,0.09,0.9
5570,2021-04-12,4.46,4.68,4.81,4.4,895429,416847232.0,8.99,2.63,0.12,1.13
5571,2021-04-13,4.67,4.64,4.68,4.45,679126,311703968.0,4.91,-0.85,-0.04,0.86
5572,2021-04-14,4.56,4.75,4.8,4.52,634163,299116768.0,6.03,2.37,0.11,0.8
5573,2021-04-15,4.77,4.82,4.86,4.64,553517,265171368.0,4.63,1.47,0.07,0.7
5574,2021-04-16,4.96,4.83,4.96,4.61,633387,303641168.0,7.26,0.21,0.01,0.8
5575,2021-04-19,4.74,4.73,4.84,4.58,615647,291096864.0,5.38,-2.07,-0.1,0.78
5576,2021-04-20,4.8,4.87,5.03,4.78,737765,361583264.0,5.29,2.96,0.14,0.93
5577,2021-04-21,4.68,4.7,4.76,4.61,555440,260515963.0,3.08,-3.49,-0.17,0.7
5578,2021-04-22,4.75,4.86,4.99,4.74,763001,372812608.0,5.32,3.4,0.16,0.96
5579,2021-04-23,4.9,4.98,5.02,4.75,698420,344542736.0,5.56,2.47,0.12,0.88
5580,2021-04-26,5.02,4.9,5.03,4.86,583392,287490464.0,3.41,-1.61,-0.08,0.73
5581,2021-04-27,4.86,4.93,5.0,4.86,367777,180797097.0,2.86,0.61,0.03,0.46
5582,2021-04-28,4.88,4.86,4.92,4.8,415593,201440955.0,2.43,-1.42,-0.07,0.52
5583,2021-04-29,4.8,4.79,4.86,4.71,476074,227209833.0,3.09,-1.44,-0.07,0.6
5584,2021-04-30,4.85,4.87,5.01,4.81,825264,404914896.0,4.18,1.67,0.08,1.04
5585,2021-05-06,5.11,5.2,5.36,5.11,1586216,838379120.0,5.13,6.78,0.33,2.0
5586,2021-05-07,5.3,5.2,5.31,4.97,1458233,748979984.0,6.54,0.0,0.0,1.84
5587,2021-05-10,5.38,5.37,5.5,5.07,1599470,846269568.0,8.27,3.27,0.17,2.01
5588,2021-05-11,5.2,5.02,5.23,4.83,1810991,901716816.0,7.45,-6.52,-0.35,2.28
5589,2021-05-12,4.91,4.97,5.06,4.86,844015,418165760.0,3.98,-1.0,-0.05,1.06
5590,2021-05-13,4.8,4.55,4.85,4.53,1084434,505584736.0,6.44,-8.45,-0.42,1.37
5591,2021-05-14,4.59,4.48,4.64,4.39,859470,384858352.0,5.49,-1.54,-0.07,1.08
5592,2021-05-17,4.48,4.45,4.53,4.39,604394,268914368.0,3.13,-0.67,-0.03,0.76
5593,2021-05-18,4.48,4.74,4.81,4.48,774655,361149344.0,7.42,6.52,0.29,0.98
5594,2021-05-19,4.67,4.54,4.69,4.48,603923,276460624.0,4.43,-4.22,-0.2,0.76
5595,2021-05-20,4.32,4.25,4.32,4.15,894327,379231840.0,3.74,-6.39,-0.29,1.13
5596,2021-05-21,4.27,4.43,4.53,4.25,599037,263300905.0,6.59,4.24,0.18,0.75
5597,2021-05-24,4.35,4.3,4.43,4.24,490647,212702787.0,4.29,-2.93,-0.13,0.62
5598,2021-05-25,4.35,4.36,4.39,4.23,466799,202216926.0,3.72,1.4,0.06,0.59
5599,2021-05-26,4.34,4.35,4.39,4.3,336795,146327579.0,2.06,-0.23,-0.01,0.42
5600,2021-05-27,4.35,4.4,4.41,4.32,447875,195798826.0,2.07,1.15,0.05,0.56
5601,2021-05-28,4.55,4.37,4.58,4.34,686894,305537040.0,5.45,-0.68,-0.03,0.86
5602,2021-05-31,4.41,4.39,4.44,4.3,371178,161706598.0,3.2,0.46,0.02,0.47
5603,2021-06-01,4.3,4.3,4.31,4.13,733205,309076464.0,4.1,-2.05,-0.09,0.92
5604,2021-06-02,4.3,4.21,4.32,4.2,460650,195650054.0,2.79,-2.09,-0.09,0.58
5605,2021-06-03,4.21,4.32,4.42,4.21,615650,265830751.0,4.99,2.61,0.11,0.78
5606,2021-06-04,4.28,4.27,4.31,4.23,325816,138734904.0,1.85,-1.16,-0.05,0.41
5607,2021-06-07,4.24,4.2,4.29,4.2,333404,141084221.0,2.11,-1.64,-0.07,0.42
5608,2021-06-08,4.21,4.24,4.3,4.2,395703,167744057.0,2.38,0.95,0.04,0.5
5609,2021-06-09,4.23,4.35,4.4,4.23,467398,202650144.0,4.01,2.59,0.11,0.59
5610,2021-06-10,4.38,4.36,4.44,4.3,475830,208034488.0,3.22,0.23,0.01,0.6
5611,2021-06-11,4.41,4.46,4.49,4.39,533381,237199912.0,2.29,2.29,0.1,0.67
5612,2021-06-15,4.45,4.29,4.47,4.26,380528,164922248.0,4.71,-3.81,-0.17,0.48
5613,2021-06-16,4.29,4.2,4.36,4.19,368305,157150499.0,3.96,-2.1,-0.09,0.46
5614,2021-06-17,4.2,4.09,4.29,4.08,475066,197952773.0,5.0,-2.62,-0.11,0.6
5615,2021-06-18,4.13,4.23,4.25,4.0,631893,259883094.0,6.11,3.42,0.14,0.8
5616,2021-06-21,4.65,4.65,4.65,4.63,1335296,620848304.0,0.47,9.93,0.42,1.68
5617,2021-06-22,4.75,4.41,4.75,4.41,2265045,1024833360.0,7.31,-5.16,-0.24,2.85
5618,2021-06-23,4.42,4.4,4.49,4.31,1380552,605506016.0,4.08,-0.23,-0.01,1.74
5619,2021-06-24,4.37,4.32,4.44,4.29,956099,415849120.0,3.41,-1.82,-0.08,1.2
5620,2021-06-25,4.36,4.52,4.58,4.32,1197882,532866240.0,6.02,4.63,0.2,1.51
5621,2021-06-28,4.5,4.39,4.5,4.36,849467,374088912.0,3.1,-2.88,-0.13,1.07
5622,2021-06-29,4.41,4.37,4.43,4.35,556667,243817647.0,1.82,-0.46,-0.02,0.7
5623,2021-06-30,4.41,4.45,4.49,4.36,637002,282235136.0,2.97,1.83,0.08,0.8
5624,2021-07-01,4.44,4.33,4.46,4.31,490202,215072972.0,3.37,-2.7,-0.12,0.62
5625,2021-07-02,4.32,4.29,4.39,4.26,721539,312329792.0,3.0,-0.92,-0.04,0.91
5626,2021-07-05,4.28,4.21,4.31,4.2,541029,229113746.0,2.56,-1.86,-0.08,0.68
5627,2021-07-06,4.21,4.19,4.25,4.15,513865,215427008.0,2.38,-0.48,-0.02,0.65
5628,2021-07-07,4.2,4.28,4.3,4.17,509784,216293016.0,3.1,2.15,0.09,0.64
5629,2021-07-08,4.3,4.21,4.32,4.21,394154,167743006.0,2.57,-1.64,-0.07,0.5
5630,2021-07-09,4.18,4.39,4.4,4.16,647838,279671808.0,5.7,4.28,0.18,0.82
5631,2021-07-12,4.47,4.51,4.69,4.46,974498,444531184.0,5.24,2.73,0.12,1.23
5632,2021-07-13,4.58,4.54,4.59,4.43,514500,231869458.0,3.55,0.67,0.03,0.65
5633,2021-07-14,4.56,4.45,4.6,4.43,483752,217642435.0,3.74,-1.98,-0.09,0.61
5634,2021-07-15,4.45,4.68,4.72,4.42,872899,401462384.0,6.74,5.17,0.23,1.1
5635,2021-07-16,4.72,4.74,4.88,4.66,1079599,515980224.0,4.7,1.28,0.06,1.36
5636,2021-07-19,4.79,4.69,4.86,4.66,633789,301262640.0,4.22,-1.05,-0.05,0.8
5637,2021-07-20,4.6,4.53,4.6,4.46,555143,250469748.0,2.99,-3.41,-0.16,0.7
5638,2021-07-21,4.55,4.56,4.59,4.48,539893,245395570.0,2.43,0.66,0.03,0.68
5639,2021-07-22,4.57,4.83,4.88,4.54,917247,437704496.0,7.46,5.92,0.27,1.16
5640,2021-07-23,4.88,5.0,5.11,4.83,1415751,707683520.0,5.8,3.52,0.17,1.78
5641,2021-07-26,5.02,4.81,5.07,4.72,931130,452308160.0,7.0,-3.8,-0.19,1.17
5642,2021-07-27,4.88,4.55,4.9,4.53,961724,456624608.0,7.69,-5.41,-0.26,1.21
5643,2021-07-28,4.52,4.37,4.56,4.35,747605,331586176.0,4.62,-3.96,-0.18,0.94
5644,2021-07-29,4.45,4.58,4.59,4.38,667616,299915104.0,4.81,4.81,0.21,0.84
5645,2021-07-30,4.58,5.03,5.04,4.56,1484980,724931296.0,10.48,9.83,0.45,1.87
5646,2021-08-02,4.8,4.54,4.83,4.53,1519432,693828784.0,5.96,-9.74,-0.49,1.91
5647,2021-08-03,4.49,4.28,4.53,4.24,1301914,565335424.0,6.39,-5.73,-0.26,1.64
5648,2021-08-04,4.32,4.44,4.49,4.31,892155,392376688.0,4.21,3.74,0.16,1.12
5649,2021-08-05,4.39,4.39,4.49,4.33,634971,278471296.0,3.6,-1.13,-0.05,0.8
5650,2021-08-06,4.39,4.42,4.49,4.36,566905,251285415.0,2.96,0.68,0.03,0.71
5651,2021-08-09,4.41,4.49,4.51,4.35,699915,311550464.0,3.62,1.58,0.07,0.88
5652,2021-08-10,4.48,4.54,4.54,4.44,533333,239769306.0,2.23,1.11,0.05,0.67
5653,2021-08-11,4.59,4.79,4.83,4.58,1127748,535176368.0,5.51,5.51,0.25,1.42
5654,2021-08-12,4.74,4.97,5.12,4.72,1298734,646985904.0,8.35,3.76,0.18,1.64
5655,2021-08-13,4.9,5.03,5.08,4.9,922701,462231632.0,3.62,1.21,0.06,1.16
5656,2021-08-16,5.08,5.04,5.11,4.91,818300,410365152.0,3.98,0.2,0.01,1.03
5657,2021-08-17,5.01,5.02,5.16,4.97,903150,457739952.0,3.77,-0.4,-0.02,1.14
5658,2021-08-18,4.97,5.23,5.24,4.96,1198745,618224048.0,5.58,4.18,0.21,1.51
5659,2021-08-19,5.07,4.97,5.07,4.84,1046505,517341872.0,4.4,-4.97,-0.26,1.32
5660,2021-08-20,4.97,5.0,5.03,4.86,891893,443157616.0,3.42,0.6,0.03,1.12
5661,2021-08-23,5.18,4.89,5.18,4.85,1113620,550442544.0,6.6,-2.2,-0.11,1.4
5662,2021-08-24,4.89,4.92,5.02,4.83,900527,444150768.0,3.89,0.61,0.03,1.13
5663,2021-08-25,4.93,4.98,5.01,4.83,931975,459171952.0,3.66,1.22,0.06,1.17
5664,2021-08-26,5.11,5.33,5.48,5.07,2147575,1147863072.0,8.23,7.03,0.35,2.7
5665,2021-08-27,5.33,5.19,5.37,5.08,1511532,783496224.0,5.44,-2.63,-0.14,1.9
5666,2021-08-30,5.42,5.31,5.5,5.17,1625946,866321696.0,6.36,2.31,0.12,2.05
5667,2021-08-31,5.29,5.7,5.74,5.26,2159555,1207578896.0,9.04,7.34,0.39,2.72
5668,2021-09-01,5.77,5.44,5.93,5.41,2042479,1146758272.0,9.12,-4.56,-0.26,2.57
5669,2021-09-02,5.41,5.56,5.58,5.3,1559606,853477568.0,5.15,2.21,0.12,1.96
5670,2021-09-03,5.58,5.49,5.65,5.36,1208911,666913600.0,5.22,-1.26,-0.07,1.52
5671,2021-09-06,5.5,5.6,5.71,5.47,1198923,668309456.0,4.37,2.0,0.11,1.51
5672,2021-09-07,5.61,6.16,6.16,5.6,2313090,1402193104.0,10.0,10.0,0.56,2.91
5673,2021-09-08,6.16,6.02,6.19,5.99,2051947,1246739104.0,3.25,-2.27,-0.14,2.58
5674,2021-09-09,6.1,6.62,6.62,6.01,2765356,1764893776.0,10.13,9.97,0.6,3.48
5675,2021-09-10,6.48,6.42,6.59,6.35,1821164,1174233728.0,3.63,-3.02,-0.2,2.29
5676,2021-09-13,6.42,6.45,6.55,6.23,1584568,1015199408.0,4.98,0.47,0.03,2.0
5677,2021-09-14,6.39,6.05,6.4,6.03,1527591,939751328.0,5.74,-6.2,-0.4,1.92
5678,2021-09-15,5.96,6.01,6.13,5.85,1152277,692034960.0,4.63,-0.66,-0.04,1.45
5679,2021-09-16,6.14,5.91,6.24,5.88,1426922,871151888.0,5.99,-1.66,-0.1,1.8
5680,2021-09-17,5.93,5.65,5.95,5.51,1313822,751535024.0,7.45,-4.4,-0.26,1.65
5681,2021-09-22,5.5,5.62,5.63,5.45,913814,507443968.0,3.19,-0.53,-0.03,1.15
5682,2021-09-23,5.71,5.63,5.8,5.48,1298491,732468864.0,5.69,0.18,0.01,1.64
5683,2021-09-24,5.53,5.25,5.64,5.22,1522142,820370080.0,7.46,-6.75,-0.38,1.92
5684,2021-09-27,5.22,4.97,5.25,4.95,1295459,654801472.0,5.71,-5.33,-0.28,1.63
5685,2021-09-28,5.0,5.03,5.09,4.88,958873,479147600.0,4.23,1.21,0.06,1.21
5686,2021-09-29,5.03,4.66,5.03,4.61,2060990,982478448.0,8.35,-7.36,-0.37,2.6
5687,2021-09-30,4.71,4.81,4.86,4.65,1241497,588693040.0,4.51,3.22,0.15,1.56
5688,2021-10-08,4.88,4.69,4.9,4.63,1079449,508434464.0,5.61,-2.49,-0.12,1.36
5689,2021-10-11,4.68,4.61,4.72,4.52,850728,391431072.0,4.26,-1.71,-0.08,1.07
5690,2021-10-12,4.62,4.49,4.67,4.41,922632,417882912.0,5.64,-2.6,-0.12,1.16
5691,2021-10-13,4.47,4.5,4.55,4.34,810323,360034128.0,4.68,0.22,0.01,1.02
5692,2021-10-14,4.49,4.56,4.66,4.49,877061,402982048.0,3.78,1.33,0.06,1.1
5693,2021-10-15,4.58,4.56,4.63,4.52,599072,273074496.0,2.41,0.0,0.0,0.75
5694,2021-10-18,4.55,4.68,4.73,4.5,895110,417128304.0,5.04,2.63,0.12,1.13
5695,2021-10-19,4.68,4.74,4.74,4.6,624977,292394800.0,2.99,1.28,0.06,0.79
5696,2021-10-20,4.69,4.68,4.77,4.49,662565,309470208.0,5.91,-1.27,-0.06,0.83
5697,2021-10-21,4.72,4.66,4.79,4.65,625146,295373424.0,2.99,-0.43,-0.02,0.79
5698,2021-10-22,4.66,4.46,4.68,4.44,988724,447105952.0,5.15,-4.29,-0.2,1.25
5699,2021-10-25,4.45,4.51,4.53,4.4,524535,235434254.0,2.91,1.12,0.05,0.66
5700,2021-10-26,4.49,4.43,4.56,4.41,601236,268865152.0,3.33,-1.77,-0.08,0.76
5701,2021-10-27,4.42,4.33,4.46,4.29,613622,267205643.0,3.84,-2.26,-0.1,0.77
5702,2021-10-28,4.31,4.23,4.32,4.15,676474,285520528.0,3.93,-2.31,-0.1,0.85
5703,2021-10-29,4.28,4.22,4.29,4.19,615857,260522870.0,2.36,-0.24,-0.01,0.78
5704,2021-11-01,4.21,4.15,4.23,4.1,765810,319430464.0,3.08,-1.66,-0.07,0.96
5705,2021-11-02,4.12,3.94,4.15,3.87,1224568,489833424.0,6.75,-5.06,-0.21,1.54
5706,2021-11-03,3.95,4.01,4.06,3.91,861046,343426576.0,3.81,1.78,0.07,1.08
5707,2021-11-04,3.99,3.9,4.01,3.88,647467,253936249.0,3.24,-2.74,-0.11,0.82
5708,2021-11-05,3.85,3.76,3.86,3.75,746937,282748848.0,2.82,-3.59,-0.14,0.94
5709,2021-11-08,3.77,3.77,3.86,3.76,584613,222137705.0,2.66,0.27,0.01,0.74
5710,2021-11-09,3.78,3.72,3.79,3.67,643412,239454972.0,3.18,-1.33,-0.05,0.81
5711,2021-11-10,3.66,3.73,3.76,3.57,1037648,378970096.0,5.11,0.27,0.01,1.31
5712,2021-11-11,3.8,3.82,3.83,3.7,898816,338922192.0,3.49,2.41,0.09,1.13
5713,2021-11-12,3.78,3.67,3.84,3.66,876070,326106896.0,4.71,-3.93,-0.15,1.1
5714,2021-11-15,3.66,3.66,3.68,3.61,586506,213823557.0,1.91,-0.27,-0.01,0.74
5715,2021-11-16,3.68,3.59,3.68,3.58,508397,184393746.0,2.73,-1.91,-0.07,0.64
5716,2021-11-17,3.58,3.61,3.63,3.57,430953,155499264.0,1.67,0.56,0.02,0.54
5717,2021-11-18,3.6,3.6,3.65,3.58,501143,181078963.0,1.94,-0.28,-0.01,0.63
5718,2021-11-19,3.58,3.68,3.69,3.53,826843,298955952.0,4.44,2.22,0.08,1.04
5719,2021-11-22,3.71,3.65,3.73,3.62,590993,216145849.0,2.99,-0.82,-0.03,0.74
5720,2021-11-23,3.66,3.73,3.81,3.65,1022954,383664768.0,4.38,2.19,0.08,1.29
5721,2021-11-24,3.75,3.76,3.79,3.68,619038,231448288.0,2.95,0.8,0.03,0.78
5722,2021-11-25,3.77,3.7,3.77,3.68,432559,160388398.0,2.39,-1.6,-0.06,0.54
5723,2021-11-26,3.67,3.72,3.8,3.65,644365,240434507.0,4.05,0.54,0.02,0.81
5724,2021-11-29,3.65,3.67,3.69,3.61,452695,165315235.0,2.15,-1.34,-0.05,0.57
5725,2021-11-30,3.69,3.63,3.72,3.62,447496,164107154.0,2.72,-1.09,-0.04,0.56
5726,2021-12-01,3.63,3.73,3.74,3.61,641641,236792275.0,3.58,2.75,0.1,0.81
5727,2021-12-02,3.73,3.77,3.78,3.69,712729,266671043.0,2.41,1.07,0.04,0.9
5728,2021-12-03,3.76,3.8,3.84,3.7,630521,237500576.0,3.71,0.8,0.03,0.79
5729,2021-12-06,3.8,3.8,3.92,3.79,820291,316083984.0,3.42,0.0,0.0,1.03
5730,2021-12-07,3.86,3.87,3.91,3.78,931061,359242288.0,3.42,1.84,0.07,1.17
5731,2021-12-08,3.88,3.86,3.89,3.82,637536,245113747.0,1.81,-0.26,-0.01,0.8
5732,2021-12-09,3.84,3.89,3.92,3.83,734628,285599424.0,2.33,0.78,0.03,0.93
5733,2021-12-10,3.88,3.81,3.88,3.81,601652,231040738.0,1.8,-2.06,-0.08,0.76
5734,2021-12-13,3.81,3.86,3.89,3.81,535858,206634014.0,2.1,1.31,0.05,0.67
5735,2021-12-14,3.85,3.77,3.85,3.76,502832,190471701.0,2.33,-2.33,-0.09,0.63
5736,2021-12-15,3.77,3.77,3.81,3.76,393102,148631518.0,1.33,0.0,0.0,0.5
5737,2021-12-16,3.77,3.93,3.93,3.77,1164166,452209792.0,4.24,4.24,0.16,1.47
5738,2021-12-17,3.98,3.96,4.02,3.92,935714,370961456.0,2.54,0.76,0.03,1.18
5739,2021-12-20,3.97,3.86,3.99,3.85,616833,240516089.0,3.54,-2.53,-0.1,0.78
5740,2021-12-21,3.85,3.91,3.93,3.82,559297,216933415.0,2.85,1.3,0.05,0.7
5741,2021-12-22,3.91,3.84,3.93,3.83,531001,205144181.0,2.56,-1.79,-0.07,0.67
5742,2021-12-23,3.85,3.86,3.89,3.83,449703,173680771.0,1.56,0.52,0.02,0.57
5743,2021-12-24,3.86,3.82,3.89,3.8,459898,175964278.0,2.33,-1.04,-0.04,0.58
5744,2021-12-27,3.8,3.77,3.81,3.76,380336,143845738.0,1.31,-1.31,-0.05,0.48
5745,2021-12-28,3.77,3.72,3.78,3.7,469549,174766116.0,2.12,-1.33,-0.05,0.59
5746,2021-12-29,3.72,3.73,3.8,3.71,436944,163670326.0,2.42,0.27,0.01,0.55
5747,2021-12-30,3.74,3.72,3.75,3.71,282199,105379242.0,1.07,-0.27,-0.01,0.36
5748,2021-12-31,3.73,3.75,3.76,3.69,413391,154072110.0,1.88,0.81,0.03,0.52
5749,2022-01-04,3.75,3.83,3.85,3.73,609575,232343238.0,3.2,2.13,0.08,0.77
5750,2022-01-05,3.85,3.8,3.86,3.79,370448,141507707.0,1.83,-0.78,-0.03,0.47
5751,2022-01-06,3.79,3.87,3.9,3.78,538792,208009397.0,3.16,1.84,0.07,0.68
5752,2022-01-07,3.87,3.98,4.02,3.85,1039191,411912336.0,4.39,2.84,0.11,1.31
5753,2022-01-10,4.03,3.99,4.05,3.95,618413,246587807.0,2.51,0.25,0.01,0.78
5754,2022-01-11,4.0,4.07,4.17,3.98,907649,371598128.0,4.76,2.01,0.08,1.14
5755,2022-01-12,4.07,3.99,4.08,3.94,683951,272201344.0,3.44,-1.97,-0.08,0.86
5756,2022-01-13,4.0,3.97,4.05,3.96,453527,181482437.0,2.26,-0.5,-0.02,0.57
5757,2022-01-14,3.96,3.86,3.97,3.83,504612,196029557.0,3.53,-2.77,-0.11,0.64
5758,2022-01-17,3.84,3.84,3.88,3.83,429013,165022416.0,1.3,-0.52,-0.02,0.54
5759,2022-01-18,3.84,3.9,3.94,3.83,521771,202483198.0,2.86,1.56,0.06,0.66
5760,2022-01-19,4.0,4.02,4.06,3.94,1027270,412366992.0,3.08,3.08,0.12,1.29
5761,2022-01-20,4.03,3.99,4.15,3.96,964839,390090768.0,4.73,-0.75,-0.03,1.21
5762,2022-01-21,3.98,3.93,3.99,3.9,618789,243740784.0,2.26,-1.5,-0.06,0.78
5763,2022-01-24,3.92,3.91,3.97,3.85,384928,150672300.0,3.05,-0.51,-0.02,0.48
5764,2022-01-25,3.88,3.78,3.9,3.77,545344,209224598.0,3.32,-3.32,-0.13,0.69
5765,2022-01-26,3.78,3.8,3.86,3.74,480013,181915329.0,3.17,0.53,0.02,0.6
5766,2022-01-27,3.74,3.62,3.75,3.61,827814,304604800.0,3.68,-4.74,-0.18,1.04
5767,2022-01-28,3.63,3.51,3.64,3.45,782853,275726656.0,5.25,-3.04,-0.11,0.99
5768,2022-02-07,3.55,3.75,3.78,3.53,1187776,440618384.0,7.12,6.84,0.24,1.5
5769,2022-02-08,3.75,3.9,3.91,3.74,893795,341952480.0,4.53,4.0,0.15,1.13
5770,2022-02-09,3.92,3.9,3.95,3.83,631155,246767012.0,3.08,0.0,0.0,0.79
5771,2022-02-10,3.91,3.95,3.96,3.86,586059,230374722.0,2.56,1.28,0.05,0.74
5772,2022-02-11,3.96,3.94,4.04,3.93,691744,275655008.0,2.78,-0.25,-0.01,0.87
5773,2022-02-14,3.92,3.8,3.94,3.78,728587,280813344.0,4.06,-3.55,-0.14,0.92
5774,2022-02-15,3.85,3.77,3.85,3.73,447978,169060348.0,3.16,-0.79,-0.03,0.56
5775,2022-02-16,3.8,3.84,3.89,3.79,517221,199175681.0,2.65,1.86,0.07,0.65
5776,2022-02-17,3.88,3.85,3.89,3.81,502452,193694203.0,2.08,0.26,0.01,0.63
5777,2022-02-18,3.83,3.96,3.97,3.8,814429,319032240.0,4.42,2.86,0.11,1.03
5778,2022-02-21,3.99,3.96,4.01,3.92,512684,202908108.0,2.27,0.0,0.0,0.65
5779,2022-02-22,3.92,3.91,3.97,3.86,451409,176460126.0,2.78,-1.26,-0.05,0.57
5780,2022-02-23,3.9,3.88,3.92,3.84,444493,172036372.0,2.05,-0.77,-0.03,0.56
5781,2022-02-24,3.86,3.76,3.87,3.71,597167,226392242.0,4.12,-3.09,-0.12,0.75
5782,2022-02-25,3.78,3.8,3.89,3.78,521426,199748511.0,2.93,1.06,0.04,0.66
5783,2022-02-28,3.84,3.84,3.86,3.78,388584,148571480.0,2.11,1.05,0.04,0.49
5784,2022-03-01,3.87,3.87,3.94,3.83,493235,191022021.0,2.86,0.78,0.03,0.62
5785,2022-03-02,3.86,3.9,3.93,3.84,424614,165478869.0,2.33,0.78,0.03,0.53
5786,2022-03-03,3.91,3.98,4.01,3.91,766156,303603248.0,2.56,2.05,0.08,0.96
5787,2022-03-04,3.98,3.96,4.02,3.86,804866,316727984.0,4.02,-0.5,-0.02,1.01
5788,2022-03-07,3.99,3.92,4.01,3.89,676806,267804224.0,3.03,-1.01,-0.04,0.85
5789,2022-03-08,3.91,3.74,3.92,3.72,749365,285634064.0,5.1,-4.59,-0.18,0.94
5790,2022-03-09,3.76,3.65,3.78,3.49,845356,308666048.0,7.75,-2.41,-0.09,1.06
5791,2022-03-10,3.7,3.67,3.73,3.64,552319,203656688.0,2.47,0.55,0.02,0.7
5792,2022-03-11,3.64,3.68,3.68,3.54,544915,196411042.0,3.81,0.27,0.01,0.69
5793,2022-03-14,3.63,3.56,3.7,3.55,556708,202079324.0,4.08,-3.26,-0.12,0.7
5794,2022-03-15,3.56,3.25,3.56,3.25,1154093,388990880.0,8.71,-8.71,-0.31,1.45
5795,2022-03-16,3.3,3.39,3.41,3.18,920654,302835760.0,7.08,4.31,0.14,1.16
5796,2022-03-17,3.43,3.49,3.51,3.39,670225,231454458.0,3.54,2.95,0.1,0.84
5797,2022-03-18,3.5,3.52,3.53,3.45,450978,157520654.0,2.29,0.86,0.03,0.57
5798,2022-03-21,3.53,3.47,3.54,3.43,494185,171706584.0,3.13,-1.42,-0.05,0.62
5799,2022-03-22,3.45,3.56,3.58,3.44,596404,210538597.0,4.03,2.59,0.09,0.75
5800,2022-03-23,3.54,3.54,3.57,3.5,320418,113304468.0,1.97,-0.56,-0.02,0.4
5801,2022-03-24,3.53,3.54,3.57,3.51,374111,132713604.0,1.69,0.0,0.0,0.47
5802,2022-03-25,3.56,3.54,3.59,3.53,352937,125571638.0,1.69,0.0,0.0,0.44
5803,2022-03-28,3.56,3.59,3.62,3.45,601120,214220069.0,4.8,1.41,0.05,0.76
5804,2022-03-29,3.59,3.56,3.61,3.55,477045,170483657.0,1.67,-0.84,-0.03,0.6
5805,2022-03-30,3.59,3.59,3.6,3.54,589173,210634192.0,1.69,0.84,0.03,0.74
5806,2022-03-31,3.55,3.55,3.62,3.53,849439,303466208.0,2.51,-1.11,-0.04,1.07
5807,2022-04-01,3.52,3.55,3.56,3.47,739700,261284626.0,2.54,0.0,0.0,0.93
5808,2022-04-06,3.56,3.76,3.77,3.55,1517535,554742544.0,6.2,5.92,0.21,1.91
5809,2022-04-07,3.75,3.7,3.82,3.69,1391062,522349472.0,3.46,-1.6,-0.06,1.75
5810,2022-04-08,3.71,3.77,3.79,3.64,1039561,386143856.0,4.05,1.89,0.07,1.31
5811,2022-04-11,3.74,3.63,3.74,3.61,772320,283416112.0,3.45,-3.71,-0.14,0.97
5812,2022-04-12,3.61,3.68,3.69,3.58,698111,254366279.0,3.03,1.38,0.05,0.88
5813,2022-04-13,3.66,3.69,3.76,3.61,730203,269890752.0,4.08,0.27,0.01,0.92
5814,2022-04-14,3.69,3.76,3.79,3.68,702453,263388863.0,2.98,1.9,0.07,0.88
5815,2022-04-15,3.78,3.85,3.9,3.76,1212254,466929408.0,3.72,2.39,0.09,1.53
5816,2022-04-18,3.8,3.76,3.87,3.75,770476,292574768.0,3.12,-2.34,-0.09,0.97
5817,2022-04-19,3.75,3.84,3.88,3.72,773259,293818560.0,4.26,2.13,0.08,0.97
5818,2022-04-20,3.81,3.68,3.83,3.67,870599,324689840.0,4.17,-4.17,-0.16,1.1
5819,2022-04-21,3.65,3.53,3.67,3.52,619852,222348649.0,4.08,-4.08,-0.15,0.78
5820,2022-04-22,3.5,3.55,3.58,3.43,445470,156406777.0,4.25,0.57,0.02,0.56
5821,2022-04-25,3.49,3.26,3.5,3.26,795692,269956544.0,6.76,-8.17,-0.29,1.0
5822,2022-04-26,3.3,3.19,3.33,3.18,705644,228239282.0,4.6,-2.15,-0.07,0.89
5823,2022-04-27,3.17,3.3,3.31,3.12,576120,185386654.0,5.96,3.45,0.11,0.73
5824,2022-04-28,3.34,3.37,3.4,3.31,544040,182218116.0,2.73,2.12,0.07,0.69
5825,2022-04-29,3.38,3.48,3.49,3.36,527623,180591758.0,3.86,3.26,0.11,0.66
5826,2022-05-05,3.46,3.55,3.56,3.44,564200,198231384.0,3.45,2.01,0.07,0.71
5827,2022-05-06,3.48,3.44,3.5,3.42,382637,132373377.0,2.25,-3.1,-0.11,0.48
5828,2022-05-09,3.42,3.42,3.47,3.38,302607,103580569.0,2.62,-0.58,-0.02,0.38
5829,2022-05-10,3.36,3.42,3.43,3.3,437620,147426713.0,3.8,0.0,0.0,0.55
5830,2022-05-11,3.41,3.41,3.48,3.41,456938,157249192.0,2.05,-0.29,-0.01,0.58
5831,2022-05-12,3.37,3.37,3.41,3.33,309008,104211384.0,2.35,-1.17,-0.04,0.39
5832,2022-05-13,3.37,3.4,3.41,3.37,236726,80316535.0,1.19,0.89,0.03,0.3
