,日期,开盘,收盘,最高,最低,成交量,成交额,振幅,涨跌幅,涨跌额,换手率
0,2006-08-23,12.55,12.51,13.6,12.08,96269,120317629.04,25.21,107.46,6.48,80.22
1,2006-08-24,12.31,13.76,13.76,12.22,69010,89214864.47,12.31,9.99,1.25,57.51
2,2006-08-25,13.61,14.13,14.94,13.5,66995,93882715.94,10.47,2.69,0.37,55.83
3,2006-08-28,13.98,14.2,14.36,13.81,29594,41688553.9,3.89,0.5,0.07,24.66
4,2006-08-29,14.09,14.23,14.48,14.0,27322,38875372.89,3.38,0.21,0.03,22.77
5,2006-08-30,14.24,14.73,14.79,14.0,27906,40651450.6,5.55,3.51,0.5,23.25
6,2006-08-31,14.6,14.49,14.95,14.48,20007,29328612.84,3.19,-1.63,-0.24,16.67
7,2006-09-01,14.49,14.73,15.19,14.04,30607,44670371.38,7.94,1.66,0.24,25.51
8,2006-09-04,14.55,14.63,14.92,14.5,15168,22238217.59,2.85,-0.68,-0.1,12.64
9,2006-09-05,14.66,14.25,14.72,14.08,18077,25839521.04,4.37,-2.6,-0.38,15.06
10,2006-09-06,14.25,14.27,14.41,14.08,6070,8628366.34,2.32,0.14,0.02,5.06
11,2006-09-07,14.28,14.36,14.58,14.13,10274,14745553.51,3.15,0.63,0.09,8.56
12,2006-09-08,14.21,14.42,14.9,14.19,18827,27551771.74,4.94,0.42,0.06,15.69
13,2006-09-11,14.4,14.12,14.4,13.68,12299,17331860.72,4.99,-2.08,-0.3,10.25
14,2006-09-12,14.1,14.1,14.25,13.99,6186,8751845.4,1.84,-0.14,-0.02,5.16
15,2006-09-13,14.1,13.95,14.34,13.93,7109,10028803.76,2.91,-1.06,-0.15,5.92
16,2006-09-14,13.85,13.68,13.98,13.43,9513,13019325.71,3.94,-1.94,-0.27,7.93
17,2006-09-15,13.67,13.68,13.79,13.49,6111,8341180.08,2.19,0.0,0.0,5.09
18,2006-09-18,13.71,13.85,13.88,13.68,6363,8764796.06,1.46,1.24,0.17,5.3
19,2006-09-19,13.85,13.65,13.95,13.65,6007,8253337.0,2.17,-1.44,-0.2,5.01
20,2006-09-20,13.7,13.82,13.95,13.6,7721,10673420.35,2.56,1.25,0.17,6.43
21,2006-09-21,13.72,13.98,14.06,13.72,8648,12025364.19,2.46,1.16,0.16,7.21
22,2006-09-22,13.88,13.81,14.04,13.81,5526,7688687.75,1.65,-1.22,-0.17,4.6
23,2006-09-25,13.81,13.37,13.81,13.27,7029,9481931.55,3.91,-3.19,-0.44,5.86
24,2006-09-26,13.34,13.19,13.37,13.07,3910,5156555.44,2.24,-1.35,-0.18,3.26
25,2006-09-27,13.19,13.28,13.32,13.12,2450,3234828.98,1.52,0.68,0.09,2.04
26,2006-09-28,13.4,13.25,13.4,13.22,4861,6455109.0,1.36,-0.23,-0.03,4.05
27,2006-09-29,13.3,13.44,13.64,13.23,4729,6363216.58,3.09,1.43,0.19,3.94
28,2006-10-09,13.44,13.45,13.68,13.31,3994,5359873.65,2.75,0.07,0.01,3.33
29,2006-10-10,13.57,13.48,13.6,13.4,3476,4691502.33,1.49,0.22,0.03,2.9
30,2006-10-11,13.47,13.58,13.62,13.31,4635,6235748.72,2.3,0.74,0.1,3.86
31,2006-10-12,13.5,13.3,13.59,13.3,3773,5055644.0,2.14,-2.06,-0.28,3.14
32,2006-10-13,13.05,13.26,13.36,13.05,3005,3971286.0,2.33,-0.3,-0.04,2.5
33,2006-10-16,13.18,13.12,13.25,13.06,3811,5003608.0,1.43,-1.06,-0.14,3.18
34,2006-10-17,13.1,13.26,13.33,13.1,3036,4026194.5,1.75,1.07,0.14,2.53
35,2006-10-18,13.19,13.39,13.42,13.11,2346,3120441.49,2.34,0.98,0.13,1.96
36,2006-10-19,13.26,13.44,13.44,13.26,3761,5036058.83,1.34,0.37,0.05,3.13
37,2006-10-20,13.44,13.18,13.48,13.1,3452,4559633.29,2.83,-1.93,-0.26,2.88
38,2006-10-23,13.18,12.68,13.29,12.58,4078,5253295.66,5.39,-3.79,-0.5,3.4
39,2006-10-24,12.65,12.88,12.91,12.65,3169,4066063.08,2.05,1.58,0.2,2.64
40,2006-10-25,12.88,12.85,13.0,12.71,3755,4825250.0,2.25,-0.23,-0.03,3.13
41,2006-10-26,12.83,12.74,12.88,12.7,2298,2934178.0,1.4,-0.86,-0.11,1.92
42,2006-10-27,12.74,12.4,12.75,12.4,3669,4599311.0,2.75,-2.67,-0.34,3.06
43,2006-10-30,12.4,12.3,12.5,12.16,3114,3827168.0,2.74,-0.81,-0.1,2.6
44,2006-10-31,12.23,12.35,12.35,12.23,3127,3853402.0,0.98,0.41,0.05,2.61
45,2006-11-01,12.55,12.45,12.55,12.35,2481,3076290.26,1.62,0.81,0.1,2.07
46,2006-11-02,12.5,12.28,12.58,12.26,3354,4132632.2,2.57,-1.37,-0.17,2.8
47,2006-11-03,12.28,12.38,12.46,12.23,2052,2541458.88,1.87,0.81,0.1,1.71
48,2006-11-06,12.35,12.35,12.43,12.22,2292,2823978.43,1.7,-0.24,-0.03,1.91
49,2006-11-07,12.16,12.71,12.75,12.11,6781,8420154.68,5.18,2.91,0.36,5.65
50,2006-11-08,12.65,12.57,12.65,12.47,3933,4937878.51,1.42,-1.1,-0.14,3.28
51,2006-11-09,12.59,12.78,13.06,12.52,7018,9014486.58,4.3,1.67,0.21,5.85
52,2006-11-10,12.8,12.42,12.88,12.38,4322,5461153.51,3.91,-2.82,-0.36,3.6
53,2006-11-13,12.46,12.11,12.6,11.85,3132,3834114.28,6.04,-2.5,-0.31,2.61
54,2006-11-14,12.11,12.19,12.38,11.85,2982,3599388.4,4.38,0.66,0.08,2.49
55,2006-11-15,12.1,12.28,12.33,12.1,2264,2767921.78,1.89,0.74,0.09,1.89
56,2006-11-16,12.34,12.11,12.34,11.9,3796,4595130.88,3.58,-1.38,-0.17,3.16
57,2006-11-17,12.12,12.1,12.19,11.96,1672,2021592.68,1.9,-0.08,-0.01,1.39
58,2006-11-20,12.08,11.61,12.1,11.56,8090,9502533.81,4.46,-4.05,-0.49,6.74
59,2006-11-21,11.56,11.8,12.0,11.52,5550,6546260.08,4.13,1.64,0.19,4.63
60,2006-11-22,11.6,11.83,11.99,11.6,4529,5374382.84,3.31,0.25,0.03,3.77
61,2006-11-23,11.7,12.32,12.45,11.4,24476,28873207.29,8.88,4.14,0.49,16.32
62,2006-11-24,12.15,12.06,12.25,11.95,9489,11458209.91,2.44,-2.11,-0.26,6.33
63,2006-11-27,12.06,12.2,12.25,11.96,5856,7078323.96,2.4,1.16,0.14,3.9
64,2006-11-28,12.21,12.12,12.23,12.01,6088,7349496.08,1.8,-0.66,-0.08,4.06
65,2006-11-29,12.1,12.35,12.35,11.8,12740,15459358.65,4.54,1.9,0.23,8.49
66,2006-11-30,12.38,12.63,12.87,12.32,18719,23507715.61,4.45,2.27,0.28,12.48
67,2006-12-01,12.63,12.5,12.64,12.42,9149,11450406.34,1.74,-1.03,-0.13,6.1
68,2006-12-04,12.5,12.64,12.85,12.5,8712,11074296.07,2.8,1.12,0.14,5.81
69,2006-12-05,12.68,12.56,12.8,12.51,8038,10149864.82,2.29,-0.63,-0.08,5.36
70,2006-12-06,12.8,13.06,13.27,12.62,21102,27452987.49,5.18,3.98,0.5,14.07
71,2006-12-07,13.07,12.89,13.1,12.85,8696,11295099.59,1.91,-1.3,-0.17,5.8
72,2006-12-08,12.7,12.27,12.84,12.25,7025,8795616.2,4.58,-4.81,-0.62,4.68
73,2006-12-12,12.55,12.37,12.77,12.32,5241,6541407.27,3.67,0.81,0.1,3.49
74,2006-12-13,12.37,12.34,12.49,12.19,3909,4819534.14,2.43,-0.24,-0.03,2.61
75,2006-12-14,12.34,12.44,12.55,12.31,3974,4925233.13,1.94,0.81,0.1,2.65
76,2006-12-15,12.5,12.47,12.59,12.4,4355,5447288.49,1.53,0.24,0.03,2.9
77,2006-12-18,12.5,12.47,12.65,12.41,6382,7961556.93,1.92,0.0,0.0,4.25
78,2006-12-19,12.5,12.5,12.54,12.19,8584,10596930.28,2.81,0.24,0.03,5.72
79,2006-12-20,12.5,12.96,13.13,12.46,14956,19182354.3,5.36,3.68,0.46,9.97
80,2006-12-21,12.92,12.68,12.94,12.62,8184,10446208.25,2.47,-2.16,-0.28,5.46
81,2006-12-22,12.65,12.47,12.65,12.3,4019,5012016.24,2.76,-1.66,-0.21,2.68
82,2006-12-25,12.44,12.43,12.65,12.41,3625,4526835.0,1.92,-0.32,-0.04,2.42
83,2006-12-26,12.43,12.2,12.5,12.2,3843,4724540.0,2.41,-1.85,-0.23,2.56
84,2006-12-27,12.16,12.2,12.3,12.15,3562,4346793.65,1.23,0.0,0.0,2.37
85,2006-12-28,12.13,11.72,12.21,11.7,6674,7932164.39,4.18,-3.93,-0.48,4.45
86,2006-12-29,11.71,11.88,12.05,11.71,3675,4373072.92,2.9,1.37,0.16,2.45
87,2007-01-04,11.95,12.03,12.22,11.7,7727,9223710.96,4.38,1.26,0.15,5.15
88,2007-01-05,11.98,12.27,12.31,11.95,5019,6118518.24,2.99,2.0,0.24,3.35
89,2007-01-08,12.27,12.46,12.47,12.19,5444,6735973.22,2.28,1.55,0.19,3.63
90,2007-01-09,12.41,12.63,12.65,12.41,6950,8742746.74,1.93,1.36,0.17,4.63
91,2007-01-10,12.68,12.64,12.68,12.38,7147,8945889.74,2.38,0.08,0.01,4.76
92,2007-01-11,12.68,12.69,12.93,12.5,12185,15533408.24,3.4,0.4,0.05,8.12
93,2007-01-12,12.6,12.17,12.69,12.11,6823,8473406.37,4.57,-4.1,-0.52,4.55
94,2007-01-15,12.07,12.51,12.53,12.06,6600,8137471.35,3.86,2.79,0.34,4.4
95,2007-01-16,12.57,13.01,13.08,12.43,16185,20771280.66,5.2,4.0,0.5,10.79
96,2007-01-17,13.1,12.97,13.52,12.66,18815,24826140.42,6.61,-0.31,-0.04,12.54
97,2007-01-18,12.97,13.69,13.75,12.81,16527,22048585.69,7.25,5.55,0.72,11.02
98,2007-01-19,13.72,13.86,13.92,13.5,18461,25380207.86,3.07,1.24,0.17,12.31
99,2007-01-22,14.1,14.18,14.23,13.85,17940,25142708.47,2.74,2.31,0.32,11.96
100,2007-01-23,14.23,13.88,14.34,13.51,13970,19326096.71,5.85,-2.12,-0.3,9.31
101,2007-01-24,13.88,13.77,13.97,13.75,10636,14748886.25,1.59,-0.79,-0.11,7.09
102,2007-01-25,13.7,13.1,13.7,13.07,10592,14103673.47,4.58,-4.87,-0.67,7.06
103,2007-01-26,12.99,13.09,13.22,12.61,9348,12050856.3,4.66,-0.08,-0.01,6.23
104,2007-01-29,13.15,13.45,13.5,13.11,7729,10251932.81,2.98,2.75,0.36,5.15
105,2007-01-30,13.45,13.25,13.5,13.18,6343,8465225.64,2.38,-1.49,-0.2,4.23
106,2007-01-31,13.24,12.99,13.55,12.96,8420,11201950.66,4.45,-1.96,-0.26,5.61
107,2007-02-01,12.87,13.07,13.13,12.8,4719,6132055.97,2.54,0.62,0.08,3.15
108,2007-02-02,13.18,12.95,13.25,12.91,4210,5503219.07,2.6,-0.92,-0.12,2.81
109,2007-02-05,12.94,13.14,13.2,12.9,3973,5201027.99,2.32,1.47,0.19,2.65
110,2007-02-06,13.17,13.37,13.38,13.15,4487,5966709.72,1.75,1.75,0.23,2.99
111,2007-02-07,13.4,13.22,13.47,13.18,7896,10485010.51,2.17,-1.12,-0.15,5.26
112,2007-02-08,13.23,13.27,13.28,13.05,7769,10214176.13,1.74,0.38,0.05,5.18
113,2007-02-09,13.3,13.14,13.37,13.13,5899,7811375.08,1.81,-0.98,-0.13,3.93
114,2007-02-12,13.12,13.45,13.49,13.06,9079,12042306.89,3.27,2.36,0.31,6.05
115,2007-02-13,13.5,13.54,13.57,13.4,7326,9875887.65,1.26,0.67,0.09,4.88
116,2007-02-14,13.57,13.7,13.74,13.51,8695,11870315.07,1.7,1.18,0.16,5.8
117,2007-02-15,13.75,13.75,13.78,13.6,9150,12523931.52,1.31,0.36,0.05,6.1
118,2007-02-16,13.77,13.87,13.99,13.71,9800,13621879.89,2.04,0.87,0.12,6.53
119,2007-02-26,13.9,14.44,14.48,13.83,10475,14855024.0,4.69,4.11,0.57,6.98
120,2007-02-27,14.43,13.06,14.45,13.03,14027,19398630.03,9.83,-9.56,-1.38,9.35
121,2007-02-28,13.01,13.58,13.61,13.01,7677,10245276.83,4.59,3.98,0.52,5.12
122,2007-03-01,13.55,13.2,13.63,13.1,6064,8057778.49,3.9,-2.8,-0.38,4.04
123,2007-03-02,13.11,13.45,13.54,13.11,4533,6084410.59,3.26,1.89,0.25,3.02
124,2007-03-05,13.3,13.66,13.68,13.3,8707,11755226.89,2.83,1.56,0.21,5.8
125,2007-03-06,13.6,13.82,13.96,13.55,8823,12184352.04,3.0,1.17,0.16,5.88
126,2007-03-07,13.77,13.94,14.15,13.77,7616,10603801.81,2.75,0.87,0.12,5.08
127,2007-03-08,13.94,14.11,14.18,13.85,7053,9885233.43,2.37,1.22,0.17,4.7
128,2007-03-09,14.09,13.95,14.1,13.75,6769,9432710.98,2.48,-1.13,-0.16,4.51
129,2007-03-12,14.08,14.11,14.18,13.81,8753,12262787.43,2.65,1.15,0.16,5.84
130,2007-03-13,14.08,14.28,14.36,14.02,11107,15800718.83,2.41,1.2,0.17,7.4
131,2007-03-14,14.11,14.58,14.76,13.81,23141,33563522.05,6.65,2.1,0.3,15.43
132,2007-03-15,14.5,14.61,14.87,14.45,12640,18570333.39,2.88,0.21,0.03,8.43
133,2007-03-16,14.66,14.18,14.74,13.95,11536,16583438.5,5.41,-2.94,-0.43,7.69
134,2007-03-19,13.76,14.6,14.66,13.67,11353,16395700.19,6.98,2.96,0.42,7.57
135,2007-03-20,14.6,15.23,15.48,14.6,14535,22023115.82,6.03,4.32,0.63,9.69
136,2007-03-21,15.15,15.24,15.29,15.01,7446,11265026.43,1.84,0.07,0.01,4.96
137,2007-03-22,15.2,15.18,15.6,15.13,11306,17430380.85,3.08,-0.39,-0.06,7.54
138,2007-03-23,15.0,14.85,15.0,14.48,16749,24641246.99,3.43,-2.17,-0.33,11.17
139,2007-03-26,14.85,15.56,15.58,14.85,14556,22207197.3,4.92,4.78,0.71,9.7
140,2007-03-27,15.58,15.5,15.58,15.28,9511,14689904.94,1.93,-0.39,-0.06,6.34
141,2007-03-28,15.5,15.22,15.66,14.48,12079,18325362.57,7.61,-1.81,-0.28,8.05
142,2007-03-29,15.22,14.78,15.49,14.71,10056,15075088.42,5.12,-2.89,-0.44,6.7
143,2007-03-30,14.7,14.9,15.18,14.6,5537,8268052.58,3.92,0.81,0.12,3.69
144,2007-04-02,14.99,15.2,15.23,14.9,7824,11816851.65,2.21,2.01,0.3,5.22
145,2007-04-03,15.3,15.32,15.4,15.06,6973,10594954.07,2.24,0.79,0.12,4.65
146,2007-04-04,15.35,15.22,15.38,15.12,5540,8438469.56,1.7,-0.65,-0.1,3.69
147,2007-04-05,15.22,15.42,15.45,15.07,7514,11469283.42,2.5,1.31,0.2,5.01
148,2007-04-06,15.28,15.6,15.73,15.2,8012,12421420.88,3.44,1.17,0.18,5.34
149,2007-04-09,15.53,15.68,15.99,15.41,10133,15936021.81,3.72,0.51,0.08,6.76
150,2007-04-10,15.73,15.88,15.88,15.02,12433,19279117.19,5.48,1.28,0.2,8.29
151,2007-04-11,15.78,17.18,17.27,15.67,28250,46301949.8,10.08,8.19,1.3,18.83
152,2007-04-12,17.0,18.0,18.48,16.6,22024,38432328.18,10.94,4.77,0.82,14.68
153,2007-04-13,18.0,18.72,19.3,17.54,23227,42900150.29,9.78,4.0,0.72,15.48
154,2007-04-17,19.88,20.48,20.59,18.73,36170,72932779.81,9.94,9.4,1.76,24.11
155,2007-04-18,20.3,22.53,22.53,19.71,53689,111741842.97,13.77,10.01,2.05,35.79
156,2007-04-19,22.29,20.79,22.52,20.29,30148,64970293.53,9.9,-7.72,-1.74,20.1
157,2007-04-20,20.81,21.24,22.05,20.81,16016,34315139.26,5.96,2.16,0.45,10.68
158,2007-04-23,21.0,20.88,21.1,20.41,17230,35746183.49,3.25,-1.69,-0.36,11.49
159,2007-04-24,20.85,20.26,20.85,20.1,16074,32633795.7,3.59,-2.97,-0.62,10.72
160,2007-04-25,20.0,21.16,21.2,19.9,16428,34118228.07,6.42,4.44,0.9,10.95
161,2007-04-26,21.11,20.74,21.11,20.51,7466,15478127.09,2.84,-1.98,-0.42,4.98
162,2007-04-27,20.62,20.01,21.18,20.0,6196,12598709.4,5.69,-3.52,-0.73,4.13
163,2007-04-30,19.96,19.33,20.0,19.09,11319,21942809.81,4.55,-3.4,-0.68,7.55
164,2007-05-08,19.34,19.9,20.28,19.34,9931,19547724.08,4.86,2.95,0.57,6.62
165,2007-05-09,19.75,19.52,19.97,19.1,8748,17026524.57,4.37,-1.91,-0.38,5.83
166,2007-05-10,19.6,19.95,20.36,19.6,8655,17228002.71,3.89,2.2,0.43,5.77
167,2007-05-11,19.95,19.67,20.0,19.38,4893,9604591.21,3.11,-1.4,-0.28,3.26
168,2007-05-14,19.3,19.39,19.78,19.01,6686,12969870.09,3.91,-1.42,-0.28,4.46
169,2007-05-15,19.5,19.2,19.63,19.03,6045,11721858.43,3.09,-0.98,-0.19,4.03
170,2007-05-16,19.0,19.45,19.45,19.0,6844,13150792.54,2.34,1.3,0.25,4.56
171,2007-05-17,19.6,20.1,20.2,19.38,11704,23159719.54,4.22,3.34,0.65,7.8
172,2007-05-18,20.3,19.7,20.3,19.68,7401,14717931.67,3.08,-1.99,-0.4,4.93
173,2007-05-21,19.15,19.43,19.75,18.8,8029,15537783.45,4.82,-1.37,-0.27,5.35
174,2007-05-22,19.7,19.79,20.15,19.4,11902,23487814.94,3.86,1.85,0.36,7.93
175,2007-05-23,19.85,20.45,20.47,19.72,12668,25491527.89,3.79,3.34,0.66,8.45
176,2007-05-24,20.59,20.05,20.98,19.5,11260,22728724.31,7.24,-1.96,-0.4,7.51
177,2007-05-25,20.05,20.4,20.54,19.7,10155,20539106.2,4.19,1.75,0.35,6.77
178,2007-05-28,20.5,20.84,21.29,20.5,15760,32996797.32,3.87,2.16,0.44,10.51
179,2007-05-29,20.84,20.85,21.18,20.45,11914,24690936.88,3.5,0.05,0.01,7.94
180,2007-05-30,19.85,18.77,20.69,18.77,12679,24637635.13,9.21,-9.98,-2.08,8.45
181,2007-05-31,18.52,17.51,18.98,16.9,11346,19846872.32,11.08,-6.71,-1.26,7.56
182,2007-06-01,17.65,16.35,18.0,16.18,9622,16420304.85,10.39,-6.62,-1.16,6.41
183,2007-06-04,16.55,15.13,16.7,15.01,9978,15625261.42,10.34,-7.46,-1.22,6.65
184,2007-06-05,15.2,15.93,15.97,14.61,9023,13751933.94,8.99,5.29,0.8,6.02
185,2007-06-06,16.08,16.56,16.97,15.63,11706,19319845.5,8.41,3.95,0.63,7.8
186,2007-06-07,16.65,17.13,17.36,16.42,10750,18120210.2,5.68,3.44,0.57,7.17
187,2007-06-08,17.0,16.97,17.26,16.8,6984,11865274.1,2.69,-0.93,-0.16,4.66
188,2007-06-11,17.0,17.1,17.39,16.76,8251,14096988.12,3.71,0.77,0.13,5.5
189,2007-06-12,17.1,17.19,17.28,16.21,8980,15208082.11,6.26,0.53,0.09,5.99
190,2007-06-13,17.28,17.88,17.99,17.28,9928,17573501.24,4.13,4.01,0.69,6.62
191,2007-06-14,17.96,17.4,17.96,17.38,7652,13477700.22,3.24,-2.68,-0.48,5.1
192,2007-06-15,17.5,18.1,18.42,17.4,9920,17924846.27,5.86,4.02,0.7,6.61
193,2007-06-18,18.42,18.99,19.83,18.42,9936,19059296.62,7.79,4.92,0.89,6.62
194,2007-06-19,18.86,19.02,19.37,18.52,5549,10536419.28,4.48,0.16,0.03,3.7
195,2007-06-20,19.0,18.26,19.1,18.26,7408,13888435.21,4.42,-4.0,-0.76,4.94
196,2007-06-21,18.01,18.35,18.58,17.8,6229,11283432.17,4.27,0.49,0.09,4.15
197,2007-06-22,18.49,17.42,18.49,16.7,8217,14483392.57,9.75,-5.07,-0.93,5.48
198,2007-06-25,17.2,15.9,17.45,15.77,6059,9958369.2,9.64,-8.73,-1.52,4.04
199,2007-06-26,15.67,16.47,16.55,15.65,5388,8724876.65,5.66,3.58,0.57,3.59
200,2007-06-27,16.58,16.8,16.85,16.1,3841,6355317.45,4.55,2.0,0.33,2.56
201,2007-06-28,16.74,15.61,16.77,15.6,4141,6714547.43,6.96,-7.08,-1.19,2.76
202,2007-06-29,15.15,15.19,15.73,14.82,5926,9070785.74,5.83,-2.69,-0.42,3.95
203,2007-07-02,15.21,15.6,16.0,15.19,3229,5026345.29,5.33,2.7,0.41,2.15
204,2007-07-03,15.85,15.85,16.0,15.6,3578,5661729.27,2.56,1.6,0.25,2.39
205,2007-07-04,15.85,15.87,16.6,15.8,3828,6235540.98,5.05,0.13,0.02,2.55
206,2007-07-05,15.6,15.9,16.16,15.6,3530,5627347.3,3.53,0.19,0.03,2.35
207,2007-07-06,16.2,16.93,16.99,15.9,7612,12555461.77,6.86,6.48,1.03,5.07
208,2007-07-09,16.95,17.15,17.2,16.6,6345,10717617.73,3.54,1.3,0.22,4.23
209,2007-07-10,17.15,16.44,17.15,16.27,3284,5457635.19,5.13,-4.14,-0.71,2.19
210,2007-07-11,16.35,16.32,16.55,16.02,2984,4869713.6,3.22,-0.73,-0.12,1.99
211,2007-07-12,16.44,16.45,16.55,16.22,1733,2835901.6,2.02,0.8,0.13,1.16
212,2007-07-13,16.48,16.71,16.71,16.2,2636,4346011.4,3.1,1.58,0.26,1.76
213,2007-07-16,16.58,16.6,16.98,16.42,2315,3874158.01,3.35,-0.66,-0.11,1.54
214,2007-07-17,16.55,16.88,17.08,16.08,4454,7516655.08,6.02,1.69,0.28,2.97
215,2007-07-18,17.0,16.86,17.29,16.81,4584,7837682.89,2.84,-0.12,-0.02,3.06
216,2007-07-19,16.71,16.78,16.89,16.47,2918,4855555.85,2.49,-0.47,-0.08,1.95
217,2007-07-20,16.98,17.15,17.2,16.68,4258,7264897.22,3.1,2.21,0.37,2.84
218,2007-07-23,17.2,17.68,17.7,17.01,6855,12014478.66,4.02,3.09,0.53,4.57
219,2007-07-24,17.88,17.6,18.3,17.5,7106,12742464.76,4.52,-0.45,-0.08,4.74
220,2007-07-25,17.55,18.05,18.08,17.55,5579,9972438.7,3.01,2.56,0.45,3.72
221,2007-07-26,18.08,18.09,18.27,17.85,5908,10683841.14,2.33,0.22,0.04,3.94
222,2007-07-27,18.03,18.35,18.59,18.03,5891,10827972.46,3.1,1.44,0.26,3.93
223,2007-07-30,18.08,18.55,18.79,18.08,6240,11583791.5,3.87,1.09,0.2,4.16
224,2007-07-31,18.6,18.71,18.75,18.08,6665,12290658.05,3.61,0.86,0.16,4.44
225,2007-08-01,18.7,17.65,18.95,17.4,6755,12220483.06,8.28,-5.67,-1.06,4.5
226,2007-08-02,17.7,18.22,18.24,17.6,5901,10598758.92,3.63,3.23,0.57,3.93
227,2007-08-03,18.33,19.15,19.55,18.32,11672,22219039.93,6.75,5.1,0.93,7.78
228,2007-08-06,19.35,19.15,19.48,18.8,7415,14171729.07,3.55,0.0,0.0,4.94
229,2007-08-07,18.9,18.9,19.37,18.68,5918,11238326.14,3.6,-1.31,-0.25,3.95
230,2007-08-08,18.72,18.4,18.98,18.0,5446,10037327.04,5.19,-2.65,-0.5,3.63
231,2007-08-09,18.65,18.6,18.75,18.41,3629,6745311.51,1.85,1.09,0.2,2.42
232,2007-08-10,18.55,18.0,18.77,17.7,3773,6833582.05,5.75,-3.23,-0.6,2.52
233,2007-08-13,17.9,19.29,19.45,17.7,10194,19156680.14,9.72,7.17,1.29,6.8
234,2007-08-14,19.79,19.3,19.85,19.1,6942,13491881.94,3.89,0.05,0.01,4.63
235,2007-08-15,19.3,19.0,19.67,18.41,5177,9813425.45,6.53,-1.55,-0.3,3.45
236,2007-08-16,18.9,18.99,19.34,18.0,3329,6257070.31,7.05,-0.05,-0.01,2.22
237,2007-08-17,19.2,19.0,19.37,18.72,2990,5652170.16,3.42,0.05,0.01,1.99
238,2007-08-20,19.29,19.83,20.0,19.05,9558,18884443.29,5.0,4.37,0.83,6.37
239,2007-08-21,21.1,20.65,21.1,19.99,13371,27608683.07,5.6,4.14,0.82,8.91
240,2007-08-22,20.38,20.54,20.59,20.02,5424,11011857.89,2.76,-0.53,-0.11,3.62
241,2007-08-23,20.54,20.25,20.96,20.09,3758,7618832.24,4.24,-1.41,-0.29,2.51
242,2007-08-24,20.3,19.81,20.49,19.8,5655,11302245.32,3.41,-2.17,-0.44,2.88
243,2007-08-27,19.99,19.18,20.19,19.0,7575,14678729.61,6.01,-3.18,-0.63,3.86
244,2007-08-28,19.0,19.22,19.24,18.75,4684,8904783.74,2.55,0.21,0.04,2.38
245,2007-08-29,19.24,19.06,19.25,18.81,3739,7100083.97,2.29,-0.83,-0.16,1.9
246,2007-08-30,19.0,19.4,19.48,19.0,3342,6444592.4,2.52,1.78,0.34,1.7
247,2007-08-31,19.58,19.08,19.68,19.0,5442,10484481.78,3.51,-1.65,-0.32,2.77
248,2007-09-03,19.2,19.5,19.68,19.12,5742,11190185.4,2.94,2.2,0.42,2.92
249,2007-09-04,19.5,20.07,20.29,19.38,8200,16218711.47,4.67,2.92,0.57,4.17
250,2007-09-05,20.0,19.73,20.1,19.51,5431,10754404.32,2.94,-1.69,-0.34,2.76
251,2007-09-06,19.98,19.68,20.1,19.65,3522,6975230.76,2.28,-0.25,-0.05,1.79
252,2007-09-07,19.59,19.58,19.78,19.06,7476,14551895.73,3.66,-0.51,-0.1,3.81
253,2007-09-10,19.52,19.77,19.95,19.02,8003,15728585.56,4.75,0.97,0.19,4.07
254,2007-09-11,19.55,18.6,19.73,18.51,4901,9394675.63,6.17,-5.92,-1.17,2.5
255,2007-09-12,18.6,18.65,18.8,17.88,3829,7014462.84,4.95,0.27,0.05,1.95
256,2007-09-13,18.88,18.78,18.97,18.31,3108,5798951.29,3.54,0.7,0.13,1.58
257,2007-09-14,19.2,18.94,19.2,18.59,3510,6576493.74,3.25,0.85,0.16,1.79
258,2007-09-17,18.99,18.92,19.06,18.73,4152,7852912.74,1.74,-0.11,-0.02,2.11
259,2007-09-18,19.18,19.0,19.2,18.68,2529,4792785.7,2.75,0.42,0.08,1.29
260,2007-09-19,19.09,19.02,19.15,18.67,4418,8312321.82,2.53,0.11,0.02,2.25
261,2007-09-20,19.02,18.99,19.18,18.7,4306,8154890.47,2.52,-0.16,-0.03,2.19
262,2007-09-24,18.9,19.5,19.95,18.78,7222,14013244.94,6.16,2.69,0.51,3.68
263,2007-09-25,19.58,19.0,19.58,18.96,2741,5260012.06,3.18,-2.56,-0.5,1.4
264,2007-09-26,19.17,19.67,19.8,18.75,14980,29074973.62,5.53,3.53,0.67,7.63
265,2007-09-27,19.65,20.35,20.7,19.5,13509,27209135.14,6.1,3.46,0.68,6.88
266,2007-09-28,20.5,20.43,20.9,20.0,11271,23013490.71,4.42,0.39,0.08,5.74
267,2007-10-08,20.52,19.5,20.79,19.5,6714,13479984.71,6.31,-4.55,-0.93,3.42
268,2007-10-09,19.5,20.0,20.0,19.5,4587,9073901.55,2.56,2.56,0.5,2.07
269,2007-10-10,20.4,19.8,20.4,19.0,3538,6966602.45,7.0,-1.0,-0.2,1.6
270,2007-10-11,19.59,19.1,19.8,19.0,3954,7593418.2,4.04,-3.54,-0.7,1.79
271,2007-10-12,19.1,18.35,19.1,17.3,5604,10130885.08,9.42,-3.93,-0.75,2.53
272,2007-10-15,18.0,17.88,18.59,17.7,3203,5744018.52,4.85,-2.56,-0.47,1.45
273,2007-10-16,17.9,18.51,18.67,17.55,2420,4405220.17,6.26,3.52,0.63,1.09
274,2007-10-17,18.33,18.28,18.87,18.08,1724,3173332.47,4.27,-1.24,-0.23,0.78
275,2007-10-18,18.07,18.37,18.37,17.6,2475,4471335.78,4.21,0.49,0.09,1.12
276,2007-10-19,18.25,18.22,18.6,18.1,1474,2696393.94,2.72,-0.82,-0.15,0.67
277,2007-10-22,17.88,17.95,18.17,17.55,1834,3281956.6,3.4,-1.48,-0.27,0.83
278,2007-10-23,17.8,18.18,18.33,17.63,2023,3620621.35,3.9,1.28,0.23,0.91
279,2007-10-24,17.8,18.17,18.38,17.8,1900,3437188.07,3.19,-0.06,-0.01,0.86
280,2007-10-25,18.25,17.05,18.27,16.6,3156,5431419.05,9.19,-6.16,-1.12,1.43
281,2007-10-26,16.2,16.88,17.28,16.2,1549,2605047.22,6.33,-1.0,-0.17,0.7
282,2007-10-29,16.7,16.7,17.35,16.7,2238,3748342.0,3.85,-1.07,-0.18,1.01
283,2007-10-30,17.0,16.95,17.0,16.5,1833,3051528.44,2.99,1.5,0.25,0.83
284,2007-10-31,17.15,17.64,17.85,16.8,2549,4393660.5,6.19,4.07,0.69,1.15
285,2007-11-01,17.54,16.95,17.54,16.85,3044,5176183.66,3.91,-3.91,-0.69,1.38
286,2007-11-02,17.0,16.56,17.0,16.5,2478,4138766.7,2.95,-2.3,-0.39,1.12
287,2007-11-05,16.56,16.85,17.13,16.56,1695,2860263.9,3.44,1.75,0.29,0.77
288,2007-11-06,16.98,16.98,17.26,16.74,944,1600720.43,3.09,0.77,0.13,0.43
289,2007-11-07,17.0,17.0,17.34,16.8,1534,2618889.69,3.18,0.12,0.02,0.69
290,2007-11-08,17.08,16.9,17.18,16.7,1898,3210204.41,2.82,-0.59,-0.1,0.86
291,2007-11-09,17.02,17.65,17.8,17.02,10096,17647657.4,4.62,4.44,0.75,4.57
292,2007-11-12,17.58,17.3,17.84,16.91,4123,7127052.35,5.27,-1.98,-0.35,1.86
293,2007-11-13,17.3,17.2,17.66,16.9,2362,4046031.98,4.39,-0.58,-0.1,1.07
294,2007-11-14,17.2,17.38,17.45,17.0,2327,4018424.39,2.62,1.05,0.18,1.05
295,2007-11-15,17.58,17.12,17.58,17.06,1623,2795984.58,2.99,-1.5,-0.26,0.73
296,2007-11-16,17.08,17.12,17.26,16.7,2020,3425193.91,3.27,0.0,0.0,0.91
297,2007-11-19,17.35,17.45,17.48,17.11,3072,5338421.32,2.16,1.93,0.33,1.39
298,2007-11-20,17.48,17.52,17.59,17.3,2189,3830715.9,1.66,0.4,0.07,0.99
299,2007-11-21,17.75,17.53,17.75,17.4,1645,2886043.81,2.0,0.06,0.01,0.74
300,2007-11-22,17.51,16.94,17.51,16.71,1667,2855116.89,4.56,-3.37,-0.59,0.75
301,2007-11-23,17.15,17.18,17.38,16.75,980,1659987.88,3.72,1.42,0.24,0.44
302,2007-11-26,17.38,17.12,17.44,17.1,794,1364197.5,1.98,-0.35,-0.06,0.36
303,2007-11-27,17.0,16.7,17.26,16.69,1565,2631957.88,3.33,-2.45,-0.42,0.71
304,2007-11-28,16.8,16.72,17.08,16.7,638,1072984.89,2.28,0.12,0.02,0.29
305,2007-11-29,16.8,17.05,17.14,16.5,1614,2707905.0,3.83,1.97,0.33,0.73
306,2007-11-30,16.78,16.8,16.95,16.7,1188,1993133.0,1.47,-1.47,-0.25,0.54
307,2007-12-03,16.75,17.24,17.3,16.6,3340,5709792.4,4.17,2.62,0.44,1.51
308,2007-12-04,17.35,17.24,17.44,17.12,2026,3509896.49,1.86,0.0,0.0,0.92
309,2007-12-05,17.34,17.31,17.41,17.0,1911,3296455.38,2.38,0.41,0.07,0.86
310,2007-12-06,17.44,17.79,17.9,17.2,8213,14442613.25,4.04,2.77,0.48,3.71
311,2007-12-07,17.51,18.12,18.38,17.51,7068,12788258.91,4.89,1.85,0.33,3.2
312,2007-12-10,17.8,18.55,18.59,17.68,8848,16286639.9,5.02,2.37,0.43,4.0
313,2007-12-11,18.55,18.94,18.98,18.2,8938,16651753.04,4.2,2.1,0.39,4.04
314,2007-12-12,18.8,19.18,19.66,18.6,14685,28300837.36,5.6,1.27,0.24,6.64
315,2007-12-13,19.22,18.65,19.65,18.6,9669,18571292.89,5.47,-2.76,-0.53,4.37
316,2007-12-14,18.58,19.17,19.2,18.38,4016,7523123.65,4.4,2.79,0.52,1.82
317,2007-12-17,19.18,19.1,19.56,18.99,3082,5925998.0,2.97,-0.37,-0.07,1.39
318,2007-12-18,19.0,19.11,19.38,19.0,3262,6241683.4,1.99,0.05,0.01,1.48
319,2007-12-19,19.2,19.2,19.5,19.01,2088,4010781.57,2.56,0.47,0.09,0.94
320,2007-12-20,19.38,19.28,19.38,19.1,3417,6565402.56,1.46,0.42,0.08,1.55
321,2007-12-21,19.25,19.55,19.74,19.18,4771,9292534.63,2.9,1.4,0.27,2.16
322,2007-12-24,19.71,19.66,20.0,19.45,5883,11625053.72,2.81,0.56,0.11,2.66
323,2007-12-25,19.25,19.66,20.0,19.21,2680,5272707.12,4.02,0.0,0.0,1.21
324,2007-12-26,19.88,20.06,20.2,19.6,3992,7949692.58,3.05,2.03,0.4,1.81
325,2007-12-27,20.15,20.18,20.58,20.01,4262,8647587.61,2.84,0.6,0.12,1.93
326,2007-12-28,20.0,20.14,20.5,19.93,2938,5936651.24,2.82,-0.2,-0.04,1.33
327,2008-01-02,20.35,21.83,22.15,20.08,9876,21208965.53,10.28,8.39,1.69,4.47
328,2008-01-03,21.83,22.78,23.5,21.7,13400,30415898.2,8.25,4.35,0.95,6.06
329,2008-01-04,22.78,22.56,22.81,22.0,4950,11076513.39,3.56,-0.97,-0.22,2.24
330,2008-01-07,22.3,22.89,23.56,22.3,5762,13368487.77,5.59,1.46,0.33,2.61
331,2008-01-08,22.75,21.92,22.9,21.5,6394,14296767.26,6.12,-4.24,-0.97,2.89
332,2008-01-09,21.61,22.82,22.85,21.61,3790,8462140.52,5.66,4.11,0.9,1.71
333,2008-01-10,22.98,24.38,24.99,22.5,9264,22393104.59,10.91,6.84,1.56,4.19
334,2008-01-11,24.5,24.75,25.0,23.69,5446,13262418.3,5.37,1.52,0.37,2.46
335,2008-01-14,24.66,24.5,25.22,24.03,3284,8094856.88,4.81,-1.01,-0.25,1.49
336,2008-01-15,24.98,24.57,24.98,24.21,3417,8408466.94,3.14,0.29,0.07,1.55
337,2008-01-16,24.5,24.15,24.97,24.0,4109,9967727.6,3.95,-1.71,-0.42,1.86
338,2008-01-17,24.35,23.22,24.6,22.51,6402,15134222.66,8.65,-3.85,-0.93,2.9
339,2008-01-18,23.8,25.42,25.42,23.03,8041,19540215.61,10.29,9.47,2.2,3.64
340,2008-01-21,25.73,23.8,25.76,23.69,5300,13152297.09,8.14,-6.37,-1.62,2.4
341,2008-01-22,23.11,21.42,24.19,21.42,6038,13334326.02,11.64,-10.0,-2.38,2.73
342,2008-01-23,20.7,22.1,22.43,20.7,5778,12527151.64,8.08,3.17,0.68,2.61
343,2008-01-24,22.43,22.5,22.88,21.45,5430,12115494.2,6.47,1.81,0.4,2.46
344,2008-01-25,22.5,21.93,23.09,21.88,3735,8310370.78,5.38,-2.53,-0.57,1.69
345,2008-01-28,22.18,19.74,22.35,19.74,4522,9215604.64,11.9,-9.99,-2.19,2.05
346,2008-01-29,20.0,20.2,20.68,19.8,2587,5226060.1,4.46,2.33,0.46,1.17
347,2008-01-30,20.76,20.11,20.94,19.92,3165,6417053.86,5.05,-0.45,-0.09,1.43
348,2008-01-31,20.07,19.68,20.58,19.68,2158,4324715.0,4.48,-2.14,-0.43,0.98
349,2008-02-01,19.67,18.5,20.18,17.9,3015,5671946.33,11.59,-6.0,-1.18,1.36
350,2008-02-04,18.63,20.35,20.35,18.63,3502,6940684.55,9.3,10.0,1.85,1.58
351,2008-02-05,20.4,20.34,20.65,20.02,2432,4951339.68,3.1,-0.05,-0.01,1.1
352,2008-02-13,20.3,20.45,20.94,19.69,2739,5569118.61,6.15,0.54,0.11,1.24
353,2008-02-14,20.5,20.75,21.0,20.4,2203,4583316.69,2.93,1.47,0.3,1.0
354,2008-02-15,20.6,20.56,21.08,20.06,2351,4877157.68,4.92,-0.92,-0.19,1.06
355,2008-02-18,21.18,22.62,22.62,21.18,5325,11918861.8,7.0,10.02,2.06,2.41
356,2008-02-19,23.44,23.68,24.4,23.04,13550,32125489.9,6.01,4.69,1.06,6.13
357,2008-02-20,23.6,23.08,23.96,22.9,5462,12723644.87,4.48,-2.53,-0.6,2.47
358,2008-02-21,22.8,23.52,23.7,22.8,5571,13032600.54,3.9,1.91,0.44,2.52
359,2008-02-22,23.5,22.45,23.92,22.02,4221,9584821.39,8.08,-4.55,-1.07,1.91
360,2008-02-25,22.8,21.06,22.96,20.9,5130,11108612.3,9.18,-6.19,-1.39,2.32
361,2008-02-26,21.48,21.48,21.9,20.78,3798,8111295.49,5.32,1.99,0.42,1.72
362,2008-02-27,21.5,21.77,21.95,21.23,2810,6097846.6,3.35,1.35,0.29,1.27
363,2008-02-28,21.5,22.36,22.75,21.41,3912,8681097.0,6.16,2.71,0.59,1.77
364,2008-02-29,22.7,22.35,22.7,22.01,3308,7373677.88,3.09,-0.04,-0.01,1.5
365,2008-03-03,22.35,23.3,23.56,22.22,4313,9997201.72,6.0,4.25,0.95,1.95
366,2008-03-04,24.28,23.3,24.55,23.2,9048,21531166.41,5.79,0.0,0.0,4.09
367,2008-03-05,22.96,23.53,23.69,22.96,3779,8832938.25,3.13,0.99,0.23,1.71
368,2008-03-06,23.65,23.53,24.12,23.33,3879,9213566.79,3.36,0.0,0.0,1.75
369,2008-03-07,23.74,22.95,23.74,22.95,2913,6753903.0,3.36,-2.46,-0.58,1.32
370,2008-03-10,22.89,22.2,22.89,21.8,2560,5695605.96,4.75,-3.27,-0.75,1.16
371,2008-03-11,22.3,22.54,22.58,21.59,1678,3709796.05,4.46,1.53,0.34,0.76
372,2008-03-12,22.66,21.9,22.95,21.88,1626,3623657.64,4.75,-2.84,-0.64,0.74
373,2008-03-13,21.58,21.24,22.0,20.68,2661,5667273.7,6.03,-3.01,-0.66,1.2
374,2008-03-14,21.63,21.22,21.63,21.0,1083,2297733.66,2.97,-0.09,-0.02,0.49
375,2008-03-17,21.38,19.85,21.38,19.51,2984,6110273.0,8.81,-6.46,-1.37,1.35
376,2008-03-18,19.85,18.5,20.28,18.06,2684,5061913.98,11.18,-6.8,-1.35,1.21
377,2008-03-19,18.56,19.39,19.8,18.56,2132,4113852.5,6.7,4.81,0.89,0.96
378,2008-03-20,19.17,20.29,20.49,17.88,3526,6767012.01,13.46,4.64,0.9,1.59
379,2008-03-21,20.19,20.16,20.65,19.9,3035,6168797.03,3.7,-0.64,-0.13,1.37
380,2008-03-24,20.21,20.3,20.59,20.0,2394,4858388.24,2.93,0.69,0.14,1.08
381,2008-03-25,20.22,20.28,20.38,19.56,1930,3857932.2,4.04,-0.1,-0.02,0.87
382,2008-03-26,20.35,20.73,21.3,20.35,3281,6833967.52,4.68,2.22,0.45,1.48
383,2008-03-27,20.55,19.74,20.55,18.9,2118,4184188.4,7.96,-4.78,-0.99,0.96
384,2008-03-31,19.61,19.76,20.45,19.5,1885,3739223.69,4.81,0.1,0.02,0.85
385,2008-04-01,19.88,17.78,19.88,17.78,2550,4681261.62,10.63,-10.02,-1.98,1.15
386,2008-04-02,18.09,16.62,18.2,16.6,2913,5034331.35,9.0,-6.52,-1.16,1.32
387,2008-04-03,16.8,16.95,17.2,16.02,2235,3681382.68,7.1,1.99,0.33,1.01
388,2008-04-07,17.18,18.3,18.46,16.85,2568,4530806.88,9.5,7.96,1.35,1.18
389,2008-04-08,18.36,18.38,18.72,18.0,2319,4269595.8,3.93,0.44,0.08,1.06
390,2008-04-09,18.3,17.68,18.6,17.68,1756,3209480.35,5.01,-3.81,-0.7,0.81
391,2008-04-10,17.71,17.97,17.97,16.9,1899,3308556.35,6.05,1.64,0.29,0.87
392,2008-04-11,18.35,18.5,18.6,17.82,1639,3008392.09,4.34,2.95,0.53,0.75
393,2008-04-14,18.32,17.29,18.32,17.2,2346,4131210.62,6.05,-6.54,-1.21,1.08
394,2008-04-15,11.2,11.5,11.63,10.7,3471,3852642.26,5.38,-33.49,-5.79,1.06
395,2008-04-16,11.87,11.0,11.87,10.9,1520,1704362.88,8.43,-4.35,-0.5,0.46
396,2008-04-17,11.25,10.78,11.25,10.51,2381,2560614.77,6.73,-2.0,-0.22,0.73
397,2008-04-18,10.78,10.01,10.78,10.0,1829,1875195.0,7.24,-7.14,-0.77,0.56
398,2008-04-21,10.64,10.17,11.0,10.02,2829,2933322.69,9.79,1.6,0.16,0.86
399,2008-04-22,10.17,9.91,10.26,9.26,1989,1932514.75,9.83,-2.56,-0.26,0.61
400,2008-04-23,9.8,10.51,10.69,9.8,3316,3428578.75,8.98,6.05,0.6,1.01
401,2008-04-24,11.54,11.4,11.56,11.03,9447,10710501.96,5.04,8.47,0.89,2.89
402,2008-04-25,11.18,11.28,11.55,11.1,7325,8254406.1,3.95,-1.05,-0.12,2.24
403,2008-04-28,11.34,11.13,11.34,10.95,3364,3730595.6,3.46,-1.33,-0.15,1.03
404,2008-04-29,11.1,11.27,11.45,10.96,3196,3581264.18,4.4,1.26,0.14,0.98
405,2008-04-30,11.27,11.6,11.86,11.16,5948,6804625.74,6.21,2.93,0.33,1.82
406,2008-05-05,11.85,12.06,12.2,11.5,5497,6494392.42,6.03,3.97,0.46,1.68
407,2008-05-06,12.0,11.88,12.2,11.62,3768,4464989.72,4.81,-1.49,-0.18,1.15
408,2008-05-07,11.66,11.24,11.99,11.1,4246,4860276.88,7.49,-5.39,-0.64,1.3
409,2008-05-08,11.3,12.36,12.36,10.89,4962,5745454.92,13.08,9.96,1.12,1.52
410,2008-05-09,12.01,12.17,12.35,11.7,8050,9700261.32,5.26,-1.54,-0.19,2.46
411,2008-05-12,12.05,12.14,12.2,11.5,4107,4898651.01,5.75,-0.25,-0.03,1.26
412,2008-05-13,11.7,11.74,11.9,11.0,4668,5430023.36,7.41,-3.29,-0.4,1.43
413,2008-05-14,11.84,12.06,12.08,11.68,6476,7725008.55,3.41,2.73,0.32,1.98
414,2008-05-15,12.0,11.9,12.38,11.9,5543,6733757.88,3.98,-1.33,-0.16,1.69
415,2008-05-16,12.08,11.99,12.25,11.71,4344,5213729.28,4.54,0.76,0.09,1.33
416,2008-05-19,11.84,11.79,11.98,11.5,1650,1938443.5,4.0,-1.67,-0.2,0.5
417,2008-05-20,11.89,11.9,11.97,11.0,6676,7823312.14,8.23,0.93,0.11,2.04
418,2008-05-21,11.7,11.91,11.97,11.19,5538,6455720.7,6.55,0.08,0.01,1.69
419,2008-05-22,11.92,12.53,12.99,11.7,17637,21892021.83,10.83,5.21,0.62,5.39
420,2008-05-23,12.4,12.0,12.53,11.88,8319,10098186.19,5.19,-4.23,-0.53,2.54
421,2008-05-26,11.76,11.14,12.0,11.0,4091,4673181.05,8.33,-7.17,-0.86,1.25
422,2008-05-27,11.0,11.12,11.25,10.81,3704,4087028.52,3.95,-0.18,-0.02,1.13
423,2008-05-28,11.1,11.33,11.4,11.0,2707,3025689.05,3.6,1.89,0.21,0.83
424,2008-05-29,11.17,11.25,11.3,11.02,2765,3085209.75,2.47,-0.71,-0.08,0.85
425,2008-05-30,11.22,11.62,11.67,11.1,4013,4554992.88,5.07,3.29,0.37,1.23
426,2008-06-02,11.49,12.0,12.2,11.48,13516,16150008.72,6.2,3.27,0.38,4.13
427,2008-06-03,12.06,12.06,12.56,11.99,10412,12743918.97,4.75,0.5,0.06,3.18
428,2008-06-04,12.03,11.82,12.03,11.58,4312,5046927.7,3.73,-1.99,-0.24,1.32
429,2008-06-05,11.77,11.79,12.0,11.6,3026,3542262.8,3.38,-0.25,-0.03,0.92
430,2008-06-06,11.8,11.88,11.98,11.7,2354,2786433.66,2.37,0.76,0.09,0.72
431,2008-06-10,11.78,10.69,11.78,10.69,2652,2911259.1,9.18,-10.02,-1.19,0.81
432,2008-06-11,10.58,10.16,10.58,9.7,2790,2821687.89,8.23,-4.96,-0.53,0.85
433,2008-06-12,10.18,9.9,10.18,9.51,3829,3757322.87,6.59,-2.56,-0.26,1.17
434,2008-06-13,9.8,9.63,9.97,9.32,2643,2540282.42,6.57,-2.73,-0.27,0.81
435,2008-06-16,9.78,9.48,9.78,9.28,1859,1751635.64,5.19,-1.56,-0.15,0.57
436,2008-06-17,9.64,8.97,9.64,8.86,2960,2747121.55,8.23,-5.38,-0.51,0.9
437,2008-06-18,8.72,9.33,9.39,8.65,3518,3204008.88,8.25,4.01,0.36,1.08
438,2008-06-19,9.33,8.4,9.33,8.4,3508,3067315.78,9.97,-9.97,-0.93,1.07
439,2008-06-20,8.35,8.4,8.94,7.98,3103,2600442.28,11.43,0.0,0.0,0.95
440,2008-06-23,8.28,8.36,8.53,8.28,1714,1428818.6,2.98,-0.48,-0.04,0.52
441,2008-06-24,8.36,8.6,8.73,8.33,1562,1334733.09,4.78,2.87,0.24,0.48
442,2008-06-25,8.75,8.94,8.98,8.61,4089,3623038.62,4.3,3.95,0.34,1.25
443,2008-06-26,9.0,9.09,9.25,8.87,4033,3652692.78,4.25,1.68,0.15,1.23
444,2008-06-27,8.93,8.18,8.93,8.18,3395,2842413.35,8.25,-10.01,-0.91,1.04
445,2008-06-30,8.04,8.2,8.22,7.99,2435,1970956.4,2.81,0.24,0.02,0.74
446,2008-07-01,8.13,8.09,8.22,8.0,1121,906325.0,2.68,-1.34,-0.11,0.34
447,2008-07-02,8.18,8.19,8.3,8.01,1436,1175991.2,3.58,1.24,0.1,0.44
448,2008-07-03,8.19,8.53,8.6,7.88,3051,2554618.2,8.79,4.15,0.34,0.93
449,2008-07-04,8.45,8.58,8.64,8.45,1559,1330044.13,2.23,0.59,0.05,0.48
450,2008-07-07,8.64,9.09,9.18,8.55,3578,3231012.51,7.34,5.94,0.51,1.09
451,2008-07-08,9.09,9.1,9.29,8.8,4357,3934513.87,5.39,0.11,0.01,1.33
452,2008-07-09,9.11,9.63,9.68,9.11,5905,5542069.93,6.26,5.82,0.53,1.8
453,2008-07-15,9.98,9.06,9.98,8.99,4360,4024102.42,10.28,-5.92,-0.57,1.33
454,2008-07-16,8.9,8.74,9.06,8.43,2036,1759155.06,6.95,-3.53,-0.32,0.62
455,2008-07-17,9.0,8.77,9.0,8.49,4050,3491183.44,5.84,0.34,0.03,1.24
456,2008-07-18,8.94,8.82,8.94,8.31,2454,2105456.5,7.18,0.57,0.05,0.75
457,2008-07-21,9.0,9.4,9.5,8.9,4630,4247900.86,6.8,6.58,0.58,1.42
458,2008-07-22,9.3,9.47,9.58,9.3,4057,3810588.7,2.98,0.74,0.07,1.24
459,2008-07-23,9.47,9.28,9.54,9.21,2429,2279089.41,3.48,-2.01,-0.19,0.74
460,2008-07-24,9.28,9.43,9.5,9.26,2972,2792210.52,2.59,1.62,0.15,0.91
461,2008-07-25,9.42,9.71,9.75,9.14,6504,6197967.16,6.47,2.97,0.28,1.99
462,2008-07-28,9.8,9.93,9.97,9.61,6276,6181975.59,3.71,2.27,0.22,1.92
463,2008-07-29,9.8,9.92,9.95,9.65,7031,6896888.11,3.02,-0.1,-0.01,2.15
464,2008-07-30,10.02,9.68,10.11,9.63,2578,2538489.4,4.84,-2.42,-0.24,0.79
465,2008-07-31,9.96,9.57,9.96,9.48,2177,2093050.0,4.96,-1.14,-0.11,0.67
466,2008-08-01,9.57,9.63,9.68,9.11,2567,2424669.05,5.96,0.63,0.06,0.78
467,2008-08-04,9.68,9.28,9.68,9.28,1484,1404756.31,4.15,-3.63,-0.35,0.45
468,2008-08-05,9.45,9.18,9.45,9.1,2212,2044037.0,3.77,-1.08,-0.1,0.68
469,2008-08-06,9.38,9.69,9.73,9.08,5761,5484271.66,7.08,5.56,0.51,1.76
470,2008-08-08,9.65,8.72,9.82,8.72,5273,4964040.53,11.35,-10.01,-0.97,1.61
471,2008-08-11,8.7,7.85,8.7,7.85,4139,3333118.5,9.75,-9.98,-0.87,1.26
472,2008-08-12,7.85,7.64,7.85,7.35,2537,1920817.82,6.37,-2.68,-0.21,0.78
473,2008-08-13,7.52,7.62,7.73,7.25,1855,1374109.5,6.28,-0.26,-0.02,0.57
474,2008-08-14,7.62,7.66,7.77,7.46,1836,1396847.2,4.07,0.52,0.04,0.56
475,2008-08-15,7.56,7.65,7.78,7.5,1218,935344.7,3.66,-0.13,-0.01,0.37
476,2008-08-18,7.7,7.05,7.88,7.02,2455,1815691.9,11.24,-7.84,-0.6,0.75
477,2008-08-19,7.23,7.2,7.23,7.0,1218,870439.03,3.26,2.13,0.15,0.37
478,2008-08-20,7.13,7.78,7.8,7.05,3629,2758224.32,10.42,8.06,0.58,1.11
479,2008-08-21,7.6,7.39,7.74,7.38,2792,2107202.83,4.63,-5.01,-0.39,0.85
480,2008-08-22,7.31,7.48,7.48,7.15,1892,1383372.03,4.47,1.22,0.09,0.58
481,2008-08-25,7.58,8.1,8.18,7.39,6233,4860957.5,10.56,8.29,0.62,1.9
482,2008-08-26,7.92,7.68,8.07,7.36,7466,5851307.36,8.77,-5.19,-0.42,2.28
483,2008-08-27,7.66,7.37,7.76,7.25,2262,1682841.5,6.64,-4.04,-0.31,0.69
484,2008-08-28,7.36,7.4,7.47,7.3,2279,1678421.58,2.31,0.41,0.03,0.7
485,2008-08-29,7.43,7.65,7.68,7.4,2666,2012531.77,3.78,3.38,0.25,0.81
486,2008-09-01,7.58,7.39,7.59,7.28,1989,1468945.23,4.05,-3.4,-0.26,0.61
487,2008-09-02,7.39,7.49,7.55,7.2,924,684552.0,4.74,1.35,0.1,0.28
488,2008-09-03,7.31,7.42,7.54,7.29,1318,972380.9,3.34,-0.93,-0.07,0.4
489,2008-09-04,7.58,7.49,7.58,7.33,1275,953469.38,3.37,0.94,0.07,0.39
490,2008-09-05,7.4,7.18,7.4,7.05,1917,1386034.1,4.67,-4.14,-0.31,0.59
491,2008-09-08,7.29,6.8,7.32,6.68,2371,1630823.05,8.91,-5.29,-0.38,0.72
492,2008-09-09,6.87,6.83,6.87,6.7,1738,1176369.23,2.5,0.44,0.03,0.53
493,2008-09-10,6.7,6.84,6.98,6.56,1536,1051636.0,6.15,0.15,0.01,0.47
494,2008-09-11,6.74,6.61,6.89,6.6,1551,1038995.0,4.24,-3.36,-0.23,0.47
495,2008-09-12,6.69,6.69,6.85,6.65,851,571865.7,3.03,1.21,0.08,0.26
496,2008-09-16,6.7,6.48,6.75,6.42,1512,991868.45,4.93,-3.14,-0.21,0.46
497,2008-09-17,6.44,6.36,6.55,6.31,1379,881730.1,3.7,-1.85,-0.12,0.42
498,2008-09-18,6.39,6.26,6.39,5.88,2353,1437819.61,8.02,-1.57,-0.1,0.72
499,2008-09-19,6.89,6.89,6.89,6.62,2831,1943841.47,4.31,10.06,0.63,0.87
500,2008-09-22,7.55,7.14,7.55,6.92,4202,3049569.29,9.14,3.63,0.25,1.28
501,2008-09-23,6.87,6.73,6.96,6.6,2352,1579249.31,5.04,-5.74,-0.41,0.72
502,2008-09-24,6.6,6.83,7.0,6.46,2185,1449315.24,8.02,1.49,0.1,0.67
503,2008-09-25,6.94,6.92,7.0,6.85,2374,1645340.12,2.2,1.32,0.09,0.73
504,2008-09-26,7.5,6.99,7.5,6.75,2698,1890154.14,10.84,1.01,0.07,0.82
505,2008-10-06,6.86,6.54,6.86,6.45,1513,1000069.17,5.87,-6.44,-0.45,0.46
506,2008-10-07,6.84,6.62,6.84,6.48,1515,1005198.03,5.5,1.22,0.08,0.46
507,2008-10-08,6.57,6.35,6.57,6.23,1294,821787.51,5.14,-4.08,-0.27,0.4
508,2008-10-09,6.39,6.34,6.6,6.12,952,604380.0,7.56,-0.16,-0.01,0.29
509,2008-10-10,6.15,5.94,6.2,5.72,1594,942103.0,7.57,-6.31,-0.4,0.49
510,2008-10-13,5.8,6.09,6.15,5.43,3090,1780278.5,12.12,2.53,0.15,0.94
511,2008-10-14,6.18,5.88,6.33,5.88,1531,933341.64,7.39,-3.45,-0.21,0.47
512,2008-10-15,5.88,5.88,5.94,5.8,701,411932.78,2.38,0.0,0.0,0.21
513,2008-10-16,5.75,5.55,5.78,5.45,1207,682846.0,5.61,-5.61,-0.33,0.37
514,2008-10-17,5.71,5.67,5.74,5.57,1104,625541.0,3.06,2.16,0.12,0.34
515,2008-10-20,5.66,6.24,6.24,5.66,3194,1909141.65,10.23,10.05,0.57,0.98
516,2008-10-21,6.25,6.17,6.43,6.08,3802,2400802.32,5.61,-1.12,-0.07,1.16
517,2008-10-22,6.02,5.9,6.15,5.82,1238,737109.4,5.35,-4.38,-0.27,0.38
518,2008-10-23,5.85,6.02,6.17,5.7,1243,737459.12,7.97,2.03,0.12,0.38
519,2008-10-24,6.0,5.95,6.16,5.8,1395,829594.75,5.98,-1.16,-0.07,0.43
520,2008-10-27,5.98,5.63,6.13,5.6,2310,1359428.13,8.91,-5.38,-0.32,0.71
521,2008-10-28,5.63,5.89,5.89,5.63,1579,913486.7,4.62,4.62,0.26,0.48
522,2008-10-29,6.05,5.89,6.05,5.82,1427,846811.37,3.9,0.0,0.0,0.44
523,2008-10-30,6.06,6.0,6.06,5.88,1183,709206.7,3.06,1.87,0.11,0.36
524,2008-10-31,5.94,5.95,6.0,5.8,730,430857.9,3.33,-0.83,-0.05,0.22
525,2008-11-03,5.95,5.86,5.95,5.77,1098,640167.1,3.03,-1.51,-0.09,0.34
526,2008-11-04,5.85,5.8,5.86,5.65,1199,687425.4,3.58,-1.02,-0.06,0.37
527,2008-11-05,5.73,6.0,6.03,5.73,2031,1209181.67,5.17,3.45,0.2,0.62
528,2008-11-06,5.93,5.86,5.93,5.74,877,509887.0,3.17,-2.33,-0.14,0.27
529,2008-11-07,6.04,6.45,6.45,5.91,17671,11257013.55,9.22,10.07,0.59,5.4
530,2008-11-10,6.78,6.97,7.1,6.65,23559,16100375.88,6.98,8.06,0.52,7.2
531,2008-11-11,6.8,6.74,7.02,6.68,18610,12673507.48,4.88,-3.3,-0.23,5.69
532,2008-11-12,6.61,6.77,6.85,6.51,11654,7777938.06,5.04,0.45,0.03,3.56
533,2008-11-13,6.66,7.0,7.09,6.56,16255,11250048.68,7.83,3.4,0.23,4.97
534,2008-11-17,7.69,7.42,7.69,7.2,20649,15284645.15,7.0,6.0,0.42,6.31
535,2008-11-18,7.34,6.95,7.85,6.86,16052,11926664.93,13.34,-6.33,-0.47,4.91
536,2008-11-19,6.93,7.38,7.59,6.8,11135,7939132.52,11.37,6.19,0.43,3.4
537,2008-11-20,7.22,7.13,7.47,7.01,11004,7945600.44,6.23,-3.39,-0.25,3.36
538,2008-11-21,6.9,6.93,7.1,6.59,8457,5792107.28,7.15,-2.81,-0.2,2.58
539,2008-11-24,6.93,6.74,6.96,6.68,3402,2320650.31,4.04,-2.74,-0.19,1.04
540,2008-11-25,6.94,6.92,6.98,6.67,3373,2297504.97,4.6,2.67,0.18,1.03
541,2008-11-26,6.93,6.96,7.06,6.83,3454,2407195.96,3.32,0.58,0.04,1.06
542,2008-11-27,7.38,7.02,7.5,7.0,8016,5772200.72,7.18,0.86,0.06,2.45
543,2008-11-28,7.1,6.89,7.13,6.81,3340,2334286.02,4.56,-1.85,-0.13,1.02
544,2008-12-01,6.89,7.28,7.32,6.8,6502,4664143.65,7.55,5.66,0.39,1.99
545,2008-12-02,7.12,7.38,7.46,7.08,8818,6450269.79,5.22,1.37,0.1,2.69
546,2008-12-03,7.48,7.6,7.7,7.35,9102,6909091.36,4.74,2.98,0.22,2.78
547,2008-12-04,7.69,7.41,7.84,7.4,10989,8404471.62,5.79,-2.5,-0.19,3.36
548,2008-12-05,7.3,7.78,7.8,7.3,7658,5809794.68,6.75,4.99,0.37,2.34
549,2008-12-08,7.85,8.33,8.36,7.85,15483,12454461.74,6.56,7.07,0.55,4.73
550,2008-12-09,8.18,8.1,8.5,8.08,10647,8768948.39,5.04,-2.76,-0.23,3.25
551,2008-12-10,7.9,8.81,8.88,7.9,16478,13777784.59,12.1,8.77,0.71,5.04
552,2008-12-11,8.6,8.31,8.8,8.21,13324,11263315.62,6.7,-5.68,-0.5,4.07
553,2008-12-12,8.31,7.68,8.5,7.5,11797,9393058.71,12.03,-7.58,-0.63,3.61
554,2008-12-15,7.75,7.77,7.88,7.6,4943,3828424.49,3.65,1.17,0.09,1.51
555,2008-12-16,7.77,8.02,8.04,7.33,7893,6092524.51,9.14,3.22,0.25,2.41
556,2008-12-17,8.1,8.0,8.19,7.85,14755,11858371.44,4.24,-0.25,-0.02,4.51
557,2008-12-18,7.98,7.96,8.08,7.65,9660,7577747.46,5.38,-0.5,-0.04,2.95
558,2008-12-19,7.98,8.2,8.28,7.91,13357,10908199.14,4.65,3.02,0.24,4.08
559,2008-12-22,8.24,9.02,9.02,8.13,40629,35604623.36,10.85,10.0,0.82,12.42
560,2008-12-23,9.0,8.9,9.54,8.9,46554,43193432.42,7.1,-1.33,-0.12,13.49
561,2008-12-24,8.64,8.32,8.65,8.2,18446,15501669.8,5.06,-6.52,-0.58,5.34
562,2008-12-25,8.3,8.4,8.61,8.1,18881,15893121.99,6.13,0.96,0.08,5.47
563,2008-12-26,8.4,8.38,8.56,8.17,15951,13374982.54,4.64,-0.24,-0.02,4.62
564,2008-12-29,8.28,7.9,8.42,7.78,12158,9677620.3,7.64,-5.73,-0.48,3.52
565,2008-12-30,7.9,7.95,8.14,7.82,9467,7579362.53,4.05,0.63,0.05,2.74
566,2008-12-31,7.96,7.97,8.18,7.88,7876,6347047.19,3.77,0.25,0.02,2.28
567,2009-01-05,8.08,8.32,8.32,8.0,11362,9305184.53,4.02,4.39,0.35,3.29
568,2009-01-06,8.3,8.86,8.98,8.24,18194,15487657.2,8.89,6.49,0.54,5.27
569,2009-01-07,8.75,8.6,8.83,8.55,14825,12889233.58,3.16,-2.93,-0.26,4.29
570,2009-01-08,8.41,8.34,8.59,8.32,10342,8708031.43,3.14,-3.02,-0.26,3.0
571,2009-01-09,8.4,8.78,8.85,8.4,15112,13133393.03,5.4,5.28,0.44,4.38
572,2009-01-12,8.77,8.87,9.27,8.77,17662,15993242.07,5.69,1.03,0.09,5.12
573,2009-01-13,8.8,8.5,8.91,8.38,11533,9951608.54,5.98,-4.17,-0.37,3.34
574,2009-01-14,8.6,8.87,8.9,8.41,9623,8423303.32,5.76,4.35,0.37,2.79
575,2009-01-15,8.77,8.92,9.04,8.73,11123,9918542.8,3.49,0.56,0.05,3.22
576,2009-01-16,8.9,8.72,9.13,8.69,14584,12964081.55,4.93,-2.24,-0.2,4.22
577,2009-01-19,8.76,8.57,8.85,8.47,10486,8999763.82,4.36,-1.72,-0.15,3.04
578,2009-01-20,8.51,8.78,8.8,8.51,5851,5062454.14,3.38,2.45,0.21,1.69
579,2009-01-21,8.7,8.66,8.87,8.5,7479,6527434.31,4.21,-1.37,-0.12,2.17
580,2009-01-22,8.78,8.9,8.9,8.58,8700,7609165.7,3.7,2.77,0.24,2.52
581,2009-01-23,9.17,8.91,9.18,8.9,16980,15349393.68,3.15,0.11,0.01,4.92
582,2009-02-02,8.88,9.11,9.16,8.81,9056,8205190.79,3.93,2.24,0.2,2.62
583,2009-02-03,9.11,9.19,9.2,9.02,12725,11638343.27,1.98,0.88,0.08,3.69
584,2009-02-04,9.2,9.25,9.25,9.09,15673,14380684.12,1.74,0.65,0.06,4.54
585,2009-02-05,9.26,9.08,9.4,9.03,13633,12612806.81,4.0,-1.84,-0.17,3.95
586,2009-02-06,9.1,9.41,9.49,9.1,13246,12390093.03,4.3,3.63,0.33,3.84
587,2009-02-09,9.5,9.68,9.8,9.42,13923,13385921.08,4.04,2.87,0.27,4.03
588,2009-02-10,9.68,9.75,9.8,9.41,13010,12508589.87,4.03,0.72,0.07,3.77
589,2009-02-11,9.69,10.1,10.6,9.58,21146,21361465.82,10.46,3.59,0.35,6.13
590,2009-02-12,10.0,10.23,10.35,9.63,13398,13321607.03,7.13,1.29,0.13,3.88
591,2009-02-13,10.2,10.48,10.58,10.15,17331,17891979.72,4.2,2.44,0.25,5.02
592,2009-02-16,10.44,10.49,10.79,10.3,14245,14953122.4,4.68,0.1,0.01,4.13
593,2009-02-17,10.42,9.98,10.49,9.98,14229,14468040.93,4.86,-4.86,-0.51,4.12
594,2009-02-18,9.76,9.49,9.88,9.44,15830,15267457.18,4.41,-4.91,-0.49,4.59
595,2009-02-19,9.61,10.44,10.44,9.51,18936,19266878.31,9.8,10.01,0.95,5.49
596,2009-02-20,10.76,10.95,11.15,10.55,44580,48298158.26,5.75,4.89,0.51,12.91
597,2009-02-23,10.5,11.09,11.4,10.23,34339,37175284.59,10.68,1.28,0.14,9.63
598,2009-02-24,10.85,10.35,11.04,10.31,22750,24182246.63,6.58,-6.67,-0.74,6.38
599,2009-02-25,10.58,10.55,10.64,10.02,13073,13512627.69,5.99,1.93,0.2,3.66
600,2009-02-26,10.52,9.67,10.69,9.55,12085,12323452.9,10.81,-8.34,-0.88,3.39
601,2009-02-27,9.56,8.76,9.84,8.7,13614,12256813.58,11.79,-9.41,-0.91,3.82
602,2009-03-02,8.66,9.04,9.15,8.42,13116,11830936.56,8.33,3.2,0.28,3.68
603,2009-03-03,8.87,9.1,9.23,8.74,12618,11455331.0,5.42,0.66,0.06,3.54
604,2009-03-04,9.08,9.62,9.68,9.08,13776,13051421.8,6.59,5.71,0.52,3.86
605,2009-03-05,9.7,10.58,10.58,9.57,43302,44076456.43,10.5,9.98,0.96,12.14
606,2009-03-06,10.3,10.38,10.8,10.15,28853,30108140.45,6.14,-1.89,-0.2,8.09
607,2009-03-09,10.13,9.5,10.53,9.34,20315,20208026.35,11.46,-8.48,-0.88,5.69
608,2009-03-10,9.47,9.88,9.99,9.37,11588,11254193.33,6.53,4.0,0.38,3.25
609,2009-03-11,10.1,9.88,10.2,9.85,13028,13067973.04,3.54,0.0,0.0,3.65
610,2009-03-12,9.94,9.8,9.97,9.5,10425,10116942.82,4.76,-0.81,-0.08,2.92
611,2009-03-16,9.78,9.81,9.99,9.53,9231,9043922.8,4.69,0.1,0.01,2.59
612,2009-03-17,9.8,10.23,10.25,9.8,14879,15077024.7,4.59,4.28,0.42,4.17
613,2009-03-19,10.88,10.49,10.88,10.38,30380,32136856.29,4.89,2.54,0.26,8.52
614,2009-03-20,10.5,10.65,10.76,10.25,23903,25062921.79,4.86,1.53,0.16,6.7
615,2009-03-23,10.57,10.53,10.68,10.45,20127,21251161.1,2.16,-1.13,-0.12,5.64
616,2009-03-24,10.7,10.58,10.7,10.4,13776,14562805.72,2.85,0.47,0.05,3.86
617,2009-03-25,10.58,10.18,10.58,10.18,11547,11978897.26,3.78,-3.78,-0.4,3.24
618,2009-03-26,10.1,10.4,10.4,10.03,9834,10049222.44,3.63,2.16,0.22,2.76
619,2009-03-27,10.48,11.15,11.41,10.36,41836,45741599.87,10.1,7.21,0.75,11.73
620,2009-03-30,11.11,11.0,11.27,10.96,21821,24293831.63,2.78,-1.35,-0.15,6.12
621,2009-03-31,10.69,11.22,11.37,10.63,15717,17408033.33,6.73,2.0,0.22,4.41
622,2009-04-01,11.28,11.32,11.56,11.1,20967,23895499.2,4.1,0.89,0.1,5.88
623,2009-04-02,11.36,12.45,12.45,11.36,29372,35980087.04,9.63,9.98,1.13,8.23
624,2009-04-03,12.5,12.0,12.59,11.8,25476,30962186.71,6.35,-3.61,-0.45,7.14
625,2009-04-07,12.0,12.2,12.22,11.82,13017,15726469.03,3.33,1.67,0.2,3.65
626,2009-04-08,12.05,12.3,13.2,12.05,31151,39578210.81,9.43,0.82,0.1,8.73
627,2009-04-09,12.45,12.97,13.15,12.38,23736,30477248.41,6.26,5.45,0.67,6.65
628,2009-04-10,13.28,13.5,13.95,12.68,34805,45827262.41,9.79,4.09,0.53,9.76
629,2009-04-13,13.5,13.33,13.87,13.15,27712,37146849.14,5.33,-1.26,-0.17,7.77
630,2009-04-14,13.29,13.38,13.6,13.14,17333,23274704.62,3.45,0.38,0.05,4.86
631,2009-04-15,13.37,13.51,13.79,13.1,16143,21672876.61,5.16,0.97,0.13,4.53
632,2009-04-16,13.42,14.6,14.74,13.4,35475,49869531.03,9.92,8.07,1.09,9.94
633,2009-04-17,14.33,14.7,15.0,13.95,28551,41164754.74,7.19,0.68,0.1,8.0
634,2009-04-20,14.6,14.6,14.75,14.36,30384,44130430.76,2.65,-0.68,-0.1,8.52
635,2009-04-21,14.59,13.55,14.59,13.14,47798,65725931.71,9.93,-7.19,-1.05,13.4
636,2009-04-22,13.91,12.95,13.91,12.56,24961,32968987.92,9.96,-4.43,-0.6,7.0
637,2009-04-23,12.99,13.28,13.28,12.72,10937,14253446.22,4.32,2.55,0.33,3.07
638,2009-04-24,13.3,13.23,13.64,13.06,13434,17985411.75,4.37,-0.38,-0.05,3.77
639,2009-04-27,12.98,12.53,13.38,12.48,8668,11112139.6,6.8,-5.29,-0.7,2.43
640,2009-04-28,12.03,12.52,12.6,12.03,6550,8131416.74,4.55,-0.08,-0.01,1.84
641,2009-04-29,12.38,12.91,13.0,12.38,8678,11117748.95,4.95,3.12,0.39,2.43
642,2009-04-30,12.91,13.33,13.6,12.91,12549,16742454.93,5.34,3.25,0.42,3.52
643,2009-05-04,13.46,13.67,13.8,13.36,9279,12615895.8,3.3,2.55,0.34,2.6
644,2009-05-05,13.91,13.69,13.99,13.53,9509,13033229.53,3.37,0.15,0.02,2.67
645,2009-05-06,13.61,13.93,14.09,13.4,14805,20527828.14,5.04,1.75,0.24,4.15
646,2009-05-07,13.92,13.42,14.08,13.18,11880,16127598.89,6.46,-3.66,-0.51,3.33
647,2009-05-08,13.38,13.88,14.18,13.2,19442,27017560.33,7.3,3.43,0.46,5.45
648,2009-05-11,14.02,13.42,14.25,13.41,15813,22039264.08,6.05,-3.31,-0.46,4.43
649,2009-05-12,13.3,13.57,13.6,13.3,5615,7539645.45,2.24,1.12,0.15,1.57
650,2009-05-13,13.54,13.69,13.98,13.5,8394,11562461.36,3.54,0.88,0.12,2.35
651,2009-05-14,13.62,13.38,13.67,13.29,8635,11604352.98,2.78,-2.26,-0.31,2.42
652,2009-05-15,13.45,13.45,13.57,13.35,4484,6029443.35,1.64,0.52,0.07,1.26
653,2009-05-18,13.45,13.45,13.57,13.0,5623,7520979.78,4.24,0.0,0.0,1.58
654,2009-05-19,13.55,13.94,14.0,13.53,12879,17845148.78,3.49,3.64,0.49,3.61
655,2009-05-20,13.98,14.49,14.59,13.8,27565,39633041.78,5.67,3.95,0.55,7.73
656,2009-05-21,14.6,14.99,15.8,14.6,56260,85002311.02,8.28,3.45,0.5,15.77
657,2009-05-22,15.6,15.23,15.7,14.72,39959,60700683.57,6.54,1.6,0.24,11.2
658,2009-05-25,14.48,14.06,14.88,13.74,30983,43722662.4,7.49,-7.68,-1.17,8.69
659,2009-05-26,13.98,13.94,14.55,13.64,20553,28780362.13,6.47,-0.85,-0.12,5.76
660,2009-05-27,13.95,13.67,14.07,13.57,11754,16142940.77,3.59,-1.94,-0.27,3.3
661,2009-06-01,13.72,13.85,13.96,13.69,12004,16578425.74,1.98,1.32,0.18,3.36
662,2009-06-02,13.97,13.74,13.98,13.7,11615,16020052.13,2.02,-0.79,-0.11,3.26
663,2009-06-03,13.8,13.76,13.85,13.49,15609,21259716.2,2.62,0.15,0.02,4.38
664,2009-06-04,13.75,14.52,14.77,13.52,25550,36030265.94,9.08,5.52,0.76,7.16
665,2009-06-05,14.48,13.84,14.52,13.76,16269,23018006.34,5.23,-4.68,-0.68,4.56
666,2009-06-08,13.84,13.62,14.08,13.57,9700,13353655.42,3.68,-1.59,-0.22,2.72
667,2009-06-09,13.6,13.92,14.08,13.58,7330,10127974.45,3.67,2.2,0.3,2.05
668,2009-06-10,13.94,13.86,13.94,13.72,4930,6822154.41,1.58,-0.43,-0.06,1.38
669,2009-06-11,14.0,13.94,14.18,13.86,11558,16242346.89,2.31,0.58,0.08,3.24
670,2009-06-12,13.95,13.59,14.12,13.39,8386,11520283.71,5.24,-2.51,-0.35,2.35
671,2009-06-15,13.48,13.72,13.76,13.46,4678,6344536.34,2.21,0.96,0.13,1.31
672,2009-06-16,13.67,13.75,13.93,13.4,4477,6111344.75,3.86,0.22,0.03,1.26
673,2009-06-17,13.6,13.77,13.85,13.5,5990,8232571.37,2.55,0.15,0.02,1.68
674,2009-06-18,13.78,13.82,13.99,13.74,8528,11837856.98,1.82,0.36,0.05,2.39
675,2009-06-19,13.78,14.0,14.18,13.75,11144,15591123.05,3.11,1.3,0.18,3.12
676,2009-06-22,14.03,13.96,14.35,13.91,12429,17541020.84,3.14,-0.29,-0.04,3.48
677,2009-06-24,13.95,13.83,14.1,13.7,7757,10702644.08,2.87,-0.93,-0.13,2.17
678,2009-06-25,13.85,13.8,14.0,13.74,8097,11218928.31,1.88,-0.22,-0.03,2.27
679,2009-06-26,13.82,13.83,13.96,13.64,8443,11624236.89,2.32,0.22,0.03,2.37
680,2009-06-29,13.83,13.84,13.93,13.74,6898,9537353.81,1.37,0.07,0.01,1.93
681,2009-06-30,13.86,14.48,14.6,13.65,29320,41580392.03,6.86,4.62,0.64,8.22
682,2009-07-01,14.32,14.85,15.2,14.16,49049,72293593.83,7.18,2.56,0.37,13.75
683,2009-07-02,14.61,14.44,14.69,14.3,20076,28974153.85,2.63,-2.76,-0.41,5.63
684,2009-07-03,14.25,14.06,14.4,14.0,13358,18863917.14,2.77,-2.63,-0.38,3.74
685,2009-07-06,14.0,13.98,14.2,13.96,10165,14279385.52,1.71,-0.57,-0.08,2.85
686,2009-07-07,13.98,14.18,14.28,13.83,12359,17346321.55,3.22,1.43,0.2,3.46
687,2009-07-08,14.1,14.2,14.28,14.05,6820,9646963.49,1.62,0.14,0.02,1.91
688,2009-07-09,14.15,14.5,14.58,14.08,13384,19257927.35,3.52,2.11,0.3,3.75
689,2009-07-10,14.52,14.53,14.72,14.32,14388,20806754.05,2.76,0.21,0.03,4.03
690,2009-07-13,14.5,15.28,15.5,14.43,34672,51912286.81,7.36,5.16,0.75,9.72
691,2009-07-14,15.36,15.15,15.58,14.86,53164,81139757.72,4.71,-0.85,-0.13,14.9
692,2009-07-15,15.05,14.83,15.05,14.72,27831,41308187.96,2.18,-2.11,-0.32,7.8
693,2009-07-16,14.75,14.83,15.09,14.75,17525,26155877.81,2.29,0.0,0.0,4.91
694,2009-07-17,14.69,14.89,14.97,14.69,12752,18945969.25,1.89,0.4,0.06,3.57
695,2009-07-20,14.89,14.89,15.07,14.85,18803,28133857.96,1.48,0.0,0.0,5.27
696,2009-07-21,14.9,14.86,15.35,14.81,22782,34320874.65,3.63,-0.2,-0.03,6.39
697,2009-07-22,14.88,14.95,15.09,14.8,13687,20439198.1,1.95,0.61,0.09,3.84
698,2009-07-23,14.98,14.65,15.08,14.52,17189,25176286.44,3.75,-2.01,-0.3,4.82
699,2009-07-24,14.61,14.42,14.74,14.2,13342,19330631.85,3.69,-1.57,-0.23,3.74
700,2009-07-27,14.43,15.21,15.39,14.38,20351,30254668.64,7.0,5.48,0.79,5.7
701,2009-07-28,15.2,15.34,15.67,14.92,46855,72116976.68,4.93,0.85,0.13,13.13
702,2009-07-29,15.33,14.18,15.33,13.81,21500,31490654.01,9.91,-7.56,-1.16,6.03
703,2009-07-30,14.18,13.96,14.38,13.56,11824,16564060.84,5.78,-1.55,-0.22,3.31
704,2009-07-31,14.05,14.29,14.33,14.0,9492,13505352.17,2.36,2.36,0.33,2.66
705,2009-08-03,14.3,14.57,14.6,14.2,9111,13171746.61,2.8,1.96,0.28,2.55
706,2009-08-04,14.69,14.97,14.97,14.1,15128,22131364.25,5.97,2.75,0.4,4.24
707,2009-08-05,14.97,15.38,15.8,14.8,52775,81489750.08,6.68,2.74,0.41,14.79
708,2009-08-06,15.01,15.1,15.38,14.9,19606,29612061.88,3.12,-1.82,-0.28,5.5
709,2009-08-07,15.25,14.4,15.25,14.32,12781,18951235.69,6.16,-4.64,-0.7,3.58
710,2009-08-10,14.39,14.6,14.9,14.39,11074,16184743.66,3.54,1.39,0.2,3.1
711,2009-08-11,14.85,14.62,14.86,14.5,6626,9703902.98,2.47,0.14,0.02,1.86
712,2009-08-12,14.62,13.86,14.75,13.82,7692,10950201.95,6.36,-5.2,-0.76,2.16
713,2009-08-13,13.86,13.84,14.05,13.67,5213,7221047.5,2.74,-0.14,-0.02,1.46
714,2009-08-14,13.86,12.83,14.06,12.8,7983,10724354.2,9.1,-7.3,-1.01,2.24
715,2009-08-17,12.67,11.9,12.8,11.7,8808,10717314.26,8.57,-7.25,-0.93,2.47
716,2009-08-18,11.86,12.42,12.44,11.86,8685,10617386.0,4.87,4.37,0.52,2.43
717,2009-08-19,12.42,11.9,12.48,11.78,6795,8242231.2,5.64,-4.19,-0.52,1.9
718,2009-08-20,11.82,12.45,12.46,11.82,5224,6402011.28,5.38,4.62,0.55,1.46
719,2009-08-21,12.45,12.79,12.93,12.4,8166,10413131.04,4.26,2.73,0.34,2.29
720,2009-08-24,12.8,12.87,13.1,12.5,6343,8150935.21,4.69,0.63,0.08,1.78
721,2009-08-25,12.87,12.5,12.87,12.18,5342,6652148.94,5.36,-2.87,-0.37,1.5
722,2009-08-26,12.49,13.5,13.5,12.31,10188,13360258.76,9.52,8.0,1.0,2.86
723,2009-08-27,13.9,14.15,14.44,13.89,26635,37804462.19,4.07,4.81,0.65,7.47
724,2009-08-28,13.98,13.56,13.98,13.53,8297,11331311.78,3.18,-4.17,-0.59,2.33
725,2009-08-31,13.2,12.22,13.5,12.21,7383,9412853.5,9.51,-9.88,-1.34,2.07
726,2009-09-01,12.2,11.98,12.5,11.85,5603,6769395.36,5.32,-1.96,-0.24,1.57
727,2009-09-02,11.9,12.25,12.25,11.84,3811,4619871.8,3.42,2.25,0.27,1.07
728,2009-09-03,12.22,12.8,13.09,12.22,6641,8505253.25,7.1,4.49,0.55,1.86
729,2009-09-04,12.92,13.03,13.12,12.78,6127,7959224.16,2.66,1.8,0.23,1.72
730,2009-09-07,13.36,12.99,13.39,12.91,7289,9580762.35,3.68,-0.31,-0.04,2.04
731,2009-09-08,12.73,13.07,13.13,12.73,5544,7183076.52,3.08,0.62,0.08,1.55
732,2009-09-09,13.1,14.3,14.3,12.78,14938,20072258.67,11.63,9.41,1.23,4.19
733,2009-09-10,13.91,14.15,14.6,13.81,33790,48033216.48,5.52,-1.05,-0.15,9.47
734,2009-09-11,13.88,13.95,14.2,13.73,14813,20722776.78,3.32,-1.41,-0.2,4.15
735,2009-09-14,13.91,14.17,14.38,13.81,12248,17268127.74,4.09,1.58,0.22,3.43
736,2009-09-15,14.22,14.16,14.3,14.01,7475,10588653.27,2.05,-0.07,-0.01,2.1
737,2009-09-16,14.16,13.96,14.25,13.71,7923,11070680.02,3.81,-1.41,-0.2,2.22
738,2009-09-17,13.94,14.33,14.56,13.94,15442,22062024.28,4.44,2.65,0.37,4.33
739,2009-09-18,14.35,13.78,14.6,13.75,19951,28657525.04,5.93,-3.84,-0.55,5.59
740,2009-09-21,13.78,13.93,14.04,13.2,8894,12050354.89,6.1,1.09,0.15,2.49
741,2009-09-22,14.03,13.89,14.44,13.85,10749,15226459.8,4.24,-0.29,-0.04,3.01
742,2009-09-23,13.88,13.9,14.2,13.73,10151,14216995.55,3.38,0.07,0.01,2.85
743,2009-09-24,13.8,13.31,13.83,13.0,7216,9643031.37,5.97,-4.24,-0.59,2.02
744,2009-09-25,13.16,13.2,13.48,13.08,3279,4347501.98,3.01,-0.83,-0.11,0.92
745,2009-09-28,13.3,12.23,13.35,12.14,8288,10546056.02,9.17,-7.35,-0.97,2.32
746,2009-09-29,12.25,11.94,12.43,11.87,4933,5956512.76,4.58,-2.37,-0.29,1.38
747,2009-09-30,12.17,12.28,12.5,12.03,6016,7336796.02,3.94,2.85,0.34,1.69
748,2009-10-09,12.39,12.79,12.83,12.24,4325,5461980.81,4.8,4.15,0.51,1.21
749,2009-10-12,12.74,12.85,12.93,12.7,4808,6154437.16,1.8,0.47,0.06,1.35
750,2009-10-13,12.85,13.2,13.39,12.76,6626,8670574.33,4.9,2.72,0.35,1.86
751,2009-10-14,13.29,13.22,13.49,13.19,7942,10586683.33,2.27,0.15,0.02,2.23
752,2009-10-15,14.22,13.47,14.22,13.37,7794,10576601.11,6.43,1.89,0.25,2.18
753,2009-10-16,13.35,13.39,13.65,13.17,4936,6582476.17,3.56,-0.59,-0.08,1.38
754,2009-10-19,13.45,13.63,13.63,13.24,5323,7196956.24,2.91,1.79,0.24,1.49
755,2009-10-20,13.63,14.14,14.18,13.63,15985,22382646.48,4.04,3.74,0.51,4.48
756,2009-10-21,14.14,13.83,14.32,13.77,10181,14306176.96,3.89,-2.19,-0.31,2.85
757,2009-10-22,13.8,14.23,14.3,13.7,11235,15853145.89,4.34,2.89,0.4,3.15
758,2009-10-23,14.3,14.26,14.3,14.05,13042,18513518.35,1.76,0.21,0.03,3.66
759,2009-10-26,14.27,14.3,14.35,14.06,12710,18049115.1,2.03,0.28,0.04,3.56
760,2009-10-27,14.25,13.65,14.25,13.65,7759,10802716.32,4.2,-4.55,-0.65,2.17
761,2009-10-28,13.65,13.95,13.98,13.57,5637,7777269.99,3.0,2.2,0.3,1.58
762,2009-10-29,14.2,14.0,14.25,13.8,10216,14376285.15,3.23,0.36,0.05,2.86
763,2009-10-30,14.34,14.07,14.34,14.04,9293,13201823.24,2.14,0.5,0.07,2.61
764,2009-11-02,13.8,14.57,14.58,13.67,28037,40329421.65,6.47,3.55,0.5,7.86
765,2009-11-03,14.5,14.98,15.25,14.38,33787,50238531.86,5.97,2.81,0.41,9.47
766,2009-11-04,14.95,14.93,15.05,14.77,19552,29153277.94,1.87,-0.33,-0.05,5.48
767,2009-11-05,14.92,15.07,15.18,14.77,17015,25434328.93,2.75,0.94,0.14,4.77
768,2009-11-06,15.07,15.08,15.35,14.98,17113,25936730.4,2.46,0.07,0.01,4.8
769,2009-11-09,15.09,14.93,15.23,14.7,14492,21579125.83,3.51,-0.99,-0.15,4.06
770,2009-11-10,14.98,14.9,15.05,14.86,11857,17731427.74,1.27,-0.2,-0.03,3.32
771,2009-11-11,14.91,15.08,15.13,14.78,11197,16792787.02,2.35,1.21,0.18,3.14
772,2009-11-12,15.09,14.98,15.37,14.87,17293,26174380.8,3.32,-0.66,-0.1,4.85
773,2009-11-13,14.89,15.19,15.22,14.86,11903,17910880.78,2.4,1.4,0.21,3.34
774,2009-11-16,15.22,15.55,15.82,15.22,20803,32360267.76,3.95,2.37,0.36,5.83
775,2009-11-17,15.6,15.77,15.8,15.33,14766,23065943.26,3.02,1.41,0.22,4.14
776,2009-11-18,16.18,16.22,16.29,15.82,23650,37950517.33,2.98,2.85,0.45,6.63
777,2009-11-19,16.22,16.27,16.46,16.0,19309,31311572.75,2.84,0.31,0.05,5.41
778,2009-11-20,16.15,16.5,16.86,16.15,15647,25869626.06,4.36,1.41,0.23,4.39
779,2009-11-23,16.5,16.6,16.85,16.35,13101,21686091.31,3.03,0.61,0.1,3.67
780,2009-11-24,16.64,16.59,17.56,16.18,33534,57087758.5,8.31,-0.06,-0.01,9.4
781,2009-11-25,16.38,17.58,17.58,16.33,31421,53630525.14,7.53,5.97,0.99,8.81
782,2009-11-26,18.0,17.43,18.18,17.3,31660,56254330.53,5.01,-0.85,-0.15,8.88
783,2009-11-27,17.35,16.55,17.43,16.3,18949,31930772.63,6.48,-5.05,-0.88,5.31
784,2009-12-01,17.75,18.21,18.21,17.37,16527,29684689.07,5.08,10.03,1.66,4.63
785,2009-12-02,18.81,18.77,19.2,18.5,46187,86961548.96,3.84,3.08,0.56,12.95
786,2009-12-03,18.57,20.15,20.65,18.5,65067,129194340.93,11.45,7.35,1.38,18.24
787,2009-12-04,19.8,19.1,20.33,18.62,41541,80546455.7,8.49,-5.21,-1.05,11.65
788,2009-12-07,19.08,20.0,20.02,19.08,19779,38499958.58,4.92,4.71,0.9,5.54
789,2009-12-08,20.0,20.5,21.05,19.6,24818,50836886.75,7.25,2.5,0.5,6.96
790,2009-12-09,20.35,20.02,20.84,19.85,13805,27990943.06,4.83,-2.34,-0.48,3.87
791,2009-12-10,19.98,20.0,20.25,19.5,10755,21257623.23,3.75,-0.1,-0.02,3.01
792,2009-12-11,20.05,19.8,20.08,19.55,7460,14742577.93,2.65,-1.0,-0.2,2.09
793,2009-12-14,19.5,18.9,19.71,18.78,16098,30657875.52,4.7,-4.55,-0.9,4.51
794,2009-12-15,18.89,19.3,19.4,18.64,11377,21655770.78,4.02,2.12,0.4,3.19
795,2009-12-16,19.2,19.78,20.0,19.1,13257,26111532.91,4.66,2.49,0.48,1.48
796,2009-12-17,19.78,19.64,20.8,19.5,11559,23126500.31,6.57,-0.71,-0.14,1.29
797,2009-12-18,19.12,19.64,19.68,18.8,8186,15724102.6,4.48,0.0,0.0,0.92
798,2009-12-21,19.39,19.4,19.64,19.11,6870,13299000.27,2.7,-1.22,-0.24,0.77
799,2009-12-22,19.4,18.45,19.48,18.05,6683,12495952.54,7.37,-4.9,-0.95,0.75
800,2009-12-23,18.23,18.9,18.98,18.23,7242,13479624.9,4.07,2.44,0.45,0.81
801,2009-12-24,18.95,19.43,19.84,18.75,9122,17668864.08,5.77,2.8,0.53,1.02
802,2009-12-25,19.6,19.65,19.83,19.36,9308,18307506.97,2.42,1.13,0.22,1.04
803,2009-12-28,19.68,20.05,20.39,19.42,10462,20874574.51,4.94,2.04,0.4,1.17
804,2009-12-29,20.14,19.8,20.14,19.58,5722,11325251.99,2.79,-1.25,-0.25,0.64
805,2009-12-30,19.73,19.53,19.99,19.45,9857,19418031.97,2.73,-1.36,-0.27,1.1
806,2009-12-31,19.64,19.31,19.64,18.91,11854,22826897.77,3.74,-1.13,-0.22,1.33
807,2010-01-04,19.48,19.17,19.48,19.06,7951,15268906.72,2.18,-0.73,-0.14,0.89
808,2010-01-05,19.46,19.25,19.68,19.16,18806,36491401.76,2.71,0.42,0.08,2.1
809,2010-01-06,19.25,19.7,19.8,18.53,25436,49160469.37,6.6,2.34,0.45,2.84
810,2010-01-07,19.5,18.99,19.8,18.97,12634,24483055.41,4.21,-3.6,-0.71,1.41
811,2010-01-08,19.05,19.03,19.13,18.66,12139,22911792.25,2.47,0.21,0.04,1.36
812,2010-01-11,19.13,18.79,19.25,18.73,10478,19833320.91,2.73,-1.26,-0.24,1.17
813,2010-01-12,18.76,19.65,19.88,18.7,25305,49224319.67,6.28,4.58,0.86,2.83
814,2010-01-13,19.57,19.33,19.57,18.9,18511,35644288.6,3.41,-1.63,-0.32,2.07
815,2010-01-14,19.3,19.86,19.98,19.22,16254,32170366.71,3.93,2.74,0.53,1.82
816,2010-01-15,19.9,20.55,20.83,19.9,23025,46945992.77,4.68,3.47,0.69,2.57
817,2010-01-18,20.6,20.53,20.94,20.27,16766,34482375.61,3.26,-0.1,-0.02,1.87
818,2010-01-19,20.63,20.7,20.8,20.34,14535,29934606.14,2.24,0.83,0.17,1.62
819,2010-01-20,20.78,19.6,20.79,19.3,15908,31845630.81,7.2,-5.31,-1.1,1.78
820,2010-01-21,19.4,19.3,19.79,18.9,8098,15666764.2,4.54,-1.53,-0.3,0.91
821,2010-01-22,18.88,18.83,19.28,18.5,6174,11630494.93,4.04,-2.44,-0.47,0.69
822,2010-01-25,18.83,18.66,18.94,18.6,3175,5955514.2,1.81,-0.9,-0.17,0.35
823,2010-01-26,18.6,17.98,18.81,17.6,9454,17032382.99,6.48,-3.64,-0.68,1.06
824,2010-01-27,17.86,18.16,18.52,17.63,6911,12517262.74,4.95,1.0,0.18,0.77
825,2010-01-28,18.0,18.26,18.53,17.9,7906,14464670.95,3.47,0.55,0.1,0.88
826,2010-01-29,18.12,17.95,18.65,17.95,5340,9795697.4,3.83,-1.7,-0.31,0.6
827,2010-02-01,18.0,16.16,18.1,16.16,18046,30181966.59,10.81,-9.97,-1.79,2.02
828,2010-02-02,16.25,15.89,16.25,15.66,15777,25143347.1,3.65,-1.67,-0.27,1.76
829,2010-02-03,15.88,16.27,16.3,14.82,23563,36275686.28,9.31,2.39,0.38,2.63
830,2010-02-04,15.8,16.25,16.68,15.79,10310,16806066.11,5.47,-0.12,-0.02,1.15
831,2010-02-05,16.0,16.27,16.5,15.63,5331,8636772.4,5.35,0.12,0.02,0.6
832,2010-02-08,16.38,16.25,16.68,16.03,4924,8065367.73,4.0,-0.12,-0.02,0.55
833,2010-02-09,16.28,15.62,16.3,15.54,6346,10069255.79,4.68,-3.88,-0.63,0.71
834,2010-02-10,15.65,15.83,16.06,15.4,4009,6270419.85,4.23,1.34,0.21,0.45
835,2010-02-11,15.9,15.8,15.95,15.7,3316,5238692.5,1.58,-0.19,-0.03,0.37
836,2010-02-12,15.99,15.97,15.99,15.7,5791,9181668.31,1.84,1.08,0.17,0.65
837,2010-02-22,15.96,16.2,16.47,15.94,4140,6733201.43,3.32,1.44,0.23,0.46
838,2010-02-23,16.12,16.32,16.35,15.9,4963,7980323.62,2.78,0.74,0.12,0.55
839,2010-02-24,16.27,16.83,16.86,16.27,7471,12402809.74,3.62,3.13,0.51,0.84
840,2010-02-25,16.84,17.1,17.24,16.83,7133,12164420.97,2.44,1.6,0.27,0.8
841,2010-02-26,17.19,17.21,17.48,17.01,6033,10422049.2,2.75,0.64,0.11,0.67
842,2010-03-01,17.29,17.49,17.68,17.12,5339,9271041.09,3.25,1.63,0.28,0.6
843,2010-03-02,17.49,17.8,17.89,17.21,7293,12891883.15,3.89,1.77,0.31,0.82
844,2010-03-03,17.75,17.78,17.99,17.5,6410,11354943.25,2.75,-0.11,-0.02,0.72
845,2010-03-04,17.75,16.94,17.9,16.86,6732,11759520.48,5.85,-4.72,-0.84,0.75
846,2010-03-05,16.98,16.78,17.3,16.7,10667,18198942.45,3.54,-0.94,-0.16,1.19
847,2010-03-08,17.0,17.08,17.28,16.71,5574,9505122.49,3.4,1.79,0.3,0.62
848,2010-03-09,17.07,18.21,18.76,16.9,20320,36529561.47,10.89,6.62,1.13,2.27
849,2010-03-10,18.11,17.84,18.75,17.65,17813,32439415.67,6.04,-2.03,-0.37,1.99
850,2010-03-11,17.83,17.4,18.07,17.3,10093,17674227.9,4.32,-2.47,-0.44,1.13
851,2010-03-12,17.02,17.48,17.48,16.72,20916,35693059.14,4.37,0.46,0.08,2.34
852,2010-03-15,17.25,17.59,17.7,17.06,11070,19329418.75,3.66,0.63,0.11,1.24
853,2010-03-16,17.52,18.13,18.2,17.49,13430,24182224.14,4.04,3.07,0.54,1.5
854,2010-03-17,18.19,18.3,18.56,18.0,20658,37916668.71,3.09,0.94,0.17,2.31
855,2010-03-18,18.49,18.42,18.64,18.1,11888,21881430.32,2.95,0.66,0.12,1.33
856,2010-03-19,18.4,18.74,18.84,18.4,10166,18976075.65,2.39,1.74,0.32,1.14
857,2010-03-22,18.67,18.7,19.0,18.52,9547,17839904.49,2.56,-0.21,-0.04,1.07
858,2010-03-23,18.6,18.12,18.6,18.04,12884,23453245.69,2.99,-3.1,-0.58,1.44
859,2010-03-24,18.09,18.23,18.46,18.09,7818,14265250.43,2.04,0.61,0.11,0.87
860,2010-03-25,18.3,18.83,18.92,18.02,16971,31596950.52,4.94,3.29,0.6,1.9
861,2010-03-26,18.83,18.84,19.0,18.56,8879,16691995.37,2.34,0.05,0.01,0.99
862,2010-03-29,18.78,18.5,18.97,18.4,8614,16039653.17,3.03,-1.8,-0.34,0.96
863,2010-03-30,18.59,18.98,18.99,18.31,14197,26662876.18,3.68,2.59,0.48,1.59
864,2010-03-31,18.98,19.08,19.24,18.9,9692,18491172.87,1.79,0.53,0.1,1.08
865,2010-04-01,19.12,18.98,19.2,18.92,9620,18299984.36,1.47,-0.52,-0.1,1.08
866,2010-04-02,19.07,19.02,19.15,18.73,7597,14436554.5,2.21,0.21,0.04,0.85
867,2010-04-06,18.8,19.4,19.58,18.8,16497,31844544.75,4.1,2.0,0.38,1.84
868,2010-04-07,19.18,19.38,19.55,19.18,11978,23220362.69,1.91,-0.1,-0.02,1.34
869,2010-04-08,19.26,19.82,20.09,19.05,18739,36940724.56,5.37,2.27,0.44,2.09
870,2010-04-09,19.81,19.96,20.0,19.62,8274,16429744.0,1.92,0.71,0.14,0.92
871,2010-04-12,20.18,20.16,20.36,19.7,11827,23778489.96,3.31,1.0,0.2,1.32
872,2010-04-13,20.11,19.55,20.4,18.73,14601,28709655.21,8.28,-3.03,-0.61,1.63
873,2010-04-14,19.55,19.4,19.56,19.06,5731,11115294.46,2.56,-0.77,-0.15,0.64
874,2010-04-15,19.26,18.61,19.78,18.45,14445,27334837.87,6.86,-4.07,-0.79,1.61
875,2010-04-16,18.9,19.09,19.13,18.7,12248,23284428.84,2.31,2.58,0.48,1.37
876,2010-04-19,18.23,18.61,19.16,18.23,6076,11424560.68,4.87,-2.51,-0.48,0.68
877,2010-04-20,18.5,19.07,19.09,18.35,6731,12659565.66,3.98,2.47,0.46,0.75
878,2010-04-21,19.07,19.42,19.6,18.8,9045,17434414.39,4.2,1.84,0.35,1.01
879,2010-04-22,19.37,19.99,20.35,18.88,31149,62373246.01,7.57,2.94,0.57,3.48
880,2010-04-23,19.99,20.2,20.49,19.89,17937,36262742.0,3.0,1.05,0.21,2.01
881,2010-04-27,20.0,20.93,21.55,19.8,53555,112074962.1,8.66,3.61,0.73,5.99
882,2010-04-28,20.53,18.93,20.55,18.84,27602,53258061.2,8.17,-9.56,-2.0,3.09
883,2010-04-29,19.0,17.73,19.1,17.5,15943,29204674.2,8.45,-6.34,-1.2,1.78
884,2010-04-30,17.52,17.1,17.6,16.91,8412,14370211.96,3.89,-3.55,-0.63,0.94
885,2010-05-04,16.82,17.04,17.16,16.6,5157,8764873.83,3.27,-0.35,-0.06,0.58
886,2010-05-05,17.21,17.54,17.67,17.06,5776,10041107.98,3.58,2.93,0.5,0.65
887,2010-05-06,17.71,17.69,18.23,17.5,10828,19361560.14,4.16,0.86,0.15,1.21
888,2010-05-07,17.05,17.43,17.76,16.88,7462,12933783.92,4.97,-1.47,-0.26,0.83
889,2010-05-10,17.1,16.63,17.65,16.38,5315,8950893.65,7.29,-4.59,-0.8,0.59
890,2010-05-11,16.96,16.53,17.2,16.48,3719,6213151.4,4.33,-0.6,-0.1,0.42
891,2010-05-12,16.3,15.14,16.3,14.9,8884,13664022.27,8.47,-8.41,-1.39,0.99
892,2010-05-13,15.28,15.28,15.3,14.54,10229,15322426.52,5.02,0.92,0.14,1.14
893,2010-05-14,15.28,15.11,15.46,15.07,8072,12300132.4,2.55,-1.11,-0.17,0.9
894,2010-05-17,15.01,13.6,15.17,13.6,14496,20336667.06,10.39,-9.99,-1.51,1.62
895,2010-05-18,13.6,13.8,13.83,12.8,5988,8007826.26,7.57,1.47,0.2,0.67
896,2010-05-19,13.52,13.82,14.07,13.36,4530,6249436.46,5.14,0.14,0.02,0.51
897,2010-05-20,13.62,13.4,13.83,13.38,4914,6684954.85,3.26,-3.04,-0.42,0.55
898,2010-05-21,13.0,13.42,13.58,12.9,6631,8833776.45,5.07,0.15,0.02,0.74
899,2010-05-24,13.55,14.76,14.76,13.55,17137,24667687.67,9.02,9.99,1.34,1.92
900,2010-05-25,14.79,14.7,14.9,14.33,16205,23586770.11,3.86,-0.41,-0.06,1.41
901,2010-05-26,14.65,14.72,15.08,14.4,11006,16330853.01,4.63,0.14,0.02,0.96
902,2010-05-27,14.55,15.0,15.22,14.55,15360,22954487.49,4.55,1.9,0.28,1.34
903,2010-05-28,15.15,15.05,15.26,14.85,10014,15071700.95,2.73,0.33,0.05,0.87
904,2010-05-31,14.98,14.45,15.11,14.45,10224,15121685.63,4.39,-3.99,-0.6,0.89
905,2010-06-01,14.18,13.7,14.42,13.51,13773,19193648.72,6.3,-5.19,-0.75,1.2
906,2010-06-02,13.61,14.22,14.28,13.5,15149,20964236.25,5.69,3.8,0.52,1.32
907,2010-06-03,14.37,14.19,14.7,14.11,17575,25538359.76,4.15,-0.21,-0.03,1.53
908,2010-06-04,13.95,14.05,14.25,13.85,11335,15932671.11,2.82,-0.99,-0.14,0.99
909,2010-06-07,13.63,14.1,14.19,13.63,13134,18392553.99,3.99,0.36,0.05,1.14
910,2010-06-08,14.21,14.48,14.58,13.98,30014,42588409.29,4.26,2.7,0.38,2.61
911,2010-06-09,14.55,15.08,15.08,14.28,53323,78136374.89,5.52,4.14,0.6,4.64
912,2010-06-10,14.89,14.83,15.3,14.77,29656,44296228.93,3.51,-1.66,-0.25,2.58
913,2010-06-11,14.83,14.52,15.06,14.46,28033,41108320.64,4.05,-2.09,-0.31,2.44
914,2010-06-17,14.67,14.65,14.86,14.47,15233,22306845.99,2.69,0.9,0.13,1.33
915,2010-06-18,14.64,13.82,14.65,13.75,19005,26903250.16,6.14,-5.67,-0.83,1.65
916,2010-06-21,13.72,14.12,14.18,13.5,17495,24184287.07,4.92,2.17,0.3,1.52
917,2010-06-22,14.16,14.47,14.58,13.98,16583,23803914.5,4.25,2.48,0.35,1.44
918,2010-06-23,14.4,14.19,14.45,14.04,10790,15349770.11,2.83,-1.94,-0.28,0.94
919,2010-06-24,14.2,14.05,14.25,13.95,10143,14254954.41,2.11,-0.99,-0.14,0.88
920,2010-06-25,13.88,13.52,14.0,13.45,11910,16253089.07,3.91,-3.77,-0.53,1.04
921,2010-06-28,13.65,13.2,13.67,13.1,9547,12778081.5,4.22,-2.37,-0.32,0.83
922,2010-06-29,13.23,11.92,13.34,11.9,21923,27646240.46,10.91,-9.7,-1.28,1.91
923,2010-06-30,11.96,12.11,12.15,11.72,12422,14816907.14,3.61,1.59,0.19,1.08
924,2010-07-01,12.11,11.97,12.17,11.72,6907,8269615.36,3.72,-1.16,-0.14,0.6
925,2010-07-02,12.0,11.58,12.0,10.97,12158,13895550.74,8.6,-3.26,-0.39,1.06
926,2010-07-05,11.25,11.4,11.55,11.17,5194,5883757.74,3.28,-1.55,-0.18,0.45
927,2010-07-06,11.39,11.7,11.79,11.39,7923,9232838.29,3.51,2.63,0.3,0.69
928,2010-07-07,11.76,12.11,12.18,11.67,12753,15176430.36,4.36,3.5,0.41,1.11
929,2010-07-08,12.01,11.95,12.25,11.89,7955,9589980.91,2.97,-1.32,-0.16,0.69
930,2010-07-09,11.95,12.35,12.37,11.9,13547,16550092.61,3.93,3.35,0.4,1.18
931,2010-07-12,12.3,12.5,12.5,12.3,12865,15947889.73,1.62,1.21,0.15,1.12
932,2010-07-13,12.46,12.18,12.49,12.0,9512,11577866.84,3.92,-2.56,-0.32,0.83
933,2010-07-14,12.25,12.33,12.5,12.21,9228,11422134.79,2.38,1.23,0.15,0.8
934,2010-07-15,12.28,11.98,12.4,11.87,7488,9096429.11,4.3,-2.84,-0.35,0.65
935,2010-07-16,11.85,12.11,12.3,11.78,6832,8172195.08,4.34,1.09,0.13,0.59
936,2010-07-19,12.01,12.45,12.47,12.01,11118,13708103.67,3.8,2.81,0.34,0.97
937,2010-07-20,12.46,12.95,12.99,12.46,14057,18086965.6,4.26,4.02,0.5,1.22
938,2010-07-21,12.99,12.95,13.28,12.89,14814,19331320.96,3.01,0.0,0.0,1.29
939,2010-07-22,12.97,13.13,13.19,12.83,13544,17670900.44,2.78,1.39,0.18,1.18
940,2010-07-23,13.18,13.63,13.66,12.98,38386,51503689.31,5.18,3.81,0.5,3.34
941,2010-07-26,13.66,13.53,13.72,13.33,38628,52375484.0,2.86,-0.73,-0.1,3.36
942,2010-07-27,13.43,13.3,13.57,13.2,23787,31789216.75,2.73,-1.7,-0.23,2.07
943,2010-07-28,13.26,13.5,13.56,13.13,22414,30062089.77,3.23,1.5,0.2,1.95
944,2010-07-29,13.55,13.73,13.74,13.47,20907,28470925.22,2.0,1.7,0.23,1.82
945,2010-07-30,13.72,13.57,13.72,13.41,14738,19941394.19,2.26,-1.17,-0.16,1.28
946,2010-08-02,13.65,14.03,14.15,13.6,21352,29698480.36,4.05,3.39,0.46,1.86
947,2010-08-03,14.03,13.71,14.06,13.71,17220,23889985.58,2.49,-2.28,-0.32,1.5
948,2010-08-04,13.8,13.64,13.87,13.32,20221,27368978.56,4.01,-0.51,-0.07,1.76
949,2010-08-05,13.6,13.66,13.82,13.52,14292,19560674.0,2.2,0.15,0.02,1.24
950,2010-08-06,13.66,13.96,13.96,13.46,18777,25831895.92,3.66,2.2,0.3,1.63
951,2010-08-09,14.0,14.29,14.46,13.97,24880,35317744.18,3.51,2.36,0.33,2.16
952,2010-08-10,14.28,13.65,14.49,13.64,23056,32507588.01,5.95,-4.48,-0.64,2.01
953,2010-08-11,13.85,13.8,13.99,13.6,12402,17102977.06,2.86,1.1,0.15,1.08
954,2010-08-12,13.61,13.72,13.96,13.53,12499,17223712.8,3.12,-0.58,-0.08,1.09
955,2010-08-13,13.72,14.57,14.7,13.72,38968,55530298.63,7.14,6.2,0.85,3.39
956,2010-08-16,14.5,14.66,14.74,14.32,33904,49335572.5,2.88,0.62,0.09,2.95
957,2010-08-17,14.6,14.7,14.8,14.52,20271,29684821.21,1.91,0.27,0.04,1.76
958,2010-08-18,14.7,14.92,15.04,14.55,27145,40218950.54,3.33,1.5,0.22,2.36
959,2010-08-19,15.0,14.69,15.0,14.55,26144,38549583.23,3.02,-1.54,-0.23,2.27
960,2010-08-20,14.65,14.2,14.68,14.18,22759,32806128.76,3.4,-3.34,-0.49,1.98
961,2010-08-23,14.16,14.28,14.46,14.16,13980,19951161.15,2.11,0.56,0.08,1.22
962,2010-08-24,14.3,14.47,14.55,14.15,14223,20472774.92,2.8,1.33,0.19,1.24
963,2010-08-25,14.38,13.82,14.46,13.81,17290,24448559.26,4.49,-4.49,-0.65,1.5
964,2010-08-26,13.98,13.96,13.99,13.77,12968,17997915.59,1.59,1.01,0.14,1.13
965,2010-08-27,13.9,14.0,14.06,13.81,12215,17030629.57,1.79,0.29,0.04,1.06
966,2010-08-30,14.15,15.4,15.4,14.1,74400,112557511.64,9.29,10.0,1.4,6.47
967,2010-08-31,15.4,16.14,16.25,15.31,84796,133328655.23,6.1,4.81,0.74,7.38
968,2010-09-01,16.1,15.82,16.58,15.6,57366,91914613.43,6.07,-1.98,-0.32,4.99
969,2010-09-02,15.81,16.65,17.15,15.81,56786,93652446.49,8.47,5.25,0.83,4.94
970,2010-09-03,16.52,16.54,16.9,16.23,36577,60828633.91,4.02,-0.66,-0.11,3.18
971,2010-09-06,16.6,16.02,16.75,15.69,38869,62435618.66,6.41,-3.14,-0.52,3.38
972,2010-09-07,15.87,16.39,16.39,15.55,24535,39126040.13,5.24,2.31,0.37,2.13
973,2010-09-08,16.3,16.81,16.9,16.16,30321,50447194.67,4.51,2.56,0.42,2.64
974,2010-09-09,16.81,16.51,16.98,16.3,28045,46621410.19,4.05,-1.78,-0.3,2.44
975,2010-09-10,16.51,17.06,17.3,16.25,34141,57454056.32,6.36,3.33,0.55,2.97
976,2010-09-13,17.1,17.11,17.73,17.0,37764,65626297.88,4.28,0.29,0.05,3.28
977,2010-09-14,17.16,17.0,17.49,16.96,24148,41400817.65,3.1,-0.64,-0.11,2.1
978,2010-09-15,17.08,16.35,17.08,16.25,19335,32138797.58,4.88,-3.82,-0.65,1.68
979,2010-09-16,16.3,15.73,16.54,15.58,22792,36167116.73,5.87,-3.79,-0.62,1.98
980,2010-09-17,15.72,16.0,16.2,15.5,16157,25703695.36,4.45,1.72,0.27,1.41
981,2010-09-20,16.0,16.15,16.26,15.87,11742,18888968.44,2.44,0.94,0.15,1.02
982,2010-09-21,16.16,16.49,16.73,16.09,15311,25253172.11,3.96,2.11,0.34,1.33
983,2010-09-27,16.56,17.19,17.23,16.23,19267,32451238.6,6.06,4.24,0.7,1.68
984,2010-09-28,17.18,16.96,17.31,16.88,16715,28483935.43,2.5,-1.34,-0.23,1.45
985,2010-09-29,16.96,16.36,17.0,16.21,13228,21996395.61,4.66,-3.54,-0.6,1.15
986,2010-09-30,16.14,16.51,16.58,16.14,7395,12183092.3,2.69,0.92,0.15,0.64
987,2010-10-08,16.68,16.77,17.05,16.61,15841,26648578.17,2.67,1.57,0.26,1.38
988,2010-10-11,16.77,16.49,16.94,16.23,25229,41599249.63,4.23,-1.67,-0.28,2.19
989,2010-10-12,16.49,16.56,16.58,16.26,15128,24816914.47,1.94,0.42,0.07,1.32
990,2010-10-13,16.66,16.65,16.88,16.16,25454,41936801.62,4.35,0.54,0.09,2.21
991,2010-10-14,16.65,15.78,16.71,15.76,17678,28575737.78,5.71,-5.23,-0.87,1.54
992,2010-10-15,15.77,15.51,16.15,15.42,16572,26084180.09,4.63,-1.71,-0.27,1.44
993,2010-10-18,15.48,14.7,15.48,14.7,20615,30830993.36,5.03,-5.22,-0.81,1.79
994,2010-10-19,14.68,15.29,15.44,14.68,18978,28772191.9,5.17,4.01,0.59,1.65
995,2010-10-20,15.0,15.42,15.55,14.88,13301,20388601.97,4.38,0.85,0.13,1.16
996,2010-10-21,15.5,15.49,15.7,15.32,12516,19440811.49,2.46,0.45,0.07,1.09
997,2010-10-22,15.4,15.88,15.98,15.33,13945,22003144.56,4.2,2.52,0.39,1.21
998,2010-10-25,15.88,16.54,16.59,15.75,27152,43889209.97,5.29,4.16,0.66,2.36
999,2010-10-26,16.53,16.39,16.53,16.16,16166,26397776.14,2.24,-0.91,-0.15,1.41
1000,2010-10-27,16.41,16.36,16.49,16.24,16582,27197447.67,1.53,-0.18,-0.03,1.44
1001,2010-10-28,16.32,15.98,16.39,15.8,18280,29320705.01,3.61,-2.32,-0.38,1.59
1002,2010-10-29,16.0,16.15,16.36,15.94,16774,27152042.19,2.63,1.06,0.17,1.46
1003,2010-11-01,16.19,16.8,16.8,16.09,34102,56705483.1,4.4,4.02,0.65,2.97
1004,2010-11-02,16.84,16.95,17.7,16.82,46706,80596723.52,5.24,0.89,0.15,4.06
1005,2010-11-03,17.06,16.35,17.1,16.35,24540,40839889.86,4.42,-3.54,-0.6,2.13
1006,2010-11-04,16.29,16.59,16.64,16.29,16984,27999279.06,2.14,1.47,0.24,1.48
1007,2010-11-05,16.67,16.63,16.8,16.42,33032,54764939.74,2.29,0.24,0.04,2.87
1008,2010-11-08,16.78,17.0,17.05,16.5,28709,48177280.05,3.31,2.22,0.37,2.5
1009,2010-11-09,17.01,17.26,17.26,16.69,33517,56803061.21,3.35,1.53,0.26,2.92
1010,2010-11-10,17.22,17.41,17.6,17.02,39939,69570842.43,3.36,0.87,0.15,3.47
1011,2010-11-11,17.18,17.47,17.95,17.18,42114,74364437.68,4.42,0.34,0.06,3.66
1012,2010-11-12,17.4,16.0,17.56,15.81,39288,65984935.13,10.02,-8.41,-1.47,3.42
1013,2010-11-15,16.27,16.48,16.5,15.91,13371,21697984.17,3.69,3.0,0.48,1.16
1014,2010-11-16,16.94,16.48,17.4,16.31,31273,52886403.02,6.61,0.0,0.0,2.72
1015,2010-11-17,16.35,15.3,16.52,15.3,27030,42903403.37,7.4,-7.16,-1.18,2.35
1016,2010-11-18,15.45,15.55,15.69,15.33,11221,17381184.87,2.35,1.63,0.25,0.98
1017,2010-11-19,15.68,16.06,16.08,15.51,16267,25778413.54,3.67,3.28,0.51,1.42
1018,2010-11-22,16.0,16.57,16.8,15.85,24628,40575938.52,5.92,3.18,0.51,2.14
1019,2010-11-23,16.55,16.68,16.78,16.26,28065,46463239.62,3.14,0.66,0.11,2.44
1020,2010-11-24,16.58,16.97,17.08,16.5,24893,42077972.46,3.48,1.74,0.29,2.17
1021,2010-11-25,16.98,17.14,17.49,16.9,42758,73519032.82,3.48,1.0,0.17,3.72
1022,2010-11-26,17.14,16.84,17.16,16.58,26188,44219924.12,3.38,-1.75,-0.3,2.28
1023,2010-11-29,16.8,17.11,17.37,16.8,29997,51429715.42,3.38,1.6,0.27,2.61
1024,2010-11-30,17.11,16.3,17.2,15.75,24294,39978002.44,8.47,-4.73,-0.81,2.11
1025,2010-12-01,16.21,16.45,16.55,16.18,11521,18864683.56,2.27,0.92,0.15,1.0
1026,2010-12-02,16.73,17.91,18.1,16.59,116914,208042256.62,9.18,8.88,1.46,10.17
1027,2010-12-03,17.5,17.23,17.7,16.97,55635,96349997.02,4.08,-3.8,-0.68,4.84
1028,2010-12-06,17.25,16.75,17.45,16.59,25943,43947474.72,4.99,-2.79,-0.48,2.26
1029,2010-12-07,16.65,17.8,18.06,16.56,59249,103537383.77,8.96,6.27,1.05,5.15
1030,2010-12-08,17.71,17.59,17.88,17.34,38751,68278435.33,3.03,-1.18,-0.21,3.37
1031,2010-12-09,17.59,17.5,18.18,17.21,46475,82456857.62,5.51,-0.51,-0.09,4.04
1032,2010-12-10,17.5,17.62,17.68,16.92,32796,56983086.62,4.34,0.69,0.12,2.85
1033,2010-12-13,17.9,18.21,18.57,17.7,61861,112874357.25,4.94,3.35,0.59,5.38
1034,2010-12-14,18.13,18.95,19.09,17.94,61756,114711157.89,6.32,4.06,0.74,5.37
1035,2010-12-15,18.9,18.96,19.24,18.55,60280,113514955.54,3.64,0.05,0.01,5.24
1036,2010-12-16,18.78,19.3,19.3,18.64,44981,85341563.9,3.48,1.79,0.34,3.91
1037,2010-12-17,19.29,19.16,19.49,18.9,34235,65581092.78,3.06,-0.73,-0.14,2.98
1038,2010-12-20,19.15,18.71,19.26,17.68,53511,98511574.92,8.25,-2.35,-0.45,4.65
1039,2010-12-21,18.55,18.7,18.72,18.02,25738,47567142.93,3.74,-0.05,-0.01,2.24
1040,2010-12-22,18.72,18.35,18.91,18.3,18853,34987131.08,3.26,-1.87,-0.35,1.64
1041,2010-12-23,18.28,17.8,18.41,17.8,18930,34103771.02,3.32,-3.0,-0.55,1.65
1042,2010-12-24,17.7,17.25,17.9,17.07,17748,30894723.22,4.66,-3.09,-0.55,1.54
1043,2010-12-27,17.33,16.59,17.68,16.52,22362,38508033.4,6.72,-3.83,-0.66,1.95
1044,2010-12-28,16.65,16.58,16.9,16.47,15424,25767669.91,2.59,-0.06,-0.01,1.34
1045,2010-12-29,16.66,17.11,17.11,16.58,15840,26695003.12,3.2,3.2,0.53,1.38
1046,2010-12-30,17.08,16.99,17.29,16.94,13121,22422016.14,2.05,-0.7,-0.12,1.14
1047,2010-12-31,17.15,17.34,17.43,17.03,14481,25011345.44,2.35,2.06,0.35,1.26
1048,2011-01-04,17.41,17.65,17.95,17.29,26219,46160860.35,3.81,1.79,0.31,2.28
1049,2011-01-05,17.52,17.82,18.3,17.46,18891,33801833.19,4.76,0.96,0.17,1.64
1050,2011-01-06,17.7,18.15,18.37,17.7,27696,50211855.4,3.76,1.85,0.33,2.41
1051,2011-01-07,18.0,17.6,18.28,17.58,13922,24867285.5,3.86,-3.03,-0.55,1.21
1052,2011-01-10,17.6,17.2,17.87,17.05,10893,18958013.12,4.66,-2.27,-0.4,0.95
1053,2011-01-11,17.07,16.9,17.32,16.68,13739,23235898.4,3.72,-1.74,-0.3,1.2
1054,2011-01-12,16.95,17.18,17.2,16.68,8997,15258354.23,3.08,1.66,0.28,0.78
1055,2011-01-13,17.3,17.29,17.47,17.06,6993,12066626.31,2.39,0.64,0.11,0.61
1056,2011-01-14,17.28,17.0,17.31,16.68,8429,14249055.74,3.64,-1.68,-0.29,0.73
1057,2011-01-17,17.0,16.2,17.01,16.1,10988,18004457.28,5.35,-4.71,-0.8,0.96
1058,2011-01-18,16.29,15.89,16.29,15.63,8747,13870900.99,4.07,-1.91,-0.31,0.76
1059,2011-01-19,15.79,16.28,16.4,15.7,8574,13777355.24,4.41,2.45,0.39,0.75
1060,2011-01-20,16.02,15.78,16.38,15.5,9595,15223386.44,5.41,-3.07,-0.5,0.83
1061,2011-01-21,15.74,15.88,16.09,15.45,5989,9474219.11,4.06,0.63,0.1,0.52
1062,2011-01-24,15.88,15.7,16.2,15.69,4926,7823355.84,3.21,-1.13,-0.18,0.43
1063,2011-01-25,15.7,15.18,15.88,14.83,7097,10804509.93,6.69,-3.31,-0.52,0.62
1064,2011-01-26,15.23,15.24,15.38,15.07,8476,12875942.01,2.04,0.4,0.06,0.74
1065,2011-01-27,15.24,15.4,15.47,15.0,9104,13971700.82,3.08,1.05,0.16,0.79
1066,2011-01-28,15.39,15.45,15.46,15.09,11021,16854886.2,2.4,0.32,0.05,0.96
1067,2011-01-31,15.4,15.84,15.85,15.38,8370,13093244.57,3.04,2.52,0.39,0.73
1068,2011-02-01,16.0,15.71,16.0,15.67,5829,9201544.06,2.08,-0.82,-0.13,0.51
1069,2011-02-09,15.83,15.7,16.19,15.62,7250,11427999.52,3.63,-0.06,-0.01,0.63
1070,2011-02-10,15.71,16.08,16.12,15.63,11299,17912513.68,3.12,2.42,0.38,0.98
1071,2011-02-11,16.07,16.21,16.29,16.0,11431,18469971.85,1.8,0.81,0.13,0.99
1072,2011-02-14,16.21,16.47,16.48,16.08,14503,23660868.03,2.47,1.6,0.26,1.26
1073,2011-02-15,16.4,16.54,16.69,16.4,19658,32479290.12,1.76,0.43,0.07,1.71
1074,2011-02-16,16.8,17.07,17.4,16.61,18158,30912475.0,4.78,3.2,0.53,1.58
1075,2011-02-17,17.3,16.94,17.3,16.66,13934,23530794.61,3.75,-0.76,-0.13,1.21
1076,2011-02-18,16.92,16.76,17.04,16.72,7787,13084837.4,1.89,-1.06,-0.18,0.68
1077,2011-02-21,16.6,17.14,17.24,16.56,13624,23153639.8,4.06,2.27,0.38,1.19
1078,2011-02-22,17.37,16.5,17.37,16.5,12109,20372259.18,5.08,-3.73,-0.64,1.05
1079,2011-02-23,16.5,16.7,16.8,16.3,7132,11883840.5,3.03,1.21,0.2,0.62
1080,2011-02-24,16.65,17.12,17.19,16.65,14722,25005545.95,3.23,2.51,0.42,1.28
1081,2011-02-25,17.19,17.46,17.5,17.12,20505,35505845.57,2.22,1.99,0.34,1.78
1082,2011-02-28,17.7,17.47,17.7,17.33,17866,31292003.47,2.12,0.06,0.01,1.55
1083,2011-03-01,17.57,17.44,17.57,17.24,14742,25657717.51,1.89,-0.17,-0.03,1.28
1084,2011-03-02,17.4,17.4,17.5,17.09,12514,21684457.82,2.35,-0.23,-0.04,1.09
1085,2011-03-03,17.35,17.1,17.71,17.05,12114,21060578.73,3.79,-1.72,-0.3,1.05
1086,2011-03-04,17.1,17.16,17.23,16.86,11350,19343129.8,2.16,0.35,0.06,0.99
1087,2011-03-07,17.33,17.91,18.2,17.18,40029,71479127.15,5.94,4.37,0.75,3.48
1088,2011-03-08,17.91,18.15,18.25,17.88,22090,39932567.89,2.07,1.34,0.24,1.92
1089,2011-03-09,18.16,18.51,18.72,18.16,29288,54236745.69,3.09,1.98,0.36,2.55
1090,2011-03-10,18.42,18.3,18.85,18.16,16197,29762939.98,3.73,-1.13,-0.21,1.41
1091,2011-03-11,18.3,18.22,18.48,18.0,14277,26083105.01,2.62,-0.44,-0.08,1.24
1092,2011-03-14,18.19,18.28,18.48,17.85,15060,27398293.16,3.46,0.33,0.06,1.31
1093,2011-03-15,18.39,17.61,18.39,17.16,22780,40108427.13,6.73,-3.67,-0.67,1.98
1094,2011-03-16,17.6,17.8,17.86,17.34,11543,20448003.93,2.95,1.08,0.19,1.0
1095,2011-03-17,17.65,17.78,18.18,17.38,14296,25500885.02,4.49,-0.11,-0.02,1.24
1096,2011-03-18,17.88,17.8,17.98,17.61,9234,16376554.87,2.08,0.11,0.02,0.8
1097,2011-03-21,17.64,17.56,17.85,17.45,8553,15093307.67,2.25,-1.35,-0.24,0.74
1098,2011-03-22,17.56,17.68,17.79,17.25,13198,22977469.24,3.08,0.68,0.12,1.15
1099,2011-03-23,17.65,17.98,18.0,17.53,11908,21304982.93,2.66,1.7,0.3,1.04
1100,2011-03-24,18.0,18.51,18.8,17.82,28678,53000607.81,5.45,2.95,0.53,2.49
1101,2011-03-25,18.38,18.46,18.69,18.2,21974,40658637.7,2.65,-0.27,-0.05,1.91
1102,2011-03-28,18.46,18.81,19.48,18.46,36701,69587267.16,5.53,1.9,0.35,3.19
1103,2011-03-29,18.4,17.83,18.48,17.81,36240,65337988.13,3.56,-5.21,-0.98,3.15
1104,2011-03-30,17.61,17.53,18.1,17.51,15017,26713806.64,3.31,-1.68,-0.3,1.31
1105,2011-03-31,17.69,17.11,17.84,17.01,16373,28377319.67,4.73,-2.4,-0.42,1.42
1106,2011-04-01,17.27,17.55,17.57,17.12,10448,18203840.06,2.63,2.57,0.44,0.91
1107,2011-04-06,17.31,17.35,18.0,17.31,11716,20709913.54,3.93,-1.14,-0.2,1.02
1108,2011-04-07,17.57,17.7,17.8,17.39,9238,16287168.58,2.36,2.02,0.35,0.8
1109,2011-04-08,17.79,17.9,17.95,17.56,10555,18807498.82,2.2,1.13,0.2,0.92
1110,2011-04-11,17.91,17.62,18.19,17.6,14774,26359494.72,3.3,-1.56,-0.28,1.29
1111,2011-04-12,17.63,18.18,18.4,17.6,27827,50631810.67,4.54,3.18,0.56,2.42
1112,2011-04-13,18.23,18.32,18.32,17.95,12302,22329955.88,2.04,0.77,0.14,1.07
1113,2011-04-14,18.3,18.19,18.68,18.11,15272,28046996.13,3.11,-0.71,-0.13,1.33
1114,2011-04-15,18.15,18.19,18.38,17.9,15947,28920970.59,2.64,0.0,0.0,1.39
1115,2011-04-19,18.17,18.41,18.6,18.09,23455,42965080.46,2.8,1.21,0.22,2.04
1116,2011-04-20,18.66,18.23,18.66,18.16,17996,33081416.69,2.72,-0.98,-0.18,1.57
1117,2011-04-21,18.29,18.6,18.6,18.05,25527,46929322.04,3.02,2.03,0.37,2.22
1118,2011-04-22,18.6,18.4,19.28,18.3,30008,56210165.54,5.27,-1.08,-0.2,2.61
1119,2011-04-25,18.39,17.54,18.58,17.51,18488,32852404.73,5.82,-4.67,-0.86,1.61
1120,2011-04-26,17.53,17.57,17.79,17.45,10751,18895866.44,1.94,0.17,0.03,0.94
1121,2011-04-27,17.6,17.34,17.77,17.07,10028,17520708.06,3.98,-1.31,-0.23,0.87
1122,2011-04-28,17.36,16.65,17.66,16.6,10942,18806007.86,6.11,-3.98,-0.69,0.95
1123,2011-04-29,16.73,16.95,16.96,16.61,6805,11433595.67,2.1,1.8,0.3,0.59
1124,2011-05-03,16.97,17.45,17.5,16.95,6004,10386284.66,3.24,2.95,0.5,0.52
1125,2011-05-04,17.31,17.21,17.5,17.09,5961,10276389.47,2.35,-1.38,-0.24,0.52
1126,2011-05-05,17.19,17.4,17.48,17.16,4652,8052528.76,1.86,1.1,0.19,0.4
1127,2011-05-06,17.1,17.34,17.43,17.01,3835,6597798.51,2.41,-0.34,-0.06,0.33
1128,2011-05-09,17.34,17.54,17.63,17.3,6209,10842486.32,1.9,1.15,0.2,0.54
1129,2011-05-10,17.65,17.65,17.79,17.32,5216,9146035.16,2.68,0.63,0.11,0.45
1130,2011-05-11,17.66,17.94,18.0,17.51,13349,23820903.57,2.78,1.64,0.29,1.16
1131,2011-05-12,17.9,17.81,18.08,17.71,9090,16263486.11,2.06,-0.72,-0.13,0.79
1132,2011-05-13,17.71,17.87,17.98,17.5,6641,11792078.2,2.7,0.34,0.06,0.58
1133,2011-05-16,18.08,18.15,18.49,17.87,14957,27337585.03,3.47,1.57,0.28,1.3
1134,2011-05-17,18.08,18.4,18.59,17.84,18328,33512220.32,4.13,1.38,0.25,1.59
1135,2011-05-18,18.45,18.27,18.45,18.13,10709,19587523.85,1.74,-0.71,-0.13,0.93
1136,2011-05-19,18.35,18.2,18.56,18.15,12254,22459979.4,2.24,-0.38,-0.07,1.07
1137,2011-05-20,18.2,17.73,18.39,17.56,15305,27243355.72,4.56,-2.58,-0.47,1.33
1138,2011-05-23,17.73,16.88,17.78,16.85,10889,18791016.04,5.25,-4.79,-0.85,0.95
1139,2011-05-24,16.81,16.65,16.9,16.25,9716,16042767.12,3.85,-1.36,-0.23,0.85
1140,2011-05-25,16.66,16.4,16.82,16.4,4657,7752881.65,2.52,-1.5,-0.25,0.41
1141,2011-05-26,16.74,15.8,16.75,15.7,15049,24283795.71,6.4,-3.66,-0.6,1.31
1142,2011-05-27,15.7,15.12,15.84,14.9,10464,16120014.1,5.95,-4.3,-0.68,0.91
1143,2011-05-30,15.08,15.05,15.36,15.0,9843,14928691.76,2.38,-0.46,-0.07,0.86
1144,2011-05-31,15.25,15.28,15.31,14.75,16893,25422268.37,3.72,1.53,0.23,1.47
1145,2011-06-01,15.15,15.4,15.56,15.15,8049,12357270.81,2.68,0.79,0.12,0.7
1146,2011-06-02,15.26,15.1,15.4,14.78,8721,13111341.4,4.03,-1.95,-0.3,0.76
1147,2011-06-03,15.1,15.4,15.48,15.08,8463,12981997.62,2.65,1.99,0.3,0.74
1148,2011-06-07,15.48,15.6,15.89,15.39,7824,12241015.7,3.25,1.3,0.2,0.68
1149,2011-06-08,15.59,15.67,15.76,15.4,5392,8387460.25,2.31,0.45,0.07,0.47
1150,2011-06-09,15.69,15.08,15.7,15.08,5591,8586096.2,3.96,-3.77,-0.59,0.49
1151,2011-06-10,15.09,14.94,15.09,14.46,10415,15406596.06,4.18,-0.93,-0.14,0.91
1152,2011-06-13,14.84,15.13,15.14,14.55,7007,10424609.9,3.95,1.27,0.19,0.61
1153,2011-06-14,15.0,15.31,15.39,14.91,7892,12018021.33,3.17,1.19,0.18,0.69
1154,2011-06-15,15.26,15.09,15.3,14.98,7396,11192464.17,2.09,-1.44,-0.22,0.64
1155,2011-06-16,15.04,14.5,15.04,14.48,9905,14480241.01,3.71,-3.91,-0.59,0.86
1156,2011-06-17,14.48,14.48,14.72,14.34,4249,6160869.3,2.62,-0.14,-0.02,0.37
1157,2011-06-20,14.48,14.73,15.03,14.35,8684,12826474.67,4.7,1.73,0.25,0.76
1158,2011-06-21,14.89,14.86,15.09,14.73,7661,11391599.4,2.44,0.88,0.13,0.67
1159,2011-06-22,14.92,14.83,14.92,14.63,7784,11488014.08,1.95,-0.2,-0.03,0.68
1160,2011-06-23,15.01,15.34,15.49,14.84,18362,27978901.02,4.38,3.44,0.51,1.6
1161,2011-06-24,15.22,15.57,15.64,15.08,18726,28754568.09,3.65,1.5,0.23,1.63
1162,2011-06-27,15.42,15.58,15.84,15.36,11208,17473573.74,3.08,0.06,0.01,0.97
1163,2011-06-28,15.57,15.58,15.67,15.39,8949,13894253.92,1.8,0.0,0.0,0.78
1164,2011-06-29,15.79,15.36,15.98,15.35,11763,18408878.48,4.04,-1.41,-0.22,1.02
1165,2011-06-30,15.47,15.58,15.73,15.36,8737,13596951.37,2.41,1.43,0.22,0.76
1166,2011-07-01,15.75,15.59,15.75,15.55,6483,10125513.09,1.28,0.06,0.01,0.56
1167,2011-07-04,15.7,15.92,15.98,15.6,12780,20244656.85,2.44,2.12,0.33,1.11
1168,2011-07-05,15.9,15.98,16.11,15.82,9916,15839481.44,1.82,0.38,0.06,0.86
1169,2011-07-06,16.15,16.13,16.27,15.82,13063,21040679.8,2.82,0.94,0.15,1.14
1170,2011-07-07,16.13,15.98,16.17,15.88,9144,14635010.31,1.8,-0.93,-0.15,0.8
1171,2011-07-08,15.92,16.25,16.4,15.91,14997,24283430.98,3.07,1.69,0.27,1.3
1172,2011-07-11,16.33,16.36,16.55,16.2,14647,23973715.92,2.15,0.68,0.11,1.27
1173,2011-07-12,16.29,15.86,16.29,15.86,12018,19326460.97,2.63,-3.06,-0.5,1.05
1174,2011-07-13,16.0,16.15,16.24,15.91,12438,20036675.44,2.08,1.83,0.29,1.08
1175,2011-07-14,16.23,16.38,16.5,16.08,11222,18335588.96,2.6,1.42,0.23,0.98
1176,2011-07-15,16.48,16.43,16.48,16.3,10880,17836809.16,1.1,0.31,0.05,0.95
1177,2011-07-18,16.58,16.49,16.68,16.35,8765,14505225.73,2.01,0.37,0.06,0.76
1178,2011-07-19,16.4,16.32,16.53,16.22,7765,12677338.85,1.88,-1.03,-0.17,0.68
1179,2011-07-20,16.45,16.21,16.53,16.16,8146,13295662.01,2.27,-0.67,-0.11,0.71
1180,2011-07-21,16.34,15.9,16.34,15.85,10111,16167601.61,3.02,-1.91,-0.31,0.88
1181,2011-07-22,15.99,15.96,16.13,15.77,9519,15194408.12,2.26,0.38,0.06,0.83
1182,2011-07-25,15.94,15.18,15.96,15.08,11616,17968400.11,5.51,-4.89,-0.78,1.01
1183,2011-07-26,15.2,15.1,15.24,14.98,7378,11156244.22,1.71,-0.53,-0.08,0.64
1184,2011-07-27,15.11,15.36,15.45,15.01,11682,17794562.24,2.91,1.72,0.26,1.02
1185,2011-07-28,15.29,15.48,15.48,15.2,8982,13787973.29,1.82,0.78,0.12,0.78
1186,2011-07-29,15.55,15.28,15.59,15.01,7839,11993959.69,3.75,-1.29,-0.2,0.68
1187,2011-08-01,15.39,15.42,15.54,15.12,6427,9885671.87,2.75,0.92,0.14,0.56
1188,2011-08-02,15.42,15.27,15.53,15.02,7210,10938482.39,3.31,-0.97,-0.15,0.63
1189,2011-08-03,15.15,15.38,15.5,14.95,9027,13769019.64,3.6,0.72,0.11,0.79
1190,2011-08-04,15.38,15.38,15.48,15.21,6271,9651552.65,1.76,0.0,0.0,0.55
1191,2011-08-05,14.93,15.05,15.14,14.8,8329,12473323.97,2.21,-2.15,-0.33,0.72
1192,2011-08-08,14.86,14.09,15.18,13.98,10488,15068625.25,7.97,-6.38,-0.96,0.91
1193,2011-08-09,13.8,14.0,14.1,13.42,6977,9612561.79,4.83,-0.64,-0.09,0.61
1194,2011-08-10,14.29,14.1,14.39,14.08,7517,10707794.39,2.21,0.71,0.1,0.65
1195,2011-08-11,13.75,14.28,14.3,13.65,10932,15441824.57,4.61,1.28,0.18,0.95
1196,2011-08-12,14.28,14.79,14.9,14.28,19208,28012411.0,4.34,3.57,0.51,1.67
1197,2011-08-15,14.81,16.09,16.1,14.79,33982,52103440.0,8.86,8.79,1.3,2.96
1198,2011-08-16,16.0,15.72,16.28,15.7,53777,86270511.0,3.6,-2.3,-0.37,4.68
1199,2011-08-17,15.5,15.33,15.68,15.3,18524,28627677.0,2.42,-2.48,-0.39,1.61
1200,2011-08-18,15.31,15.19,15.59,15.16,13976,21426333.0,2.8,-0.91,-0.14,1.22
1201,2011-08-19,15.0,15.1,15.1,14.72,9391,14024095.0,2.5,-0.59,-0.09,0.82
1202,2011-08-22,14.98,14.81,15.28,14.79,6651,9987077.0,3.25,-1.92,-0.29,0.58
1203,2011-08-23,15.0,15.4,15.41,14.91,9406,14293361.0,3.38,3.98,0.59,0.82
1204,2011-08-24,15.44,15.34,15.6,15.25,8761,13506965.0,2.27,-0.39,-0.06,0.76
1205,2011-08-25,15.44,15.55,15.59,15.29,9897,15303998.0,1.96,1.37,0.21,0.86
1206,2011-08-26,15.55,15.67,15.68,15.44,8974,13973544.0,1.54,0.77,0.12,0.78
1207,2011-08-29,15.61,15.4,15.68,15.35,8813,13655412.0,2.11,-1.72,-0.27,0.77
1208,2011-08-30,15.5,15.0,15.59,14.98,10586,16248664.0,3.96,-2.6,-0.4,0.92
1209,2011-08-31,15.0,14.89,15.29,14.65,8173,12116006.0,4.27,-0.73,-0.11,0.71
1210,2011-09-01,14.91,14.76,15.12,14.67,4565,6811577.0,3.02,-0.87,-0.13,0.4
1211,2011-09-02,14.68,14.85,15.1,14.67,6878,10262559.0,2.91,0.61,0.09,0.6
1212,2011-09-05,14.88,14.45,14.88,14.42,4150,6035988.0,3.1,-2.69,-0.4,0.36
1213,2011-09-06,14.4,14.46,14.57,14.31,3153,4556763.0,1.8,0.07,0.01,0.27
1214,2011-09-07,14.56,14.89,14.89,14.53,4500,6640618.0,2.49,2.97,0.43,0.39
1215,2011-09-08,14.88,14.92,15.14,14.78,6768,10118522.0,2.42,0.2,0.03,0.59
1216,2011-09-09,14.89,14.68,15.12,14.56,6464,9535057.0,3.75,-1.61,-0.24,0.56
1217,2011-09-13,14.5,14.33,14.59,14.27,4261,6112415.0,2.18,-2.38,-0.35,0.37
1218,2011-09-14,14.43,14.56,14.56,14.25,3247,4678838.0,2.16,1.61,0.23,0.28
1219,2011-09-15,14.7,14.53,14.79,14.48,3520,5146959.0,2.13,-0.21,-0.03,0.31
1220,2011-09-16,14.58,14.6,14.73,14.51,4435,6492013.0,1.51,0.48,0.07,0.39
1221,2011-09-19,14.7,15.03,15.29,14.68,21668,32649328.0,4.18,2.95,0.43,1.88
1222,2011-09-20,14.82,14.9,15.09,14.48,13896,20498194.0,4.06,-0.86,-0.13,1.21
1223,2011-09-21,14.93,15.42,15.58,14.87,23090,35358683.0,4.77,3.49,0.52,2.01
1224,2011-09-22,15.22,15.21,15.65,15.16,21333,32859467.0,3.18,-1.36,-0.21,1.86
1225,2011-09-23,14.93,15.37,15.39,14.82,13973,21235311.0,3.75,1.05,0.16,1.22
1226,2011-09-26,15.51,15.42,15.67,15.31,16926,26212852.0,2.34,0.33,0.05,1.47
1227,2011-09-27,15.45,15.18,15.6,15.05,12912,19750860.0,3.57,-1.56,-0.24,1.12
1228,2011-09-28,15.36,15.08,15.42,15.06,10274,15666553.0,2.37,-0.66,-0.1,0.89
1229,2011-09-29,15.06,14.06,15.06,14.0,10434,14994185.0,7.03,-6.76,-1.02,0.91
1230,2011-09-30,14.08,13.9,14.46,13.83,7664,10793057.0,4.48,-1.14,-0.16,0.67
1231,2011-10-10,14.29,13.9,14.31,13.88,4974,6956217.0,3.09,0.0,0.0,0.43
1232,2011-10-11,14.2,14.09,14.47,13.91,10614,15084050.0,4.03,1.37,0.19,0.92
1233,2011-10-12,14.01,14.66,14.67,13.94,10587,15258728.0,5.18,4.05,0.57,0.92
1234,2011-10-13,14.66,14.8,14.9,14.59,7501,11077106.0,2.11,0.95,0.14,0.65
1235,2011-10-14,14.79,14.8,14.95,14.65,6043,8926526.0,2.03,0.0,0.0,0.53
1236,2011-10-17,14.81,15.05,15.15,14.74,8278,12379392.0,2.77,1.69,0.25,0.72
1237,2011-10-18,14.99,14.82,15.27,14.79,11776,17663622.0,3.19,-1.53,-0.23,1.02
1238,2011-10-19,14.94,14.64,14.94,14.5,7282,10689101.0,2.97,-1.21,-0.18,0.63
1239,2011-10-20,14.69,14.09,14.69,14.0,7631,10799654.0,4.71,-3.76,-0.55,0.66
1240,2011-10-21,14.24,13.7,14.25,13.66,4547,6327870.0,4.19,-2.77,-0.39,0.4
1241,2011-10-24,13.95,14.21,14.3,13.75,5268,7452574.0,4.01,3.72,0.51,0.46
1242,2011-10-25,14.29,14.84,14.98,14.08,8427,12367434.0,6.33,4.43,0.63,0.73
1243,2011-10-26,14.99,14.86,15.1,14.71,13036,19476201.0,2.63,0.13,0.02,1.13
1244,2011-10-27,14.86,14.88,14.99,14.71,8575,12750739.0,1.88,0.13,0.02,0.75
1245,2011-10-28,15.18,15.03,15.23,14.89,11315,17037719.0,2.28,1.01,0.15,0.98
1246,2011-10-31,15.17,15.05,15.35,15.0,12484,18859408.0,2.33,0.13,0.02,1.09
1247,2011-11-01,14.85,15.0,15.18,14.85,11285,16997301.0,2.19,-0.33,-0.05,0.98
1248,2011-11-02,14.84,15.42,15.5,14.75,12087,18194659.0,5.0,2.8,0.42,1.05
1249,2011-11-03,15.47,15.36,15.65,15.36,16907,26207283.0,1.88,-0.39,-0.06,1.47
1250,2011-11-04,15.49,15.64,15.8,15.33,14452,22502116.0,3.06,1.82,0.28,1.26
1251,2011-11-07,15.67,15.4,15.67,15.37,8161,12654743.0,1.92,-1.53,-0.24,0.71
1252,2011-11-08,15.5,15.23,15.55,15.14,4711,7233667.0,2.66,-1.1,-0.17,0.41
1253,2011-11-09,15.35,15.33,15.35,14.95,9650,14597243.0,2.63,0.66,0.1,0.84
1254,2011-11-10,15.18,15.19,15.26,15.08,8227,12485462.0,1.17,-0.91,-0.14,0.72
1255,2011-11-11,15.25,15.14,15.33,15.03,5058,7686252.0,1.97,-0.33,-0.05,0.44
1256,2011-11-14,15.15,15.61,15.61,15.15,10574,16339282.0,3.04,3.1,0.47,0.92
1257,2011-11-15,15.53,15.58,15.7,15.41,8118,12615800.0,1.86,-0.19,-0.03,0.71
1258,2011-11-16,15.6,15.04,15.65,15.0,10196,15566104.0,4.17,-3.47,-0.54,0.89
1259,2011-11-17,15.09,14.98,15.25,14.9,6323,9521336.0,2.33,-0.4,-0.06,0.55
1260,2011-11-18,14.9,14.55,15.06,14.5,8873,13117779.0,3.74,-2.87,-0.43,0.77
1261,2011-11-21,14.55,14.64,14.72,14.45,7336,10677129.0,1.86,0.62,0.09,0.64
1262,2011-11-22,14.6,14.79,14.84,14.4,5153,7549668.0,3.01,1.02,0.15,0.45
1263,2011-11-23,14.81,14.65,14.9,14.51,5038,7407247.0,2.64,-0.95,-0.14,0.44
1264,2011-11-24,14.5,14.56,14.67,14.3,5018,7267579.0,2.53,-0.61,-0.09,0.44
1265,2011-11-25,14.56,14.38,14.61,14.34,5706,8254571.0,1.85,-1.24,-0.18,0.5
1266,2011-11-28,14.4,14.39,14.48,14.2,2618,3768707.0,1.95,0.07,0.01,0.23
1267,2011-11-29,14.55,14.65,14.69,14.41,4919,7168116.0,1.95,1.81,0.26,0.43
1268,2011-11-30,14.65,13.93,14.81,13.81,8004,11422791.0,6.83,-4.91,-0.72,0.7
1269,2011-12-01,14.36,14.18,14.53,14.13,5150,7381816.0,2.87,1.79,0.25,0.45
1270,2011-12-02,14.06,13.94,14.2,13.86,4908,6871538.0,2.4,-1.69,-0.24,0.43
1271,2011-12-05,13.75,13.76,14.06,13.7,2444,3374627.0,2.58,-1.29,-0.18,0.21
1272,2011-12-06,13.9,14.2,14.27,13.77,5933,8363635.0,3.63,3.2,0.44,0.52
1273,2011-12-07,14.12,14.15,14.28,14.03,3936,5576814.0,1.76,-0.35,-0.05,0.34
1274,2011-12-08,14.15,14.09,14.22,13.68,4434,6217568.0,3.82,-0.42,-0.06,0.39
1275,2011-12-09,14.0,14.1,14.44,13.9,2995,4248814.0,3.83,0.07,0.01,0.26
1276,2011-12-12,14.11,14.04,14.22,13.9,2131,2992116.0,2.27,-0.43,-0.06,0.19
1277,2011-12-13,13.98,13.52,14.19,13.38,6045,8302358.0,5.77,-3.7,-0.52,0.53
1278,2011-12-14,13.28,13.3,13.63,13.27,3048,4093811.0,2.66,-1.63,-0.22,0.27
1279,2011-12-15,13.35,13.07,13.38,13.0,4549,5976851.0,2.86,-1.73,-0.23,0.4
1280,2011-12-16,13.1,13.39,13.39,13.01,4235,5592818.0,2.91,2.45,0.32,0.37
1281,2011-12-19,13.16,13.38,13.46,13.0,4564,6037136.0,3.44,-0.07,-0.01,0.4
1282,2011-12-20,13.37,13.27,13.6,13.2,4607,6168488.0,2.99,-0.82,-0.11,0.4
1283,2011-12-21,13.44,12.92,13.44,12.86,3852,5067071.0,4.37,-2.64,-0.35,0.34
1284,2011-12-22,12.68,12.14,12.78,11.63,7545,9075363.0,8.9,-6.04,-0.78,0.66
1285,2011-12-23,12.14,12.21,12.38,11.98,3547,4332946.0,3.29,0.58,0.07,0.31
1286,2011-12-26,12.26,12.02,12.39,12.02,3401,4155764.0,3.03,-1.56,-0.19,0.3
1287,2011-12-27,11.93,11.76,12.19,11.71,2890,3419017.0,3.99,-2.16,-0.26,0.25
1288,2011-12-28,11.75,11.48,11.81,11.22,4933,5634541.0,5.02,-2.38,-0.28,0.43
1289,2011-12-29,11.46,11.4,11.57,11.32,2663,3048381.0,2.18,-0.7,-0.08,0.23
1290,2011-12-30,11.53,11.66,11.66,11.43,4902,5688974.0,2.02,2.28,0.26,0.43
1291,2012-01-04,11.83,11.99,12.29,11.72,18865,22607092.0,4.89,2.83,0.33,1.64
1292,2012-01-05,11.88,11.3,11.88,11.3,6882,7973303.0,4.84,-5.75,-0.69,0.6
1293,2012-01-06,11.25,11.56,11.56,11.05,4358,4911021.0,4.51,2.3,0.26,0.38
1294,2012-01-09,11.5,12.04,12.06,11.4,4655,5488866.0,5.71,4.15,0.48,0.4
1295,2012-01-10,12.01,12.4,12.41,11.9,12207,14867933.0,4.24,2.99,0.36,1.06
1296,2012-01-11,12.29,12.23,12.38,12.1,8776,10718983.0,2.26,-1.37,-0.17,0.76
1297,2012-01-12,12.2,12.19,12.3,12.12,6186,7565945.0,1.47,-0.33,-0.04,0.54
1298,2012-01-13,12.27,11.78,12.27,11.56,8383,9939933.0,5.82,-3.36,-0.41,0.73
1299,2012-01-16,11.63,11.16,11.63,11.1,5358,6081998.0,4.5,-5.26,-0.62,0.47
1300,2012-01-17,11.2,11.75,11.78,11.08,6662,7639913.0,6.27,5.29,0.59,0.58
1301,2012-01-18,11.78,11.45,11.9,11.45,6051,7058096.0,3.83,-2.55,-0.3,0.53
1302,2012-01-19,11.41,11.52,11.67,11.3,3392,3891357.0,3.23,0.61,0.07,0.3
1303,2012-01-20,11.53,11.62,11.66,11.46,4407,5097472.0,1.74,0.87,0.1,0.38
1304,2012-01-30,11.67,11.6,11.84,11.53,3296,3847281.0,2.67,-0.17,-0.02,0.29
1305,2012-01-31,11.5,11.7,11.7,11.49,3424,3965710.0,1.81,0.86,0.1,0.3
1306,2012-02-01,11.62,11.6,11.82,11.59,4010,4693211.0,1.97,-0.85,-0.1,0.35
1307,2012-02-02,11.55,11.76,11.8,11.55,3091,3604767.0,2.16,1.38,0.16,0.27
1308,2012-02-03,11.75,12.06,12.22,11.71,7752,9238266.0,4.34,2.55,0.3,0.67
1309,2012-02-06,12.1,12.09,12.19,11.93,5573,6720809.0,2.16,0.25,0.03,0.48
1310,2012-02-07,12.09,11.74,12.09,11.6,6431,7582061.0,4.05,-2.89,-0.35,0.56
1311,2012-02-08,11.71,12.05,12.05,11.7,7088,8447206.0,2.98,2.64,0.31,0.62
1312,2012-02-09,12.06,12.12,12.26,12.0,6614,8046604.0,2.16,0.58,0.07,0.58
1313,2012-02-10,12.12,12.22,12.25,12.06,7975,9699408.0,1.57,0.83,0.1,0.69
1314,2012-02-13,12.12,12.29,12.37,12.04,8574,10496277.0,2.7,0.57,0.07,0.75
1315,2012-02-14,12.28,12.26,12.3,12.16,5691,6949607.0,1.14,-0.24,-0.03,0.5
1316,2012-02-15,12.26,12.45,12.48,12.16,9381,11584626.0,2.61,1.55,0.19,0.82
1317,2012-02-16,12.49,12.5,12.64,12.36,8984,11220383.0,2.25,0.4,0.05,0.78
1318,2012-02-17,12.5,12.38,12.63,12.2,5895,7290956.0,3.44,-0.96,-0.12,0.51
1319,2012-02-20,12.52,12.33,12.55,12.32,5629,6995177.0,1.86,-0.4,-0.05,0.49
1320,2012-02-21,12.36,12.47,12.49,12.12,7386,9093872.0,3.0,1.14,0.14,0.64
1321,2012-02-22,12.47,12.8,12.89,12.43,15608,19826212.0,3.69,2.65,0.33,1.36
1322,2012-02-23,12.82,12.89,13.05,12.65,12403,15905599.0,3.13,0.7,0.09,1.08
1323,2012-02-24,12.75,12.95,12.96,12.69,9655,12406818.0,2.09,0.47,0.06,0.84
1324,2012-02-27,12.91,12.91,13.08,12.9,11031,14317534.0,1.39,-0.31,-0.04,0.96
1325,2012-02-28,12.83,12.74,12.88,12.6,9815,12473205.0,2.17,-1.32,-0.17,0.85
1326,2012-02-29,12.68,12.91,13.33,12.6,19996,26032400.0,5.73,1.33,0.17,1.74
1327,2012-03-01,12.78,12.73,12.92,12.67,13823,17647711.0,1.94,-1.39,-0.18,1.2
1328,2012-03-02,12.89,13.02,13.02,12.74,11799,15182179.0,2.2,2.28,0.29,1.03
1329,2012-03-05,13.0,12.87,13.1,12.85,10454,13541911.0,1.92,-1.15,-0.15,0.91
1330,2012-03-06,13.1,12.75,13.1,12.69,9543,12196287.0,3.19,-0.93,-0.12,0.83
1331,2012-03-07,12.66,12.68,12.83,12.51,6360,8069791.0,2.51,-0.55,-0.07,0.55
1332,2012-03-08,12.71,13.85,13.9,12.67,45283,60205248.0,9.7,9.23,1.17,3.94
1333,2012-03-09,13.6,13.66,13.88,13.4,47187,64332882.0,3.47,-1.37,-0.19,4.1
1334,2012-03-12,14.0,13.67,14.0,13.56,17007,23291541.0,3.22,0.07,0.01,1.48
1335,2012-03-13,13.67,13.72,13.78,13.52,12845,17532678.0,1.9,0.37,0.05,1.12
1336,2012-03-14,13.72,12.96,13.82,12.89,19132,25799037.0,6.78,-5.54,-0.76,1.66
1337,2012-03-15,12.96,13.14,13.26,12.9,10679,13985999.0,2.78,1.39,0.18,0.93
1338,2012-03-16,13.3,13.42,13.43,13.04,9756,12909633.0,2.97,2.13,0.28,0.85
1339,2012-03-19,13.43,13.61,13.71,13.38,10599,14423692.0,2.46,1.42,0.19,0.92
1340,2012-03-20,13.61,13.25,13.67,13.25,6288,8415209.0,3.09,-2.65,-0.36,0.55
1341,2012-03-21,13.36,13.62,13.62,13.16,8709,11669647.0,3.47,2.79,0.37,0.76
1342,2012-03-22,13.62,13.39,13.62,13.31,5515,7420768.0,2.28,-1.69,-0.23,0.48
1343,2012-03-23,13.44,13.03,13.49,12.97,5752,7588472.0,3.88,-2.69,-0.36,0.5
1344,2012-03-26,12.81,12.86,13.0,12.73,5513,7080169.0,2.07,-1.3,-0.17,0.48
1345,2012-03-27,12.9,12.83,13.15,12.81,4895,6367567.0,2.64,-0.23,-0.03,0.43
1346,2012-03-28,13.05,12.22,13.05,12.16,7034,8729384.0,6.94,-4.75,-0.61,0.61
1347,2012-03-29,12.19,11.96,12.27,11.85,3746,4494961.0,3.44,-2.13,-0.26,0.33
1348,2012-03-30,12.05,11.86,12.07,11.8,3827,4557737.0,2.26,-0.84,-0.1,0.33
1349,2012-04-05,11.96,12.4,12.4,11.82,7470,9091188.0,4.89,4.55,0.54,0.65
1350,2012-04-06,12.36,12.49,12.69,12.3,6546,8138612.0,3.15,0.73,0.09,0.57
1351,2012-04-09,12.46,12.63,12.65,12.41,4820,6040992.0,1.92,1.12,0.14,0.42
1352,2012-04-10,12.61,13.5,13.65,12.4,22516,29303608.0,9.9,6.89,0.87,1.96
1353,2012-04-11,13.34,13.15,13.5,13.01,28415,37706893.0,3.63,-2.59,-0.35,2.47
1354,2012-04-12,13.15,13.31,13.54,13.04,12953,17254808.0,3.8,1.22,0.16,1.13
1355,2012-04-13,13.31,13.2,13.36,13.13,8950,11872087.0,1.73,-0.83,-0.11,0.78
1356,2012-04-16,13.16,13.05,13.2,13.01,5691,7456080.0,1.44,-1.14,-0.15,0.5
1357,2012-04-17,13.0,13.15,13.35,12.99,7242,9599950.0,2.76,0.77,0.1,0.63
1358,2012-04-18,13.24,13.31,13.32,12.91,8097,10669957.0,3.12,1.22,0.16,0.7
1359,2012-04-19,13.3,13.45,13.5,13.21,10172,13615371.0,2.18,1.05,0.14,0.88
1360,2012-04-20,14.2,14.08,14.51,13.84,36734,51830764.0,4.98,4.68,0.63,3.2
1361,2012-04-23,13.94,13.5,13.94,13.4,22799,31166057.0,3.84,-4.12,-0.58,1.98
1362,2012-04-24,13.49,13.3,13.61,12.85,11359,15023806.0,5.63,-1.48,-0.2,0.99
1363,2012-04-25,13.35,13.49,13.57,13.2,10235,13714676.0,2.78,1.43,0.19,0.89
1364,2012-04-26,13.57,13.42,13.63,13.26,7538,10108075.0,2.74,-0.52,-0.07,0.66
1365,2012-04-27,13.49,13.32,13.49,13.26,4088,5449168.0,1.71,-0.75,-0.1,0.36
1366,2012-05-02,13.44,13.49,13.64,13.3,9072,12255918.0,2.55,1.28,0.17,0.79
1367,2012-05-03,13.55,13.68,13.72,13.46,8005,10879532.0,1.93,1.41,0.19,0.7
1368,2012-05-04,13.7,13.84,13.95,13.59,10353,14290035.0,2.63,1.17,0.16,0.9
1369,2012-05-07,13.79,14.0,14.03,13.78,10661,14849530.0,1.81,1.16,0.16,0.93
1370,2012-05-08,14.05,13.9,14.09,13.76,8663,12031510.0,2.36,-0.71,-0.1,0.75
1371,2012-05-09,13.87,13.85,13.98,13.72,9261,12816699.0,1.87,-0.36,-0.05,0.81
1372,2012-05-10,13.81,13.9,14.04,13.71,7646,10641127.0,2.38,0.36,0.05,0.67
1373,2012-05-14,13.87,13.76,13.97,13.68,7400,10219027.0,2.09,-1.01,-0.14,0.64
1374,2012-05-15,13.68,13.69,13.76,13.4,5023,6797012.0,2.62,-0.51,-0.07,0.44
1375,2012-05-16,13.7,13.55,13.76,13.47,3954,5361751.0,2.12,-1.02,-0.14,0.34
1376,2012-05-17,13.65,13.88,13.89,13.42,6533,8968048.0,3.47,2.44,0.33,0.57
1377,2012-05-18,13.93,13.88,14.15,13.78,12229,17079134.0,2.67,0.0,0.0,1.06
1378,2012-05-21,13.94,14.16,14.21,13.8,16805,23715602.0,2.95,2.02,0.28,1.46
1379,2012-05-22,14.19,14.06,14.19,13.98,14499,20380186.0,1.48,-0.71,-0.1,1.26
1380,2012-05-23,14.15,13.92,14.15,13.87,10239,14286934.0,1.99,-1.0,-0.14,0.89
1381,2012-05-24,6.89,6.69,6.89,6.63,15126,10207464.0,1.87,-51.94,-7.23,0.66
1382,2012-05-25,6.74,6.58,6.82,6.51,11860,7877468.0,4.63,-1.64,-0.11,0.52
1383,2012-05-28,6.58,6.67,6.71,6.38,11913,7856747.0,5.02,1.37,0.09,0.52
1384,2012-05-29,6.73,6.85,6.99,6.68,32605,22439554.0,4.65,2.7,0.18,1.42
1385,2012-05-30,6.88,6.84,6.9,6.75,13854,9429945.0,2.19,-0.15,-0.01,0.6
1386,2012-05-31,6.89,6.9,6.96,6.8,15406,10646213.0,2.34,0.88,0.06,0.67
1387,2012-06-01,7.0,6.89,7.09,6.82,15873,11040178.0,3.91,-0.14,-0.01,0.69
1388,2012-06-04,6.66,6.54,6.76,6.53,18611,12394053.0,3.34,-5.08,-0.35,0.81
1389,2012-06-05,6.54,6.47,6.62,6.39,13284,8581049.0,3.52,-1.07,-0.07,0.58
1390,2012-06-06,6.55,6.52,6.61,6.45,8949,5840973.0,2.47,0.77,0.05,0.39
1391,2012-06-07,6.59,6.45,6.63,6.4,6679,4330491.0,3.53,-1.07,-0.07,0.29
1392,2012-06-08,6.54,6.39,6.54,6.38,9109,5867368.0,2.48,-0.93,-0.06,0.4
1393,2012-06-11,6.38,6.53,6.53,6.28,12363,7962859.0,3.91,2.19,0.14,0.54
1394,2012-06-12,6.54,6.44,6.54,6.37,6909,4440425.0,2.6,-1.38,-0.09,0.3
1395,2012-06-13,6.44,6.48,6.5,6.38,11093,7146665.0,1.86,0.62,0.04,0.48
1396,2012-06-14,6.47,6.38,6.58,6.38,8609,5561730.0,3.09,-1.54,-0.1,0.37
1397,2012-06-15,6.41,6.35,6.47,6.25,9389,5962586.0,3.45,-0.47,-0.03,0.41
1398,2012-06-18,6.39,6.41,6.46,6.34,11777,7529359.0,1.89,0.94,0.06,0.51
1399,2012-06-19,6.41,6.34,6.41,6.31,6094,3874020.0,1.56,-1.09,-0.07,0.27
1400,2012-06-20,6.37,6.41,6.44,6.31,9484,6059096.0,2.05,1.1,0.07,0.41
1401,2012-06-25,6.29,6.06,6.29,6.05,14102,8648310.0,3.74,-5.46,-0.35,0.61
1402,2012-06-26,6.06,6.02,6.09,5.96,7433,4482034.0,2.15,-0.66,-0.04,0.32
1403,2012-06-27,6.05,5.94,6.08,5.92,7186,4319222.0,2.66,-1.33,-0.08,0.31
1404,2012-06-28,5.95,5.94,6.18,5.94,9406,5714880.0,4.04,0.0,0.0,0.41
1405,2012-06-29,5.92,5.91,5.97,5.73,6606,3871045.0,4.04,-0.51,-0.03,0.29
1406,2012-07-02,6.0,5.95,6.05,5.92,5883,3513361.0,2.2,0.68,0.04,0.26
1407,2012-07-03,5.96,5.96,6.0,5.89,7911,4704631.0,1.85,0.17,0.01,0.34
1408,2012-07-04,5.98,5.96,6.0,5.9,4623,2746563.0,1.68,0.0,0.0,0.2
1409,2012-07-05,5.96,5.69,5.96,5.68,8512,4901702.0,4.7,-4.53,-0.27,0.37
1410,2012-07-06,5.67,5.4,5.67,5.2,40620,21739986.0,8.26,-5.1,-0.29,1.77
1411,2012-07-09,5.35,5.16,5.35,5.16,15186,7982146.0,3.52,-4.44,-0.24,0.66
1412,2012-07-10,5.19,5.16,5.22,5.12,9127,4720539.0,1.94,0.0,0.0,0.4
1413,2012-07-11,5.2,5.2,5.23,5.16,6520,3387666.0,1.36,0.78,0.04,0.28
1414,2012-07-12,5.22,5.23,5.28,5.08,13007,6734108.0,3.85,0.58,0.03,0.57
1415,2012-07-13,5.22,5.17,5.29,5.11,10023,5211935.0,3.44,-1.15,-0.06,0.44
1416,2012-07-16,5.17,4.83,5.17,4.82,13692,6764903.0,6.77,-6.58,-0.34,0.6
1417,2012-07-17,4.85,4.92,4.93,4.8,9803,4773851.0,2.69,1.86,0.09,0.43
1418,2012-07-18,4.93,5.05,5.05,4.85,8642,4261028.0,4.07,2.64,0.13,0.38
1419,2012-07-19,5.0,5.13,5.24,5.0,12264,6294103.0,4.75,1.58,0.08,0.53
1420,2012-07-20,5.14,5.03,5.16,5.03,6499,3304132.0,2.53,-1.95,-0.1,0.28
1421,2012-07-23,5.03,4.95,5.03,4.91,5684,2807470.0,2.39,-1.59,-0.08,0.25
1422,2012-07-24,4.88,5.02,5.05,4.88,7288,3622778.0,3.43,1.41,0.07,0.32
1423,2012-07-25,5.02,5.01,5.13,4.96,7410,3736995.0,3.39,-0.2,-0.01,0.32
1424,2012-07-26,5.07,4.95,5.07,4.92,7667,3837807.0,2.99,-1.2,-0.06,0.33
1425,2012-07-27,4.95,4.99,5.0,4.91,4313,2142810.0,1.82,0.81,0.04,0.19
1426,2012-07-30,4.95,4.81,5.01,4.79,6465,3145409.0,4.41,-3.61,-0.18,0.28
1427,2012-07-31,4.81,4.64,4.81,4.61,11482,5391894.0,4.16,-3.53,-0.17,0.5
1428,2012-08-01,4.67,4.77,4.79,4.61,6563,3097765.0,3.88,2.8,0.13,0.29
1429,2012-08-02,4.74,4.77,4.84,4.65,6618,3144353.0,3.98,0.0,0.0,0.29
1430,2012-08-03,4.77,4.88,4.88,4.72,5446,2616655.0,3.35,2.31,0.11,0.24
1431,2012-08-06,4.85,5.02,5.04,4.82,10114,4999694.0,4.51,2.87,0.14,0.44
1432,2012-08-07,5.04,5.03,5.12,4.99,10010,5057581.0,2.59,0.2,0.01,0.44
1433,2012-08-08,5.1,5.38,5.45,5.08,35078,18534788.0,7.36,6.96,0.35,1.53
1434,2012-08-09,5.41,5.4,5.43,5.23,23983,12779711.0,3.72,0.37,0.02,1.04
1435,2012-08-10,5.44,5.28,5.44,5.26,13850,7331439.0,3.33,-2.22,-0.12,0.6
1436,2012-08-13,5.24,5.17,5.24,5.12,8750,4524536.0,2.27,-2.08,-0.11,0.38
1437,2012-08-14,5.15,5.21,5.23,5.06,8062,4136718.0,3.29,0.77,0.04,0.35
1438,2012-08-15,5.23,5.16,5.23,5.1,6838,3529364.0,2.5,-0.96,-0.05,0.3
1439,2012-08-16,5.28,5.28,5.51,5.25,19308,10317007.0,5.04,2.33,0.12,0.84
1440,2012-08-17,5.19,5.16,5.22,5.07,10260,5267037.0,2.84,-2.27,-0.12,0.45
1441,2012-08-20,5.16,5.19,5.2,5.06,6793,3483734.0,2.71,0.58,0.03,0.3
1442,2012-08-21,5.2,5.25,5.3,5.17,10313,5412104.0,2.5,1.16,0.06,0.45
1443,2012-08-22,5.29,5.17,5.3,5.15,9605,5001562.0,2.86,-1.52,-0.08,0.42
1444,2012-08-23,5.21,5.36,5.47,5.17,27632,14729277.0,5.8,3.68,0.19,1.2
1445,2012-08-24,5.34,5.29,5.56,5.25,26850,14523623.0,5.78,-1.31,-0.07,1.17
1446,2012-08-27,5.27,4.95,5.27,4.94,16334,8264671.0,6.24,-6.43,-0.34,0.71
1447,2012-08-28,4.91,5.08,5.13,4.91,11264,5700694.0,4.44,2.63,0.13,0.49
1448,2012-08-29,5.08,5.14,5.16,4.98,14992,7662897.0,3.54,1.18,0.06,0.65
1449,2012-08-30,5.14,5.23,5.45,5.04,34828,18304164.0,7.98,1.75,0.09,1.51
1450,2012-08-31,5.24,5.3,5.4,5.15,20280,10679396.0,4.78,1.34,0.07,0.88
1451,2012-09-03,5.31,5.51,5.54,5.26,35337,19216765.0,5.28,3.96,0.21,1.54
1452,2012-09-04,5.51,5.5,5.54,5.4,23438,12854784.0,2.54,-0.18,-0.01,1.02
1453,2012-09-05,5.48,5.5,5.78,5.41,59498,33056118.0,6.73,0.0,0.0,2.59
1454,2012-09-06,5.5,5.58,5.65,5.45,45871,25446967.0,3.64,1.45,0.08,2.0
1455,2012-09-07,5.61,5.78,5.97,5.56,63198,36298001.0,7.35,3.58,0.2,2.75
1456,2012-09-10,5.78,6.17,6.36,5.71,113452,69836042.0,11.25,6.75,0.39,4.93
1457,2012-09-11,6.02,6.16,6.36,5.95,76788,46939256.0,6.65,-0.16,-0.01,3.34
1458,2012-09-12,6.13,6.14,6.78,6.03,83465,51920077.0,12.18,-0.32,-0.02,3.63
1459,2012-09-13,6.14,5.91,6.25,5.91,51641,31271883.0,5.54,-3.75,-0.23,2.25
1460,2012-09-14,5.94,5.81,6.03,5.62,38058,22059716.0,6.94,-1.69,-0.1,1.66
1461,2012-09-17,5.8,5.48,5.83,5.47,25668,14413523.0,6.2,-5.68,-0.33,1.12
1462,2012-09-18,5.42,5.52,5.61,5.42,14700,8133885.0,3.47,0.73,0.04,0.64
1463,2012-09-19,5.5,5.59,5.62,5.5,10761,6001531.0,2.17,1.27,0.07,0.47
1464,2012-09-20,5.54,5.38,5.58,5.3,21669,11763750.0,5.01,-3.76,-0.21,0.94
1465,2012-09-21,5.3,5.44,5.62,5.3,15917,8717180.0,5.95,1.12,0.06,0.69
1466,2012-09-24,5.38,5.55,5.57,5.29,15965,8706481.0,5.15,2.02,0.11,0.69
1467,2012-09-25,5.51,5.57,5.79,5.49,20382,11417904.0,5.41,0.36,0.02,0.89
1468,2012-09-26,5.56,5.26,5.6,5.25,14772,8004859.0,6.28,-5.57,-0.31,0.64
1469,2012-09-27,5.22,5.29,5.39,5.11,25759,13533985.0,5.32,0.57,0.03,1.12
1470,2012-09-28,5.29,5.35,5.35,5.25,15088,8011741.0,1.89,1.13,0.06,0.66
1471,2012-10-08,5.34,5.33,5.41,5.29,8603,4587112.0,2.24,-0.37,-0.02,0.37
1472,2012-10-09,5.38,5.51,5.57,5.33,21007,11466533.0,4.5,3.38,0.18,0.91
1473,2012-10-10,5.53,5.58,5.6,5.46,22541,12482521.0,2.54,1.27,0.07,0.98
1474,2012-10-11,5.58,5.41,5.58,5.4,20540,11273654.0,3.23,-3.05,-0.17,0.89
1475,2012-10-12,5.46,5.39,5.48,5.34,11461,6187173.0,2.59,-0.37,-0.02,0.5
1476,2012-10-15,5.33,5.18,5.39,5.13,21452,11184773.0,4.82,-3.9,-0.21,0.93
1477,2012-10-16,5.2,5.24,5.27,5.17,14260,7433150.0,1.93,1.16,0.06,0.62
1478,2012-10-17,5.26,5.21,5.26,5.17,9647,5034133.0,1.72,-0.57,-0.03,0.42
1479,2012-10-18,5.2,5.28,5.32,5.2,16144,8503613.0,2.3,1.34,0.07,0.7
1480,2012-10-19,5.3,5.33,5.34,5.26,15372,8157810.0,1.52,0.95,0.05,0.67
1481,2012-10-22,5.28,5.41,5.55,5.28,24864,13451289.0,5.07,1.5,0.08,1.08
1482,2012-10-23,5.46,5.35,5.59,5.35,39346,21601232.0,4.44,-1.11,-0.06,1.71
1483,2012-10-24,5.3,5.33,5.4,5.29,14770,7890829.0,2.06,-0.37,-0.02,0.64
1484,2012-10-25,5.31,5.21,5.48,5.2,23465,12452683.0,5.25,-2.25,-0.12,1.02
1485,2012-10-26,5.22,5.0,5.24,5.0,17574,8941321.0,4.61,-4.03,-0.21,0.76
1486,2012-10-29,5.0,4.9,5.03,4.9,13724,6787229.0,2.6,-2.0,-0.1,0.6
1487,2012-10-30,4.86,4.9,4.94,4.85,12256,5998511.0,1.84,0.0,0.0,0.53
1488,2012-10-31,4.93,4.92,4.95,4.86,8721,4281273.0,1.84,0.41,0.02,0.38
1489,2012-11-01,4.95,5.04,5.04,4.92,13214,6602141.0,2.44,2.44,0.12,0.57
1490,2012-11-02,5.25,5.27,5.5,5.21,44321,23649473.0,5.75,4.56,0.23,1.93
1491,2012-11-05,5.16,5.15,5.3,5.11,25613,13232030.0,3.61,-2.28,-0.12,1.11
1492,2012-11-06,5.09,5.08,5.17,4.99,17198,8722393.0,3.5,-1.36,-0.07,0.75
1493,2012-11-07,5.08,5.13,5.23,5.08,12789,6565750.0,2.95,0.98,0.05,0.56
1494,2012-11-08,5.1,4.9,5.1,4.89,22159,11018580.0,4.09,-4.48,-0.23,0.96
1495,2012-11-09,4.96,4.87,4.97,4.86,13051,6409201.0,2.24,-0.61,-0.03,0.57
1496,2012-11-12,4.9,4.93,4.96,4.86,11451,5626393.0,2.05,1.23,0.06,0.5
1497,2012-11-13,4.93,4.81,5.07,4.8,18423,9097976.0,5.48,-2.43,-0.12,0.8
1498,2012-11-14,4.83,4.78,4.85,4.77,12775,6130430.0,1.66,-0.62,-0.03,0.56
1499,2012-11-15,4.78,4.72,4.83,4.67,13385,6343530.0,3.35,-1.26,-0.06,0.58
1500,2012-11-16,4.68,4.67,4.73,4.63,6118,2860737.0,2.12,-1.06,-0.05,0.27
1501,2012-11-19,4.69,4.7,4.72,4.63,6672,3118858.0,1.93,0.64,0.03,0.29
1502,2012-11-20,4.73,4.73,4.75,4.69,7403,3494018.0,1.28,0.64,0.03,0.32
1503,2012-11-21,4.73,4.78,4.8,4.67,14731,6975837.0,2.75,1.06,0.05,0.64
1504,2012-11-22,4.77,4.75,4.92,4.74,17790,8550366.0,3.77,-0.63,-0.03,0.77
1505,2012-11-23,4.77,4.71,4.78,4.68,14190,6713945.0,2.11,-0.84,-0.04,0.62
1506,2012-11-26,4.71,4.75,4.84,4.7,23670,11300071.0,2.97,0.85,0.04,1.03
1507,2012-11-27,4.71,4.4,4.71,4.39,24840,11099959.0,6.74,-7.37,-0.35,1.08
1508,2012-11-28,4.38,4.28,4.43,4.25,13826,5950268.0,4.09,-2.73,-0.12,0.6
1509,2012-11-29,4.31,4.21,4.35,4.21,10952,4697997.0,3.27,-1.64,-0.07,0.48
1510,2012-11-30,4.2,4.24,4.27,4.2,11413,4827474.0,1.66,0.71,0.03,0.5
1511,2012-12-03,4.25,4.14,4.26,4.14,11321,4749068.0,2.83,-2.36,-0.1,0.49
1512,2012-12-04,4.13,4.15,4.18,4.0,12613,5142192.0,4.35,0.24,0.01,0.55
1513,2012-12-05,4.14,4.33,4.35,4.08,21586,9239420.0,6.51,4.34,0.18,0.94
1514,2012-12-06,4.29,4.3,4.42,4.28,16164,7017482.0,3.23,-0.69,-0.03,0.7
1515,2012-12-07,4.33,4.48,4.51,4.27,29710,13184435.0,5.58,4.19,0.18,1.29
1516,2012-12-10,4.53,4.54,4.57,4.41,19162,8647457.0,3.57,1.34,0.06,0.83
1517,2012-12-11,4.52,4.45,4.56,4.45,16219,7316216.0,2.42,-1.98,-0.09,0.71
1518,2012-12-12,4.41,4.44,4.5,4.37,15593,6899385.0,2.92,-0.22,-0.01,0.68
1519,2012-12-13,4.42,4.33,4.46,4.31,12600,5528303.0,3.38,-2.48,-0.11,0.55
1520,2012-12-14,4.33,4.57,4.58,4.33,27942,12577476.0,5.77,5.54,0.24,1.22
1521,2012-12-17,4.6,4.58,4.64,4.55,26987,12394113.0,1.97,0.22,0.01,1.17
1522,2012-12-18,4.58,4.62,4.69,4.53,22375,10298961.0,3.49,0.87,0.04,0.97
1523,2012-12-19,4.61,4.64,4.66,4.58,22596,10430657.0,1.73,0.43,0.02,0.98
1524,2012-12-20,4.6,4.58,4.62,4.48,17478,7964103.0,3.02,-1.29,-0.06,0.76
1525,2012-12-21,4.58,4.52,4.63,4.51,17598,8039214.0,2.62,-1.31,-0.06,0.77
1526,2012-12-24,4.52,4.53,4.58,4.48,13285,6016301.0,2.21,0.22,0.01,0.58
1527,2012-12-25,4.53,4.66,4.68,4.5,32196,14892013.0,3.97,2.87,0.13,1.4
1528,2012-12-26,4.65,5.03,5.06,4.63,64121,30968186.0,9.23,7.94,0.37,2.79
1529,2012-12-27,5.02,4.82,5.02,4.79,58807,28762438.0,4.57,-4.17,-0.21,2.56
1530,2012-12-28,4.8,4.85,4.92,4.76,28923,14010761.0,3.32,0.62,0.03,1.26
1531,2012-12-31,4.85,4.86,4.94,4.85,16771,8180678.0,1.86,0.21,0.01,0.73
1532,2013-01-04,4.91,4.82,4.94,4.76,18398,8903190.0,3.7,-0.82,-0.04,0.8
1533,2013-01-07,4.83,4.87,4.89,4.79,21626,10485468.0,2.07,1.04,0.05,0.94
1534,2013-01-08,4.88,4.93,4.98,4.84,29187,14324262.0,2.87,1.23,0.06,1.27
1535,2013-01-09,4.9,5.02,5.05,4.89,41173,20543356.0,3.25,1.83,0.09,1.79
1536,2013-01-10,4.98,5.0,5.08,4.95,28707,14373580.0,2.59,-0.4,-0.02,1.25
1537,2013-01-11,5.01,4.8,5.03,4.79,26804,13218973.0,4.8,-4.0,-0.2,1.17
1538,2013-01-14,4.78,4.94,4.99,4.78,35503,17305446.0,4.38,2.92,0.14,1.54
1539,2013-01-15,4.96,5.09,5.11,4.93,51330,25932829.0,3.64,3.04,0.15,2.23
1540,2013-01-16,5.09,5.06,5.09,4.98,39516,19889490.0,2.16,-0.59,-0.03,1.72
1541,2013-01-17,5.05,5.05,5.15,5.01,30838,15660747.0,2.77,-0.2,-0.01,1.34
1542,2013-01-18,5.05,5.1,5.13,5.03,24825,12627179.0,1.98,0.99,0.05,1.08
1543,2013-01-21,5.08,5.1,5.13,5.05,29250,14926286.0,1.57,0.0,0.0,1.27
1544,2013-01-22,5.1,5.05,5.25,5.02,46766,24077904.0,4.51,-0.98,-0.05,2.03
1545,2013-01-23,5.03,4.95,5.08,4.86,29553,14675878.0,4.36,-1.98,-0.1,1.29
1546,2013-01-24,5.45,5.45,5.45,5.45,40022,21811831.0,0.0,10.1,0.5,1.74
1547,2013-01-25,5.89,5.92,6.0,5.56,263937,152111168.0,8.07,8.62,0.47,11.48
1548,2013-01-28,5.7,5.8,5.85,5.6,136001,77536442.0,4.22,-2.03,-0.12,5.92
1549,2013-01-29,5.7,5.7,5.75,5.6,92940,52637788.0,2.59,-1.72,-0.1,4.04
1550,2013-01-30,5.68,5.55,5.7,5.47,84722,46931124.0,4.04,-2.63,-0.15,3.68
1551,2013-01-31,5.56,5.4,5.57,5.38,55139,29981801.0,3.42,-2.7,-0.15,2.4
1552,2013-02-01,5.41,5.45,5.5,5.38,42883,23347643.0,2.22,0.93,0.05,1.87
1553,2013-02-04,5.45,5.25,5.45,5.24,55440,29422464.0,3.85,-3.67,-0.2,2.41
1554,2013-02-05,5.21,5.28,5.31,5.2,29643,15617261.0,2.1,0.57,0.03,1.29
1555,2013-02-06,5.26,5.31,5.35,5.25,31477,16695183.0,1.89,0.57,0.03,1.37
1556,2013-02-07,5.3,5.33,5.46,5.28,29308,15700830.0,3.39,0.38,0.02,1.27
1557,2013-02-08,5.36,5.36,5.38,5.28,30181,16133386.0,1.88,0.56,0.03,1.31
1558,2013-02-18,5.4,5.49,5.5,5.37,44992,24534607.0,2.43,2.43,0.13,1.96
1559,2013-02-19,5.49,5.4,5.49,5.35,27515,14881820.0,2.55,-1.64,-0.09,1.2
1560,2013-02-20,5.39,5.47,5.5,5.39,29446,16075521.0,2.04,1.3,0.07,1.28
1561,2013-02-21,5.41,5.44,5.46,5.27,47551,25506447.0,3.47,-0.55,-0.03,2.07
1562,2013-02-22,5.4,5.31,5.44,5.27,30492,16395340.0,3.13,-2.39,-0.13,1.33
1563,2013-02-25,5.3,5.28,5.35,5.25,26220,13862088.0,1.88,-0.56,-0.03,1.14
1564,2013-02-26,5.24,5.11,5.31,5.11,27623,14384068.0,3.79,-3.22,-0.17,1.2
1565,2013-02-27,5.11,5.11,5.19,5.05,20040,10262989.0,2.74,0.0,0.0,0.87
1566,2013-02-28,5.14,5.19,5.2,5.09,27686,14282488.0,2.15,1.57,0.08,1.2
1567,2013-03-01,5.22,5.27,5.3,5.16,34408,18057396.0,2.7,1.54,0.08,1.5
1568,2013-03-04,5.23,5.26,5.37,5.17,43198,22778615.0,3.8,-0.19,-0.01,1.88
1569,2013-03-05,5.27,5.42,5.45,5.22,40117,21435733.0,4.37,3.04,0.16,1.74
1570,2013-03-06,5.55,5.47,5.55,5.42,37511,20479296.0,2.4,0.92,0.05,1.63
1571,2013-03-07,5.47,5.4,5.5,5.31,24775,13418017.0,3.47,-1.28,-0.07,1.08
1572,2013-03-08,5.45,5.54,5.6,5.4,81598,44883447.0,3.7,2.59,0.14,3.55
1573,2013-03-11,5.68,5.63,5.71,5.36,89532,49606980.0,6.32,1.62,0.09,3.89
1574,2013-03-12,5.55,5.24,5.56,5.24,61658,33315311.0,5.68,-6.93,-0.39,2.68
1575,2013-03-13,5.22,5.18,5.25,5.14,25478,13199332.0,2.1,-1.15,-0.06,1.11
1576,2013-03-14,5.18,5.19,5.22,5.15,13980,7259568.0,1.35,0.19,0.01,0.61
1577,2013-03-15,5.19,5.19,5.25,5.13,19283,10028002.0,2.31,0.0,0.0,0.84
1578,2013-03-18,5.19,5.04,5.24,5.04,20917,10741195.0,3.85,-2.89,-0.15,0.91
1579,2013-03-19,5.02,5.01,5.08,4.91,19763,9862001.0,3.37,-0.6,-0.03,0.86
1580,2013-03-20,5.0,5.12,5.13,4.96,20543,10451466.0,3.39,2.2,0.11,0.89
1581,2013-03-21,5.13,5.16,5.17,5.09,21167,10870336.0,1.56,0.78,0.04,0.92
1582,2013-03-22,5.18,5.18,5.2,5.12,15262,7869477.0,1.55,0.39,0.02,0.66
1583,2013-03-25,5.19,5.19,5.22,5.16,13771,7138839.0,1.16,0.19,0.01,0.6
1584,2013-03-26,5.19,5.18,5.21,5.07,17746,9094226.0,2.7,-0.19,-0.01,0.77
1585,2013-03-27,5.17,5.15,5.22,5.1,13048,6751082.0,2.32,-0.58,-0.03,0.57
1586,2013-03-28,5.13,4.99,5.13,4.99,17593,8839976.0,2.72,-3.11,-0.16,0.77
1587,2013-03-29,5.0,5.0,5.04,4.97,8830,4417978.0,1.4,0.2,0.01,0.38
1588,2013-04-01,4.99,4.95,4.99,4.89,13226,6523419.0,2.0,-1.0,-0.05,0.58
1589,2013-04-02,4.95,4.87,4.98,4.87,14463,7116106.0,2.22,-1.62,-0.08,0.63
1590,2013-04-03,4.88,4.78,4.9,4.77,11848,5697669.0,2.67,-1.85,-0.09,0.52
1591,2013-04-08,4.77,4.79,4.81,4.6,23523,11060523.0,4.39,0.21,0.01,1.02
1592,2013-04-09,4.79,4.81,4.84,4.76,19012,9138115.0,1.67,0.42,0.02,0.83
1593,2013-04-10,4.81,4.75,4.82,4.7,10870,5173907.0,2.49,-1.25,-0.06,0.47
1594,2013-04-11,4.76,4.75,4.81,4.74,8488,4055180.0,1.47,0.0,0.0,0.37
1595,2013-04-12,4.72,4.7,4.78,4.7,5913,2796996.0,1.68,-1.05,-0.05,0.26
1596,2013-04-15,4.7,4.63,4.72,4.63,6758,3151851.0,1.91,-1.49,-0.07,0.29
1597,2013-04-16,4.63,4.69,4.7,4.61,8076,3764114.0,1.94,1.3,0.06,0.35
1598,2013-04-17,4.7,4.76,4.78,4.67,13947,6564696.0,2.35,1.49,0.07,0.61
1599,2013-04-18,4.72,4.74,4.77,4.7,11442,5416122.0,1.47,-0.42,-0.02,0.5
1600,2013-04-19,4.74,4.84,4.88,4.74,19080,9205384.0,2.95,2.11,0.1,0.83
1601,2013-04-22,4.79,4.84,4.84,4.72,26720,12756610.0,2.48,0.0,0.0,1.16
1602,2013-04-23,4.8,4.7,4.84,4.68,24727,11782781.0,3.31,-2.89,-0.14,1.08
1603,2013-04-24,4.74,4.75,4.75,4.66,12406,5839360.0,1.91,1.06,0.05,0.54
1604,2013-04-25,4.74,4.63,4.74,4.63,12977,6071654.0,2.32,-2.53,-0.12,0.56
1605,2013-04-26,4.67,4.51,4.67,4.47,13603,6213560.0,4.32,-2.59,-0.12,0.59
1606,2013-05-02,4.47,4.54,4.63,4.37,8791,4007241.0,5.76,0.67,0.03,0.38
1607,2013-05-03,4.58,4.62,4.65,4.54,14313,6602458.0,2.42,1.76,0.08,0.62
1608,2013-05-06,4.61,4.66,4.67,4.6,14043,6520197.0,1.52,0.87,0.04,0.61
1609,2013-05-07,4.66,4.72,4.75,4.64,13987,6576572.0,2.36,1.29,0.06,0.61
1610,2013-05-08,4.72,4.76,4.77,4.66,17080,8068354.0,2.33,0.85,0.04,0.74
1611,2013-05-09,4.73,4.72,4.8,4.68,19525,9240991.0,2.52,-0.84,-0.04,0.85
1612,2013-05-10,4.72,4.76,4.8,4.65,21927,10339277.0,3.18,0.85,0.04,0.95
1613,2013-05-13,4.78,4.74,4.79,4.73,16040,7624276.0,1.26,-0.42,-0.02,0.7
1614,2013-05-14,4.75,4.85,4.85,4.7,26954,12895876.0,3.16,2.32,0.11,1.17
1615,2013-05-15,4.84,4.9,4.91,4.8,21993,10706162.0,2.27,1.03,0.05,0.96
1616,2013-05-16,4.89,4.89,4.95,4.83,21650,10608002.0,2.45,-0.2,-0.01,0.94
1617,2013-05-17,4.89,4.95,4.95,4.87,22999,11327666.0,1.64,1.23,0.06,1.0
1618,2013-05-20,5.07,5.01,5.08,4.96,31591,15855088.0,2.42,1.21,0.06,1.37
1619,2013-05-21,4.99,5.2,5.34,4.96,53856,27814514.0,7.58,3.79,0.19,2.34
1620,2013-05-22,5.24,5.08,5.24,5.08,26245,13509028.0,3.08,-2.31,-0.12,1.14
1621,2013-05-23,5.06,5.05,5.15,5.05,19176,9766365.0,1.97,-0.59,-0.03,0.83
1622,2013-05-24,5.01,5.1,5.11,5.01,15091,7644575.0,1.98,0.99,0.05,0.66
1623,2013-05-27,5.15,5.16,5.24,5.11,22966,11867882.0,2.55,1.18,0.06,1.0
1624,2013-05-28,5.17,5.16,5.22,5.13,22794,11782665.0,1.74,0.0,0.0,0.99
1625,2013-05-29,5.17,5.19,5.21,5.14,17855,9252322.0,1.36,0.58,0.03,0.78
1626,2013-05-30,5.19,5.05,5.19,5.05,28275,14517081.0,2.7,-2.7,-0.14,1.23
1627,2013-05-31,5.24,5.35,5.56,5.24,204534,112481489.0,6.34,5.94,0.3,8.9
1628,2013-06-03,5.15,5.08,5.28,5.07,109767,56746190.0,3.93,-5.05,-0.27,4.77
1629,2013-06-04,5.13,4.96,5.13,4.91,58581,29324452.0,4.33,-2.36,-0.12,2.55
1630,2013-06-05,4.94,4.99,5.01,4.9,22976,11376708.0,2.22,0.6,0.03,1.0
1631,2013-06-06,4.98,4.84,4.98,4.82,28411,13897266.0,3.21,-3.01,-0.15,1.24
1632,2013-06-07,4.8,4.69,4.89,4.67,18423,8779309.0,4.55,-3.1,-0.15,0.8
1633,2013-06-13,4.69,4.57,4.69,4.47,18728,8571877.0,4.69,-2.56,-0.12,0.81
1634,2013-06-14,4.61,4.67,4.67,4.58,14491,6713333.0,1.97,2.19,0.1,0.63
1635,2013-06-17,4.67,4.65,4.73,4.63,12894,6028457.0,2.14,-0.43,-0.02,0.56
1636,2013-06-18,4.67,4.66,4.71,4.62,8549,3989006.0,1.94,0.22,0.01,0.37
1637,2013-06-19,4.66,4.65,4.66,4.58,11475,5306570.0,1.72,-0.21,-0.01,0.5
1638,2013-06-20,4.65,4.52,4.66,4.5,10627,4892274.0,3.44,-2.8,-0.13,0.46
1639,2013-06-21,4.49,4.51,4.56,4.4,16017,7125216.0,3.54,-0.22,-0.01,0.7
1640,2013-06-24,4.59,4.2,4.6,4.18,18438,8112235.0,9.31,-6.87,-0.31,0.8
1641,2013-06-25,4.19,4.09,4.25,3.78,24855,10090236.0,11.19,-2.62,-0.11,1.08
1642,2013-06-26,4.09,4.17,4.2,4.03,12917,5325142.0,4.16,1.96,0.08,0.56
1643,2013-06-27,4.19,4.05,4.24,4.03,14537,6050510.0,5.04,-2.88,-0.12,0.63
1644,2013-06-28,4.05,4.04,4.13,3.98,12322,4997314.0,3.7,-0.25,-0.01,0.54
1645,2013-07-01,4.05,4.13,4.15,4.02,11635,4744254.0,3.22,2.23,0.09,0.51
1646,2013-07-02,4.16,4.18,4.2,4.1,12665,5263307.0,2.42,1.21,0.05,0.55
1647,2013-07-03,4.13,4.17,4.18,4.06,18806,7722747.0,2.87,-0.24,-0.01,0.82
1648,2013-07-04,4.18,4.2,4.24,4.11,19916,8320557.0,3.12,0.72,0.03,0.87
1649,2013-07-05,4.18,4.17,4.25,4.15,16475,6903744.0,2.38,-0.71,-0.03,0.72
1650,2013-07-08,4.1,3.97,4.1,3.95,16778,6729674.0,3.6,-4.8,-0.2,0.73
1651,2013-07-09,3.96,3.93,3.99,3.9,10966,4329060.0,2.27,-1.01,-0.04,0.48
1652,2013-07-10,3.95,4.06,4.07,3.93,11880,4776424.0,3.56,3.31,0.13,0.52
1653,2013-07-11,4.09,4.14,4.22,4.06,20414,8482016.0,3.94,1.97,0.08,0.89
1654,2013-07-12,4.14,4.17,4.21,4.13,13556,5652785.0,1.93,0.72,0.03,0.59
1655,2013-07-15,4.17,4.22,4.25,4.15,12712,5342422.0,2.4,1.2,0.05,0.55
1656,2013-07-16,4.21,4.24,4.25,4.17,16127,6787924.0,1.9,0.47,0.02,0.7
1657,2013-07-17,4.22,4.17,4.26,4.15,15980,6726360.0,2.59,-1.65,-0.07,0.7
1658,2013-07-18,4.17,4.2,4.2,4.13,14120,5888855.0,1.68,0.72,0.03,0.61
1659,2013-07-19,4.22,4.52,4.56,4.09,73670,31994220.0,11.19,7.62,0.32,3.2
1660,2013-07-22,4.37,4.66,4.8,4.3,114135,52306901.0,11.06,3.1,0.14,4.96
1661,2013-07-23,4.55,4.58,4.62,4.5,58829,26829324.0,2.58,-1.72,-0.08,2.56
1662,2013-07-24,4.55,4.48,4.57,4.4,40925,18365444.0,3.71,-2.18,-0.1,1.78
1663,2013-07-25,4.5,4.36,4.5,4.35,27647,12179449.0,3.35,-2.68,-0.12,1.2
1664,2013-07-26,4.34,4.4,4.44,4.31,16599,7260093.0,2.98,0.92,0.04,0.72
1665,2013-07-29,4.4,4.28,4.43,4.28,15297,6637815.0,3.41,-2.73,-0.12,0.67
1666,2013-07-30,4.32,4.38,4.39,4.25,16732,7253117.0,3.27,2.34,0.1,0.73
1667,2013-07-31,4.38,4.38,4.44,4.36,12279,5401045.0,1.83,0.0,0.0,0.53
1668,2013-08-01,4.39,4.47,4.48,4.35,30503,13516424.0,2.97,2.05,0.09,1.33
1669,2013-08-02,4.5,4.44,4.52,4.43,24163,10796001.0,2.01,-0.67,-0.03,1.05
1670,2013-08-05,4.44,4.5,4.51,4.43,20474,9176757.0,1.8,1.35,0.06,0.89
1671,2013-08-06,4.5,4.52,4.55,4.47,25598,11558212.0,1.78,0.44,0.02,1.11
1672,2013-08-07,4.54,4.47,4.54,4.46,24193,10890048.0,1.77,-1.11,-0.05,1.05
1673,2013-08-08,4.47,4.49,4.53,4.44,15635,7006289.0,2.01,0.45,0.02,0.68
1674,2013-08-09,4.49,4.47,4.51,4.41,22855,10186651.0,2.23,-0.45,-0.02,0.99
1675,2013-08-12,4.48,4.55,4.55,4.46,27732,12527367.0,2.01,1.79,0.08,1.21
1676,2013-08-13,4.55,4.61,4.62,4.53,28629,13140980.0,1.98,1.32,0.06,1.25
1677,2013-08-14,4.61,4.56,4.62,4.53,17181,7863302.0,1.95,-1.08,-0.05,0.75
1678,2013-08-15,4.53,4.48,4.56,4.48,17556,7940351.0,1.75,-1.75,-0.08,0.76
1679,2013-08-16,4.48,4.4,4.59,4.4,24765,11048739.0,4.24,-1.79,-0.08,1.08
1680,2013-08-19,4.38,4.45,4.45,4.34,12152,5352769.0,2.5,1.14,0.05,0.53
1681,2013-08-20,4.42,4.44,4.48,4.39,16491,7311508.0,2.02,-0.22,-0.01,0.72
1682,2013-08-21,4.44,4.5,4.5,4.43,13190,5890833.0,1.58,1.35,0.06,0.57
1683,2013-08-22,4.48,4.52,4.55,4.48,16448,7434111.0,1.56,0.44,0.02,0.72
1684,2013-08-23,4.5,4.53,4.6,4.08,37741,17091815.0,11.5,0.22,0.01,1.64
1685,2013-08-26,4.53,4.58,4.59,4.5,25427,11584030.0,1.99,1.1,0.05,1.11
1686,2013-08-27,4.58,4.62,4.63,4.55,25782,11832267.0,1.75,0.87,0.04,1.12
1687,2013-08-28,4.6,4.52,4.6,4.5,29019,13206818.0,2.16,-2.16,-0.1,1.26
1688,2013-08-29,4.54,4.59,4.59,4.51,23077,10506043.0,1.77,1.55,0.07,1.0
1689,2013-08-30,4.58,4.61,4.77,4.56,62151,28922537.0,4.58,0.44,0.02,2.7
1690,2013-09-02,4.58,4.64,4.66,4.55,24978,11497474.0,2.39,0.65,0.03,1.09
1691,2013-09-03,4.62,4.66,4.68,4.59,23234,10798292.0,1.94,0.43,0.02,1.01
1692,2013-09-04,4.64,4.75,4.8,4.64,44501,21035037.0,3.43,1.93,0.09,1.94
1693,2013-09-05,4.74,4.68,4.74,4.64,28952,13553216.0,2.11,-1.47,-0.07,1.26
1694,2013-09-06,4.7,4.69,4.78,4.65,26523,12451129.0,2.78,0.21,0.01,1.15
1695,2013-09-09,4.67,4.7,4.74,4.66,33264,15611199.0,1.71,0.21,0.01,1.45
1696,2013-09-10,4.69,4.69,4.73,4.66,27873,13070884.0,1.49,-0.21,-0.01,1.21
1697,2013-09-11,4.7,4.76,4.82,4.69,36456,17264181.0,2.77,1.49,0.07,1.59
1698,2013-09-12,4.75,4.77,4.81,4.72,40863,19538794.0,1.89,0.21,0.01,1.78
1699,2013-09-13,4.81,4.8,4.85,4.76,30170,14482316.0,1.89,0.63,0.03,1.31
1700,2013-09-16,4.8,4.78,4.95,4.76,21103,10198886.0,3.96,-0.42,-0.02,0.92
1701,2013-09-17,4.76,4.59,4.79,4.53,31377,14649216.0,5.44,-3.97,-0.19,1.36
1702,2013-09-18,4.55,4.62,4.65,4.55,20973,9640791.0,2.18,0.65,0.03,0.91
1703,2013-09-23,4.63,4.72,4.75,4.63,21359,10013230.0,2.6,2.16,0.1,0.93
1704,2013-09-24,4.74,4.76,4.86,4.7,33283,15973048.0,3.39,0.85,0.04,1.45
1705,2013-09-25,4.76,4.67,4.8,4.66,20861,9899232.0,2.94,-1.89,-0.09,0.91
1706,2013-09-26,4.67,4.62,4.77,4.61,15942,7479432.0,3.43,-1.07,-0.05,0.69
1707,2013-09-27,4.66,4.67,4.72,4.6,13590,6335046.0,2.6,1.08,0.05,0.59
1708,2013-09-30,4.67,4.7,4.72,4.67,15946,7475758.0,1.07,0.64,0.03,0.69
1709,2013-10-08,4.68,4.76,4.79,4.68,29964,14193220.0,2.34,1.28,0.06,1.3
1710,2013-10-09,4.74,4.79,4.83,4.74,18523,8866585.0,1.89,0.63,0.03,0.81
1711,2013-10-10,4.77,4.8,4.86,4.72,24337,11691975.0,2.92,0.21,0.01,1.06
1712,2013-10-11,4.79,4.87,4.88,4.79,30866,14966314.0,1.88,1.46,0.07,1.34
1713,2013-10-14,4.88,4.92,4.95,4.84,30192,14743576.0,2.26,1.03,0.05,1.31
1714,2013-10-15,4.91,4.92,4.95,4.84,27724,13544561.0,2.24,0.0,0.0,1.21
1715,2013-10-16,4.92,4.85,4.92,4.76,35393,17016825.0,3.25,-1.42,-0.07,1.54
1716,2013-10-17,4.83,4.84,4.93,4.83,24300,11872368.0,2.06,-0.21,-0.01,1.06
1717,2013-10-18,4.86,4.86,4.89,4.81,11781,5708195.0,1.65,0.41,0.02,0.51
1718,2013-10-21,4.86,4.97,4.99,4.84,32647,16112978.0,3.09,2.26,0.11,1.42
1719,2013-10-22,4.94,4.94,5.01,4.91,25826,12766849.0,2.01,-0.6,-0.03,1.12
1720,2013-10-23,4.92,4.83,5.02,4.82,44166,21723414.0,4.05,-2.23,-0.11,1.92
1721,2013-10-24,4.82,4.83,4.89,4.8,16522,7999026.0,1.86,0.0,0.0,0.72
1722,2013-10-25,4.84,4.68,4.86,4.6,25152,11862882.0,5.38,-3.11,-0.15,1.09
1723,2013-10-28,4.67,4.71,4.72,4.6,21113,9863619.0,2.56,0.64,0.03,0.92
1724,2013-10-29,4.73,4.5,4.73,4.42,27452,12460501.0,6.58,-4.46,-0.21,1.19
1725,2013-10-30,4.54,4.53,4.54,4.46,13092,5913316.0,1.78,0.67,0.03,0.57
1726,2013-10-31,4.51,4.56,4.59,4.5,12916,5856640.0,1.99,0.66,0.03,0.56
1727,2013-11-01,4.56,4.59,4.64,4.53,12098,5555261.0,2.41,0.66,0.03,0.53
1728,2013-11-04,4.58,4.62,4.63,4.57,6246,2871672.0,1.31,0.65,0.03,0.27
1729,2013-11-05,4.63,4.69,4.71,4.56,18364,8520644.0,3.25,1.52,0.07,0.8
1730,2013-11-06,4.69,4.69,4.75,4.65,12707,5978548.0,2.13,0.0,0.0,0.55
1731,2013-11-07,4.66,4.6,4.71,4.58,10493,4877547.0,2.77,-1.92,-0.09,0.46
1732,2013-11-08,4.55,4.51,4.62,4.46,14255,6431563.0,3.48,-1.96,-0.09,0.62
1733,2013-11-11,4.5,4.53,4.55,4.47,16917,7625727.0,1.77,0.44,0.02,0.74
1734,2013-11-12,4.51,4.67,4.67,4.51,17430,8004030.0,3.53,3.09,0.14,0.76
1735,2013-11-13,4.76,4.66,4.87,4.64,31226,14868944.0,4.93,-0.21,-0.01,1.36
1736,2013-11-14,4.58,4.62,4.64,4.51,12822,5878527.0,2.79,-0.86,-0.04,0.56
1737,2013-11-15,4.63,4.74,4.77,4.6,31831,14939197.0,3.68,2.6,0.12,1.38
1738,2013-11-18,4.71,4.77,4.78,4.69,20977,9955118.0,1.9,0.63,0.03,0.91
1739,2013-11-19,4.78,4.79,4.83,4.74,22162,10592544.0,1.89,0.42,0.02,0.96
1740,2013-11-20,4.78,4.8,4.84,4.76,26438,12698199.0,1.67,0.21,0.01,1.15
1741,2013-11-21,4.8,4.82,4.83,4.71,16502,7916164.0,2.5,0.42,0.02,0.72
1742,2013-11-22,4.81,4.77,4.82,4.76,15283,7320643.0,1.24,-1.04,-0.05,0.66
1743,2013-11-25,4.74,4.79,4.88,4.74,21389,10340951.0,2.94,0.42,0.02,0.93
1744,2013-11-26,4.78,4.85,4.87,4.76,19346,9350689.0,2.3,1.25,0.06,0.84
1745,2013-11-27,4.86,4.87,4.9,4.83,17963,8735169.0,1.44,0.41,0.02,0.78
1746,2013-11-28,4.87,4.86,4.93,4.84,23587,11523784.0,1.85,-0.21,-0.01,1.03
1747,2013-11-29,4.87,4.92,4.94,4.82,21957,10749132.0,2.47,1.23,0.06,0.95
1748,2013-12-02,4.8,4.59,4.84,4.57,29536,13888853.0,5.49,-6.71,-0.33,1.28
1749,2013-12-03,4.52,4.68,4.7,4.52,11682,5401336.0,3.92,1.96,0.09,0.51
1750,2013-12-04,4.69,4.78,4.81,4.67,25429,12065535.0,2.99,2.14,0.1,1.11
1751,2013-12-05,4.76,4.79,4.83,4.74,15055,7200785.0,1.88,0.21,0.01,0.65
1752,2013-12-06,4.79,4.84,4.89,4.76,28870,13965283.0,2.71,1.04,0.05,1.26
1753,2013-12-09,4.85,4.88,4.88,4.82,19435,9422869.0,1.24,0.83,0.04,0.85
1754,2013-12-10,4.88,4.89,4.92,4.81,19364,9428633.0,2.25,0.2,0.01,0.84
1755,2013-12-11,4.88,4.86,4.88,4.76,19075,9205812.0,2.45,-0.61,-0.03,0.83
1756,2013-12-12,4.86,5.18,5.3,4.86,127823,64849609.0,9.05,6.58,0.32,5.56
1757,2013-12-13,5.1,5.01,5.38,5.01,84713,43377498.0,7.14,-3.28,-0.17,3.68
1758,2013-12-16,5.0,4.94,5.03,4.89,35858,17687611.0,2.79,-1.4,-0.07,1.56
1759,2013-12-17,4.91,4.92,4.94,4.81,18415,8980185.0,2.63,-0.4,-0.02,0.8
1760,2013-12-18,4.95,4.87,4.99,4.87,20535,10132186.0,2.44,-1.02,-0.05,0.89
1761,2013-12-19,4.85,4.82,4.94,4.82,10846,5279650.0,2.46,-1.03,-0.05,0.47
1762,2013-12-20,4.85,4.69,4.86,4.69,12555,5979399.0,3.53,-2.7,-0.13,0.55
1763,2013-12-23,4.69,5.0,5.15,4.6,60517,29898613.0,11.73,6.61,0.31,2.63
1764,2013-12-24,5.0,5.09,5.17,4.92,36065,18095387.0,5.0,1.8,0.09,1.57
1765,2013-12-25,5.07,5.01,5.3,4.98,54046,27685376.0,6.29,-1.57,-0.08,2.35
1766,2013-12-26,5.0,4.86,5.06,4.86,20970,10367905.0,3.99,-2.99,-0.15,0.91
1767,2013-12-27,4.86,5.04,5.07,4.84,26566,13227333.0,4.73,3.7,0.18,1.16
1768,2013-12-30,5.01,4.96,5.08,4.94,19492,9765719.0,2.78,-1.59,-0.08,0.85
1769,2013-12-31,4.94,5.03,5.07,4.93,21116,10577483.0,2.82,1.41,0.07,0.92
1770,2014-01-02,5.0,5.1,5.14,4.99,28029,14223931.0,2.98,1.39,0.07,1.22
1771,2014-01-03,5.07,5.1,5.12,4.97,23105,11648122.0,2.94,0.0,0.0,1.0
1772,2014-01-06,5.1,4.91,5.1,4.88,24602,12216455.0,4.31,-3.73,-0.19,1.07
1773,2014-01-07,4.93,4.89,4.96,4.83,16632,8147493.0,2.65,-0.41,-0.02,0.72
1774,2014-01-08,4.88,4.9,4.93,4.86,15801,7721379.0,1.43,0.2,0.01,0.69
1775,2014-01-09,4.88,4.93,5.06,4.87,23688,11773940.0,3.88,0.61,0.03,1.03
1776,2014-01-10,4.88,4.82,4.92,4.71,15935,7709854.0,4.26,-2.23,-0.11,0.69
1777,2014-01-13,4.72,4.43,4.78,4.36,40338,18286669.0,8.71,-8.09,-0.39,1.75
1778,2014-01-14,4.41,4.54,4.56,4.41,15430,6927059.0,3.39,2.48,0.11,0.67
1779,2014-01-15,4.53,4.49,4.59,4.47,16993,7664485.0,2.64,-1.1,-0.05,0.74
1780,2014-01-16,4.51,4.48,4.54,4.47,10150,4570646.0,1.56,-0.22,-0.01,0.44
1781,2014-01-17,4.51,4.51,4.56,4.46,11799,5320078.0,2.23,0.67,0.03,0.51
1782,2014-01-20,4.51,4.54,4.58,4.5,9955,4512938.0,1.77,0.67,0.03,0.43
1783,2014-01-21,4.59,4.55,4.59,4.52,7854,3569930.0,1.54,0.22,0.01,0.34
1784,2014-01-22,4.55,4.64,4.65,4.51,15943,7347765.0,3.08,1.98,0.09,0.69
1785,2014-01-23,4.68,4.64,4.68,4.55,16798,7753446.0,2.8,0.0,0.0,0.73
1786,2014-01-24,4.62,4.66,4.66,4.6,14850,6891929.0,1.29,0.43,0.02,0.65
1787,2014-01-27,4.62,4.92,5.02,4.61,54372,26246125.0,8.8,5.58,0.26,2.36
1788,2014-01-28,4.86,4.93,5.0,4.84,30514,15026333.0,3.25,0.2,0.01,1.33
1789,2014-01-29,4.93,5.0,5.01,4.85,26624,13186246.0,3.25,1.42,0.07,1.16
1790,2014-01-30,4.99,5.07,5.14,4.93,35412,17897057.0,4.2,1.4,0.07,1.54
1791,2014-02-07,5.02,5.1,5.2,4.98,34095,17324912.0,4.34,0.59,0.03,1.48
1792,2014-02-10,5.1,5.08,5.27,5.05,107006,54800116.0,4.31,-0.39,-0.02,4.65
1793,2014-02-11,5.08,5.0,5.13,4.99,71709,36019430.0,2.76,-1.57,-0.08,3.12
1794,2014-02-12,4.98,5.06,5.09,4.97,36046,18121246.0,2.4,1.2,0.06,1.57
1795,2014-02-13,5.06,5.03,5.1,5.01,24470,12385467.0,1.78,-0.59,-0.03,1.06
1796,2014-02-14,5.06,5.09,5.14,5.03,52597,26786997.0,2.19,1.19,0.06,2.29
1797,2014-02-17,5.07,5.14,5.15,5.06,44176,22580894.0,1.77,0.98,0.05,1.92
1798,2014-02-18,5.13,5.26,5.27,5.11,65690,34127327.0,3.11,2.33,0.12,2.86
1799,2014-02-19,5.25,5.17,5.36,5.15,59056,30876394.0,3.99,-1.71,-0.09,2.57
1800,2014-02-20,5.16,5.09,5.2,5.06,33308,17006847.0,2.71,-1.55,-0.08,1.45
1801,2014-02-21,5.09,5.08,5.12,5.03,11077,5620802.0,1.77,-0.2,-0.01,0.48
1802,2014-02-24,5.08,5.11,5.12,5.0,19409,9819174.0,2.36,0.59,0.03,0.84
1803,2014-02-25,5.11,4.96,5.19,4.9,26795,13591834.0,5.68,-2.94,-0.15,1.17
1804,2014-02-26,4.96,4.97,4.97,4.78,26882,13135014.0,3.83,0.2,0.01,1.17
1805,2014-02-27,4.96,4.94,5.06,4.91,24241,12125749.0,3.02,-0.6,-0.03,1.05
1806,2014-02-28,4.94,5.09,5.11,4.92,20185,10128040.0,3.85,3.04,0.15,0.88
1807,2014-03-03,5.09,5.19,5.23,5.08,25276,13080707.0,2.95,1.96,0.1,1.1
1808,2014-03-04,5.16,5.14,5.22,5.07,27368,14051566.0,2.89,-0.96,-0.05,1.19
1809,2014-03-05,5.15,5.19,5.34,5.15,61081,31981910.0,3.7,0.97,0.05,2.66
1810,2014-03-06,5.17,5.18,5.2,5.09,26908,13824280.0,2.12,-0.19,-0.01,1.17
1811,2014-03-07,5.18,5.23,5.28,5.14,29468,15348492.0,2.7,0.97,0.05,1.28
1812,2014-03-10,5.2,5.08,5.27,5.06,38407,19944761.0,4.02,-2.87,-0.15,1.67
1813,2014-03-11,5.08,5.28,5.33,5.05,80562,42114220.0,5.51,3.94,0.2,3.5
1814,2014-03-12,5.24,5.27,5.3,5.15,47489,24822647.0,2.84,-0.19,-0.01,2.07
1815,2014-03-13,5.26,5.44,5.52,5.21,115563,62586277.0,5.88,3.23,0.17,5.03
1816,2014-03-14,5.42,5.4,5.44,5.31,53667,28780712.0,2.39,-0.74,-0.04,2.33
1817,2014-03-17,5.38,5.42,5.45,5.25,56856,30369583.0,3.7,0.37,0.02,2.47
1818,2014-03-18,5.41,5.32,5.41,5.3,51817,27643581.0,2.03,-1.85,-0.1,2.25
1819,2014-03-19,5.32,5.35,5.35,5.22,34209,18049923.0,2.44,0.56,0.03,1.49
1820,2014-03-20,5.32,5.23,5.41,5.21,39970,21290843.0,3.74,-2.24,-0.12,1.74
1821,2014-03-21,5.19,5.37,5.37,5.17,37888,19997172.0,3.82,2.68,0.14,1.65
1822,2014-03-24,5.35,5.38,5.46,5.33,37070,19962288.0,2.42,0.19,0.01,1.61
1823,2014-03-25,5.38,5.44,5.5,5.34,56967,31020504.0,2.97,1.12,0.06,2.48
1824,2014-03-26,5.44,5.45,5.5,5.35,39805,21585235.0,2.76,0.18,0.01,1.73
1825,2014-03-27,5.4,5.35,5.45,5.34,23565,12683100.0,2.02,-1.83,-0.1,1.02
1826,2014-03-28,5.33,5.12,5.35,5.1,33188,17303442.0,4.67,-4.3,-0.23,1.44
1827,2014-03-31,5.16,5.17,5.25,5.13,18136,9403681.0,2.34,0.98,0.05,0.79
1828,2014-04-01,5.16,5.23,5.24,5.15,13940,7247888.0,1.74,1.16,0.06,0.61
1829,2014-04-02,5.21,5.26,5.26,5.2,10834,5675052.0,1.15,0.57,0.03,0.47
1830,2014-04-03,5.24,5.23,5.28,5.18,13326,6982300.0,1.9,-0.57,-0.03,0.58
1831,2014-04-04,5.27,5.29,5.3,5.21,14199,7492455.0,1.72,1.15,0.06,0.62
1832,2014-04-08,5.26,5.44,5.47,5.25,46625,25187460.0,4.16,2.84,0.15,2.03
1833,2014-04-09,5.44,5.44,5.48,5.38,31765,17230963.0,1.84,0.0,0.0,1.38
1834,2014-04-10,5.44,5.5,5.63,5.4,62855,34839757.0,4.23,1.1,0.06,2.73
1835,2014-04-11,5.49,5.6,5.62,5.42,50857,28095183.0,3.64,1.82,0.1,2.21
1836,2014-04-14,5.59,5.58,5.63,5.53,28362,15781544.0,1.79,-0.36,-0.02,1.23
1837,2014-04-15,5.53,5.5,5.56,5.46,24724,13585916.0,1.79,-1.43,-0.08,1.08
1838,2014-04-16,5.47,5.73,5.78,5.46,71824,40774207.0,5.82,4.18,0.23,3.12
1839,2014-04-17,5.71,5.74,5.82,5.66,53453,30703548.0,2.79,0.17,0.01,2.32
1840,2014-04-18,5.75,5.7,5.79,5.67,27596,15789033.0,2.09,-0.7,-0.04,1.2
1841,2014-04-21,5.59,5.48,5.69,5.46,45109,25125224.0,4.04,-3.86,-0.22,1.96
1842,2014-04-22,5.46,5.68,5.68,5.44,45645,25350827.0,4.38,3.65,0.2,1.99
1843,2014-04-23,5.65,5.59,5.73,5.58,28887,16255125.0,2.64,-1.58,-0.09,1.26
1844,2014-04-24,5.54,5.55,5.59,5.47,22147,12240527.0,2.15,-0.72,-0.04,0.96
1845,2014-04-25,5.51,5.23,5.58,5.2,41695,22464074.0,6.85,-5.77,-0.32,1.81
1846,2014-04-28,5.11,5.13,5.18,5.08,25773,13216493.0,1.91,-1.91,-0.1,1.12
1847,2014-04-29,5.11,5.23,5.25,5.11,14505,7535582.0,2.73,1.95,0.1,0.63
1848,2014-04-30,5.24,5.33,5.33,5.21,19305,10170959.0,2.29,1.91,0.1,0.84
1849,2014-05-05,5.32,5.34,5.35,5.28,19146,10180498.0,1.31,0.19,0.01,0.83
1850,2014-05-06,5.35,5.43,5.49,5.31,29736,16016450.0,3.37,1.69,0.09,1.29
1851,2014-05-07,5.41,5.36,5.5,5.33,22217,11986000.0,3.13,-1.29,-0.07,0.97
1852,2014-05-08,5.35,5.57,5.63,5.33,38064,20983109.0,5.6,3.92,0.21,1.66
1853,2014-05-09,5.58,5.62,5.64,5.51,30068,16744245.0,2.33,0.9,0.05,1.31
1854,2014-05-12,5.58,5.67,5.75,5.56,39649,22357386.0,3.38,0.89,0.05,1.72
1855,2014-05-13,5.66,5.58,5.66,5.56,26829,15034411.0,1.76,-1.59,-0.09,1.17
1856,2014-05-14,5.57,5.69,5.73,5.54,32302,18188394.0,3.41,1.97,0.11,1.4
1857,2014-05-15,5.69,5.5,5.69,5.49,32551,18120535.0,3.51,-3.34,-0.19,1.42
1858,2014-05-16,5.47,5.88,6.05,5.45,145870,85639467.0,10.91,6.91,0.38,6.34
1859,2014-05-19,5.79,6.03,6.17,5.71,158623,94294201.0,7.82,2.55,0.15,6.9
1860,2014-05-20,5.96,6.0,6.11,5.89,106227,63683542.0,3.65,-0.5,-0.03,4.62
1861,2014-05-21,5.99,6.08,6.1,5.88,83368,49883117.0,3.67,1.33,0.08,3.63
1862,2014-05-22,6.08,6.24,6.36,6.03,156269,97244258.0,5.43,2.63,0.16,6.8
1863,2014-05-23,6.27,6.18,6.28,6.1,79463,49070364.0,2.88,-0.96,-0.06,3.46
1864,2014-05-26,6.17,6.28,6.28,6.01,104516,63867927.0,4.37,1.62,0.1,4.55
1865,2014-05-27,6.2,6.09,6.24,6.05,70997,43607532.0,3.03,-3.03,-0.19,3.09
1866,2014-05-28,6.09,6.1,6.16,6.04,47822,29157937.0,1.97,0.16,0.01,2.08
1867,2014-05-29,6.07,5.86,6.11,5.83,79252,47114871.0,4.59,-3.93,-0.24,3.45
1868,2014-05-30,5.85,5.88,5.97,5.82,45890,27121506.0,2.56,0.34,0.02,2.0
1869,2014-06-03,5.9,5.89,6.02,5.86,32333,19156241.0,2.72,0.17,0.01,1.41
1870,2014-06-04,5.89,6.12,6.12,5.83,58622,35043651.0,4.92,3.9,0.23,2.55
1871,2014-06-05,6.08,6.12,6.16,6.04,56313,34360231.0,1.96,0.0,0.0,2.45
1872,2014-06-06,6.13,6.1,6.23,6.03,46966,28836538.0,3.27,-0.33,-0.02,2.04
1873,2014-06-09,6.07,5.91,6.15,5.86,44967,27040807.0,4.75,-3.11,-0.19,1.96
1874,2014-06-10,5.88,6.03,6.06,5.86,33124,19713586.0,3.38,2.03,0.12,1.44
1875,2014-06-11,6.0,5.95,6.03,5.89,32222,19205754.0,2.32,-1.33,-0.08,1.4
1876,2014-06-12,5.94,5.76,5.94,5.72,55861,32444425.0,3.7,-3.19,-0.19,2.43
1877,2014-06-13,5.77,5.85,5.88,5.77,32628,19043619.0,1.91,1.56,0.09,1.42
1878,2014-06-16,5.83,5.94,5.95,5.8,35405,20857764.0,2.56,1.54,0.09,1.54
1879,2014-06-17,5.93,5.86,5.95,5.85,27262,16076729.0,1.68,-1.35,-0.08,1.19
1880,2014-06-18,5.84,5.74,5.86,5.66,38172,22005910.0,3.41,-2.05,-0.12,1.66
1881,2014-06-19,5.75,5.56,5.81,5.53,25653,14574069.0,4.88,-3.14,-0.18,1.12
1882,2014-06-20,5.58,5.67,5.67,5.51,20134,11261174.0,2.88,1.98,0.11,0.88
1883,2014-06-23,5.68,5.72,5.76,5.65,17657,10094702.0,1.94,0.88,0.05,0.77
1884,2014-06-24,5.72,5.8,5.82,5.68,19583,11282660.0,2.45,1.4,0.08,0.85
1885,2014-06-25,5.81,5.85,5.89,5.7,19783,11514191.0,3.28,0.86,0.05,0.86
1886,2014-06-26,5.83,5.88,5.91,5.82,21599,12666693.0,1.54,0.51,0.03,0.94
1887,2014-06-27,5.87,5.9,5.93,5.82,27630,16275312.0,1.87,0.34,0.02,1.2
1888,2014-06-30,5.91,5.92,5.99,5.87,27996,16590228.0,2.03,0.34,0.02,1.22
1889,2014-07-01,5.95,6.02,6.15,5.95,39834,24129798.0,3.38,1.69,0.1,1.73
1890,2014-07-02,6.03,6.0,6.11,5.98,31876,19245671.0,2.16,-0.33,-0.02,1.39
1891,2014-07-03,5.99,6.17,6.19,5.98,41796,25553423.0,3.5,2.83,0.17,1.82
1892,2014-07-04,6.16,6.13,6.22,6.09,27528,16919900.0,2.11,-0.65,-0.04,1.2
1893,2014-07-07,6.11,6.14,6.21,6.0,41688,25483562.0,3.43,0.16,0.01,1.81
1894,2014-07-08,6.14,6.16,6.21,6.09,25269,15531009.0,1.95,0.33,0.02,1.1
1895,2014-07-09,6.16,6.08,6.32,6.05,44625,27660771.0,4.38,-1.3,-0.08,1.94
1896,2014-07-10,6.05,6.22,6.37,6.03,50424,31462938.0,5.59,2.3,0.14,2.19
1897,2014-07-11,6.18,6.36,6.4,6.18,47189,29852713.0,3.54,2.25,0.14,2.05
1898,2014-07-14,6.4,6.62,6.7,6.37,74511,49207533.0,5.19,4.09,0.26,3.24
1899,2014-07-15,6.64,7.28,7.28,6.5,125839,86124930.0,11.78,9.97,0.66,5.47
1900,2014-07-16,8.01,8.01,8.01,8.01,27616,22120063.0,0.0,10.03,0.73,1.2
1901,2014-07-17,8.3,8.3,8.81,7.31,358990,290218192.0,18.73,3.62,0.29,15.61
1902,2014-07-18,7.99,9.13,9.13,7.82,453288,404304624.0,15.78,10.0,0.83,19.71
1903,2014-07-21,8.91,10.04,10.04,8.81,417805,401463984.0,13.47,9.97,0.91,18.17
1904,2014-07-22,9.98,10.1,10.49,9.49,482971,485601136.0,9.96,0.6,0.06,21.01
1905,2014-07-23,9.8,9.59,10.24,9.46,370164,361829792.0,7.72,-5.05,-0.51,16.1
1906,2014-07-24,9.3,9.02,9.57,8.96,298921,274760368.0,6.36,-5.94,-0.57,13.0
1907,2014-07-25,9.06,9.21,9.33,8.97,222254,203540345.0,3.99,2.11,0.19,9.67
1908,2014-07-28,9.05,9.17,9.49,9.01,263955,244253140.0,5.21,-0.43,-0.04,11.48
1909,2014-07-29,9.2,10.09,10.09,8.98,391801,377052496.0,12.1,10.03,0.92,17.04
1910,2014-07-30,10.07,9.7,10.39,9.62,372147,369522512.0,7.63,-3.87,-0.39,16.19
1911,2014-07-31,9.5,9.46,9.57,9.3,221405,208381615.0,2.78,-2.47,-0.24,9.63
1912,2014-08-01,9.33,9.38,9.79,9.26,193532,184060719.0,5.6,-0.85,-0.08,8.42
1913,2014-08-04,9.45,9.52,9.68,9.25,153926,145224611.0,4.58,1.49,0.14,6.69
1914,2014-08-05,9.45,9.54,9.77,9.36,149821,142657558.0,4.31,0.21,0.02,6.52
1915,2014-08-06,9.41,9.25,9.44,9.09,153399,141805455.0,3.67,-3.04,-0.29,6.67
1916,2014-08-07,9.29,9.28,9.42,9.11,126394,116904261.0,3.35,0.32,0.03,5.5
1917,2014-08-08,9.24,9.27,9.31,9.11,92331,85071559.0,2.16,-0.11,-0.01,4.02
1918,2014-08-11,9.26,9.48,9.65,9.22,196653,186189101.0,4.64,2.27,0.21,8.55
1919,2014-08-12,9.47,9.64,9.73,9.18,229948,218309760.0,5.8,1.69,0.16,10.0
1920,2014-08-13,9.68,9.29,9.68,9.22,137390,128954040.0,4.77,-3.63,-0.35,5.98
1921,2014-08-14,9.33,9.29,9.75,9.15,173179,163658659.0,6.46,0.0,0.0,7.53
1922,2014-08-15,9.2,9.41,9.68,9.02,221093,208490486.0,7.1,1.29,0.12,9.62
1923,2014-08-18,9.25,9.33,9.42,9.21,119428,111179728.0,2.23,-0.85,-0.08,5.19
1924,2014-08-19,9.3,9.29,9.45,9.16,134653,125164607.0,3.11,-0.43,-0.04,5.86
1925,2014-08-20,9.33,9.73,9.95,9.21,279304,269062992.0,7.97,4.74,0.44,12.15
1926,2014-08-21,9.7,9.61,9.72,9.41,135633,129348894.0,3.19,-1.23,-0.12,5.9
1927,2014-08-22,9.63,9.72,9.97,9.53,144378,140612675.0,4.58,1.14,0.11,6.28
1928,2014-08-25,9.65,9.54,9.66,9.35,98796,93543061.0,3.19,-1.85,-0.18,4.3
1929,2014-08-26,9.53,8.88,9.55,8.83,141894,130330871.0,7.55,-6.92,-0.66,6.17
1930,2014-08-27,8.76,8.59,8.87,8.52,108485,94014634.0,3.94,-3.27,-0.29,4.7
1931,2014-08-28,8.61,8.36,8.65,8.34,85045,71730825.0,3.61,-2.68,-0.23,3.68
1932,2014-08-29,8.38,8.5,8.64,8.32,67764,57412362.0,3.83,1.67,0.14,2.93
1933,2014-09-01,8.48,8.7,8.71,8.45,55226,47616712.0,3.06,2.35,0.2,2.39
1934,2014-09-02,8.72,8.89,8.91,8.67,84813,74717488.0,2.76,2.18,0.19,3.67
1935,2014-09-03,8.88,8.9,9.04,8.79,70333,62789501.0,2.81,0.11,0.01,3.04
1936,2014-09-04,8.9,9.2,9.3,8.86,98628,89726064.0,4.94,3.37,0.3,4.27
1937,2014-09-05,9.14,9.14,9.16,9.02,65521,59579201.0,1.52,-0.65,-0.06,2.84
1938,2014-09-09,9.16,9.2,9.28,9.07,63223,57969491.0,2.3,0.66,0.06,2.74
1939,2014-09-10,9.16,9.3,9.3,9.0,71971,66247597.0,3.26,1.09,0.1,3.12
1940,2014-09-11,9.3,9.2,9.69,9.13,117256,110234088.0,6.02,-1.08,-0.1,5.08
1941,2014-09-12,9.18,9.29,9.34,9.07,60188,55589959.0,2.93,0.98,0.09,2.61
1942,2014-09-15,9.34,9.58,9.65,9.25,110334,104826509.0,4.31,3.12,0.29,4.78
1943,2014-09-16,9.58,9.05,9.59,9.01,96406,89875199.0,6.05,-5.53,-0.53,4.17
1944,2014-09-17,9.05,9.11,9.2,8.55,85566,76489460.0,7.18,0.66,0.06,3.7
1945,2014-09-18,9.04,9.34,9.42,8.95,86226,79799462.0,5.16,2.52,0.23,3.73
1946,2014-09-19,9.3,9.73,9.92,9.24,191079,183836893.0,7.28,4.18,0.39,8.27
1947,2014-09-22,9.63,9.74,9.9,9.49,130384,126690403.0,4.21,0.1,0.01,5.64
1948,2014-09-23,9.7,10.71,10.71,9.69,438269,461872528.0,10.47,9.96,0.97,18.97
1949,2014-09-24,10.65,10.68,10.96,10.38,298742,317861120.0,5.42,-0.28,-0.03,12.93
1950,2014-09-25,10.67,10.3,10.67,10.25,183125,191661345.0,3.93,-3.56,-0.38,7.93
1951,2014-09-26,10.23,10.24,10.48,10.16,113794,117266010.0,3.11,-0.58,-0.06,4.93
1952,2014-09-29,10.25,10.43,10.58,10.21,105212,108882303.0,3.61,1.86,0.19,4.55
1953,2014-09-30,10.48,10.38,10.57,10.23,113196,117579001.0,3.26,-0.48,-0.05,4.9
1954,2014-10-08,10.4,10.88,10.88,10.29,189822,202093945.0,5.68,4.82,0.5,8.22
1955,2014-10-09,10.85,10.91,11.97,10.6,189903,208515051.0,12.59,0.28,0.03,8.22
1956,2014-10-10,10.92,10.6,10.92,10.52,105821,113059526.0,3.67,-2.84,-0.31,4.58
1957,2014-10-13,10.45,10.75,10.79,10.0,138513,144397059.0,7.45,1.42,0.15,6.0
1958,2014-10-14,10.6,10.63,10.92,10.48,91996,98001935.0,4.09,-1.12,-0.12,3.98
1959,2014-10-15,10.63,10.63,10.75,10.54,69895,74431367.0,1.98,0.0,0.0,3.03
1960,2014-10-16,10.53,10.22,10.87,10.21,88696,93300299.0,6.21,-3.86,-0.41,3.84
1961,2014-10-17,10.15,9.82,10.32,9.66,85318,84757643.0,6.46,-3.91,-0.4,3.69
1962,2014-10-20,9.81,10.03,10.1,9.81,43951,43888650.0,2.95,2.14,0.21,1.9
1963,2014-10-21,10.07,10.04,10.27,10.02,64671,65604827.0,2.49,0.1,0.01,2.8
1964,2014-10-22,10.09,10.33,10.53,10.04,89429,92274125.0,4.88,2.89,0.29,3.87
1965,2014-10-23,10.18,9.93,10.36,9.8,57616,58036836.0,5.42,-3.87,-0.4,2.49
1966,2014-10-24,9.93,10.03,10.2,9.89,37990,38215588.0,3.12,1.01,0.1,1.64
1967,2014-10-27,9.96,9.87,10.13,9.71,47904,47250077.0,4.19,-1.6,-0.16,2.07
1968,2014-10-28,9.87,10.25,10.3,9.87,55363,56334824.0,4.36,3.85,0.38,2.4
1969,2014-10-29,10.38,10.49,10.6,10.27,122260,127943130.0,3.22,2.34,0.24,5.29
1970,2014-10-30,10.49,10.51,10.64,10.31,91751,96031119.0,3.15,0.19,0.02,3.97
1971,2014-10-31,10.5,10.48,10.6,10.25,76488,79706572.0,3.33,-0.29,-0.03,3.31
1972,2014-11-03,10.5,10.73,10.78,10.31,116150,122858746.0,4.48,2.39,0.25,5.03
1973,2014-11-04,10.82,11.24,11.4,10.63,190379,211305704.0,7.18,4.75,0.51,8.24
1974,2014-11-05,11.03,11.13,11.17,10.81,129504,142007546.0,3.2,-0.98,-0.11,5.61
1975,2014-11-06,11.02,11.43,11.59,10.82,166041,186483415.0,6.92,2.7,0.3,7.19
1976,2014-11-07,11.45,11.13,11.9,11.05,124631,141824090.0,7.44,-2.62,-0.3,5.4
1977,2014-11-10,11.3,11.38,11.46,10.98,105993,119672982.0,4.31,2.25,0.25,4.59
1978,2014-11-11,11.46,10.24,11.46,10.24,139886,149525060.0,10.72,-10.02,-1.14,6.06
1979,2014-11-12,10.09,10.27,10.43,9.95,71301,72585745.0,4.69,0.29,0.03,3.09
1980,2014-11-13,10.25,9.82,10.38,9.8,70713,70567178.0,5.65,-4.38,-0.45,3.06
1981,2014-11-14,9.79,9.61,9.98,9.57,59307,57768862.0,4.18,-2.14,-0.21,2.57
1982,2014-11-17,9.66,9.9,9.9,9.66,36731,36079269.0,2.5,3.02,0.29,1.59
1983,2014-11-18,9.99,9.9,10.17,9.77,45511,45223021.0,4.04,0.0,0.0,1.97
1984,2014-11-19,9.85,9.94,9.99,9.84,28139,27899326.0,1.52,0.4,0.04,1.22
1985,2014-11-20,9.95,9.9,10.07,9.86,42474,42264656.0,2.11,-0.4,-0.04,1.84
1986,2014-11-21,9.91,10.07,10.12,9.81,50071,50265077.0,3.13,1.72,0.17,2.17
1987,2014-11-24,10.15,10.19,10.38,9.97,70440,71388565.0,4.07,1.19,0.12,3.05
1988,2014-11-25,10.2,10.2,10.27,10.11,52027,53032813.0,1.57,0.1,0.01,2.25
1989,2014-11-26,10.21,10.61,10.7,10.18,100406,104371116.0,5.1,4.02,0.41,4.35
1990,2014-11-27,10.61,10.68,10.77,10.46,86625,92050445.0,2.92,0.66,0.07,3.75
1991,2014-11-28,10.6,10.87,10.87,10.36,99942,105720605.0,4.78,1.78,0.19,4.33
1992,2014-12-01,10.89,11.04,11.19,10.52,143059,154666547.0,6.16,1.56,0.17,6.19
1993,2014-12-02,10.96,10.96,11.08,10.75,86470,94279417.0,2.99,-0.72,-0.08,3.74
1994,2014-12-03,10.96,10.53,11.0,10.49,149230,158060813.0,4.65,-3.92,-0.43,6.46
1995,2014-12-04,10.56,10.59,10.94,10.55,120599,129350500.0,3.7,0.57,0.06,5.22
1996,2014-12-05,10.65,9.95,10.78,9.63,128203,130417171.0,10.86,-6.04,-0.64,5.55
1997,2014-12-08,9.72,9.78,10.18,9.7,100135,99265516.0,4.82,-1.71,-0.17,4.33
1998,2014-12-09,9.71,9.8,10.28,9.61,109536,109500453.0,6.85,0.2,0.02,4.74
1999,2014-12-10,9.7,10.18,10.27,9.61,74705,74784380.0,6.73,3.88,0.38,3.23
2000,2014-12-11,10.5,11.2,11.2,10.5,124124,137642379.0,6.88,10.02,1.02,5.37
2001,2014-12-12,11.66,11.15,11.74,10.8,233730,262807992.0,8.39,-0.45,-0.05,10.12
2002,2014-12-15,10.9,11.04,11.17,10.71,101487,111369575.0,4.13,-0.99,-0.11,4.39
2003,2014-12-16,10.89,11.17,11.57,10.89,125658,141588454.0,6.16,1.18,0.13,5.44
2004,2014-12-17,11.1,11.1,11.19,10.53,106628,115374086.0,5.91,-0.63,-0.07,4.62
2005,2014-12-18,10.99,11.3,11.31,10.86,116678,130268504.0,4.05,1.8,0.2,5.05
2006,2014-12-19,11.36,11.51,11.9,10.99,160002,183287115.0,8.05,1.86,0.21,6.93
2007,2014-12-22,11.28,10.62,11.5,10.5,103230,112530902.0,8.69,-7.73,-0.89,4.47
2008,2014-12-23,10.55,9.82,10.87,9.82,73047,76539849.0,9.89,-7.53,-0.8,3.16
2009,2014-12-24,9.95,10.05,10.21,9.86,54061,54436876.0,3.56,2.34,0.23,2.34
2010,2014-12-25,10.2,10.25,10.27,10.03,37084,37748719.0,2.39,1.99,0.2,1.61
2011,2014-12-26,10.27,10.13,10.27,10.03,48754,49401052.0,2.34,-1.17,-0.12,2.11
2012,2014-12-29,10.14,9.85,10.22,9.82,62276,61861858.0,3.95,-2.76,-0.28,2.7
2013,2014-12-30,9.8,9.25,9.98,9.0,84768,80093545.0,9.95,-6.09,-0.6,3.67
2014,2014-12-31,9.1,10.18,10.18,9.09,92700,91130196.0,11.78,10.05,0.93,4.01
2015,2015-01-05,10.48,10.7,11.2,10.3,187764,203194417.0,8.84,5.11,0.52,8.13
2016,2015-01-06,10.5,10.57,10.98,10.46,117435,125133541.0,4.86,-1.21,-0.13,5.08
2017,2015-01-07,10.55,10.79,10.94,10.51,92272,98903683.0,4.07,2.08,0.22,3.99
2018,2015-01-08,10.79,11.22,11.87,10.66,190174,216511408.0,11.21,3.99,0.43,8.23
2019,2015-01-09,11.18,10.72,11.25,10.72,101557,111633242.0,4.72,-4.46,-0.5,4.4
2020,2015-01-12,10.45,10.19,10.6,10.05,69421,71667646.0,5.13,-4.94,-0.53,3.01
2021,2015-01-13,10.19,10.26,10.38,10.12,44227,45238041.0,2.55,0.69,0.07,1.91
2022,2015-01-14,10.22,10.06,10.38,10.01,45956,46864646.0,3.61,-1.95,-0.2,1.99
2023,2015-01-15,10.06,10.23,10.26,10.0,32188,32788795.0,2.58,1.69,0.17,1.39
2024,2015-01-16,10.26,10.45,10.6,10.24,39607,41213101.0,3.52,2.15,0.22,1.71
2025,2015-01-19,10.1,10.3,10.95,9.93,89673,93660014.0,9.76,-1.44,-0.15,3.88
2026,2015-01-20,10.42,11.33,11.33,10.42,275904,308197248.0,8.83,10.0,1.03,11.94
2027,2015-01-21,11.45,12.46,12.46,11.23,281537,333924320.0,10.86,9.97,1.13,12.19
2028,2015-01-22,13.0,13.71,13.71,12.81,443150,596005392.0,7.22,10.03,1.25,19.18
2029,2015-01-23,13.99,13.3,14.15,13.17,369993,499714688.0,7.15,-2.99,-0.41,16.02
2030,2015-01-26,13.5,13.55,13.71,13.04,266980,359842928.0,5.04,1.88,0.25,11.56
2031,2015-01-27,13.41,13.33,13.89,12.86,242639,322349024.0,7.6,-1.62,-0.22,10.5
2032,2015-01-28,13.2,13.24,13.49,13.01,150023,198454150.0,3.6,-0.68,-0.09,6.49
2033,2015-01-29,13.03,13.25,13.78,12.94,179028,240065832.0,6.34,0.08,0.01,7.75
2034,2015-01-30,13.15,13.44,14.01,13.04,264774,361623392.0,7.32,1.43,0.19,11.46
2035,2015-02-02,13.0,12.16,13.0,12.1,240497,295594752.0,6.7,-9.52,-1.28,10.41
2036,2015-02-03,12.28,12.66,12.66,12.03,153875,190157270.0,5.18,4.11,0.5,6.66
2037,2015-02-04,12.6,12.49,12.64,12.28,115617,143593370.0,2.84,-1.34,-0.17,5.01
2038,2015-02-05,12.5,12.87,13.2,12.19,217229,276763456.0,8.09,3.04,0.38,9.4
2039,2015-02-06,12.6,13.05,13.63,12.5,231963,303534768.0,8.78,1.4,0.18,10.04
2040,2015-02-09,13.1,11.75,13.28,11.75,207413,250335781.0,11.72,-9.96,-1.3,8.98
2041,2015-02-10,11.5,11.64,11.69,11.05,130959,147541253.0,5.45,-0.94,-0.11,5.67
2042,2015-02-11,11.5,11.72,12.0,11.4,107535,125861079.0,5.15,0.69,0.08,4.66
2043,2015-02-12,11.74,11.73,11.83,11.5,76386,89089673.0,2.82,0.09,0.01,3.31
2044,2015-02-13,11.73,11.82,12.16,11.73,104487,124412035.0,3.67,0.77,0.09,4.52
2045,2015-02-16,11.89,12.06,12.08,11.62,94951,112821785.0,3.89,2.03,0.24,4.11
2046,2015-02-17,12.16,12.26,12.56,12.1,110412,136299769.0,3.81,1.66,0.2,4.78
2047,2015-02-25,12.2,12.44,12.8,12.05,116142,144413465.0,6.12,1.47,0.18,5.03
2048,2015-02-26,12.41,12.36,12.41,12.12,89261,109545047.0,2.33,-0.64,-0.08,3.86
2049,2015-02-27,12.34,12.66,12.75,12.3,123198,153586597.0,3.64,2.43,0.3,5.33
2050,2015-03-02,12.88,12.87,12.96,12.51,130552,166023137.0,3.55,1.66,0.21,5.65
2051,2015-03-03,12.87,12.48,12.87,12.47,124028,157020390.0,3.11,-3.03,-0.39,5.37
2052,2015-03-04,12.45,12.67,12.71,12.31,92193,115666001.0,3.21,1.52,0.19,3.99
2053,2015-03-05,12.61,12.92,13.23,12.52,147757,190606697.0,5.6,1.97,0.25,6.4
2054,2015-03-06,12.8,13.36,13.58,12.53,199121,261607505.0,8.13,3.41,0.44,8.62
2055,2015-03-09,13.2,13.26,13.32,12.74,110350,144900117.0,4.34,-0.75,-0.1,4.78
2056,2015-03-10,13.33,13.12,13.43,13.02,91110,120009067.0,3.09,-1.06,-0.14,3.94
2057,2015-03-11,13.12,12.75,13.15,12.65,92613,118922596.0,3.81,-2.82,-0.37,4.01
2058,2015-03-12,12.78,12.87,13.02,12.58,70859,90760554.0,3.45,0.94,0.12,3.07
2059,2015-03-13,13.26,12.94,13.27,12.9,67858,88392964.0,2.87,0.54,0.07,2.94
2060,2015-03-16,12.93,13.17,13.25,12.84,102352,133752171.0,3.17,1.78,0.23,4.43
2061,2015-03-17,13.2,14.49,14.49,13.08,188313,260668626.0,10.71,10.02,1.32,8.15
2062,2015-03-18,14.99,15.02,15.33,14.5,312884,467670208.0,5.73,3.66,0.53,13.54
2063,2015-03-19,15.11,14.71,15.14,14.58,160012,235490430.0,3.73,-2.06,-0.31,6.93
2064,2015-03-20,14.73,14.81,14.82,14.48,126439,184932149.0,2.31,0.68,0.1,5.47
2065,2015-03-23,14.71,14.75,14.78,14.45,131758,192576956.0,2.23,-0.41,-0.06,5.7
2066,2015-03-24,14.75,15.48,15.66,14.5,246299,369499808.0,7.86,4.95,0.73,10.66
2067,2015-03-25,15.2,14.98,15.36,14.71,156583,235963123.0,4.2,-3.23,-0.5,6.78
2068,2015-03-26,15.1,14.88,15.45,14.75,141503,213667003.0,4.67,-0.67,-0.1,6.13
2069,2015-03-27,14.7,14.85,14.96,14.7,69971,103854874.0,1.75,-0.2,-0.03,3.03
2070,2015-03-30,14.8,14.56,14.85,14.42,108656,158166546.0,2.9,-1.95,-0.29,4.7
2071,2015-03-31,14.66,14.55,14.85,14.5,85606,125470144.0,2.4,-0.07,-0.01,3.71
2072,2015-04-01,14.55,15.02,15.18,14.45,250980,368443024.0,5.02,3.23,0.47,10.86
2073,2015-04-02,15.02,15.33,15.35,14.71,212738,320227632.0,4.26,2.06,0.31,9.21
2074,2015-04-03,15.04,15.74,15.99,14.95,215017,332450960.0,6.78,2.67,0.41,9.31
2075,2015-04-07,15.79,15.67,15.83,15.43,124450,194338863.0,2.54,-0.44,-0.07,5.39
2076,2015-04-08,15.68,15.03,15.74,14.6,135809,205857568.0,7.28,-4.08,-0.64,5.88
2077,2015-04-09,15.0,16.22,16.49,14.77,267739,422936064.0,11.44,7.92,1.19,11.59
2078,2015-04-10,15.9,16.38,16.9,15.71,246103,403392688.0,7.34,0.99,0.16,10.65
2079,2015-04-13,16.4,16.73,17.15,16.05,200123,330053696.0,6.72,2.14,0.35,8.66
2080,2015-04-14,16.7,16.36,16.7,16.25,121979,200631610.0,2.69,-2.21,-0.37,5.28
2081,2015-04-15,16.2,15.85,16.85,15.29,150770,243001194.0,9.54,-3.12,-0.51,6.53
2082,2015-04-16,15.4,16.13,16.59,15.05,121201,193582179.0,9.72,1.77,0.28,5.25
2083,2015-04-17,16.16,16.13,16.5,16.06,136199,221492220.0,2.73,0.0,0.0,5.9
2084,2015-04-20,16.08,15.12,16.08,15.01,133833,208225067.0,6.63,-6.26,-1.01,5.79
2085,2015-04-21,15.12,15.61,15.77,15.01,77767,120223103.0,5.03,3.24,0.49,3.37
2086,2015-04-22,15.71,17.17,17.17,15.71,148282,248393556.0,9.35,9.99,1.56,6.42
2087,2015-04-23,17.3,16.99,17.51,16.56,219481,372887280.0,5.53,-1.05,-0.18,9.5
2088,2015-04-24,16.31,16.58,16.95,16.23,116440,192872814.0,4.24,-2.41,-0.41,5.04
2089,2015-04-27,16.35,16.69,17.19,16.35,129354,216133654.0,5.07,0.66,0.11,5.6
2090,2015-04-28,16.68,16.1,16.89,15.95,119262,194802031.0,5.63,-3.54,-0.59,5.16
2091,2015-04-29,15.91,16.15,16.32,15.73,89240,143183229.0,3.66,0.31,0.05,3.86
2092,2015-04-30,16.29,16.08,16.65,16.05,78674,128773407.0,3.72,-0.43,-0.07,3.41
2093,2015-05-04,16.0,16.04,16.19,15.62,57751,92161966.0,3.54,-0.25,-0.04,2.5
2094,2015-05-05,16.05,15.09,16.28,15.07,83253,129748162.0,7.54,-5.92,-0.95,3.6
2095,2015-05-06,15.09,14.57,15.5,14.4,66224,99896183.0,7.29,-3.45,-0.52,2.87
2096,2015-05-07,14.7,13.82,14.89,13.64,79380,111873603.0,8.58,-5.15,-0.75,3.44
2097,2015-05-08,14.05,14.27,14.35,13.88,75090,105720162.0,3.4,3.26,0.45,3.25
2098,2015-05-11,14.52,15.06,15.26,14.4,82513,121777685.0,6.03,5.54,0.79,3.57
2099,2015-05-12,15.02,15.33,15.65,14.89,90576,138761906.0,5.05,1.79,0.27,3.92
2100,2015-05-13,15.28,15.53,15.55,14.95,95320,146319577.0,3.91,1.3,0.2,4.13
2101,2015-05-14,15.36,15.86,16.33,15.36,97453,154843625.0,6.25,2.12,0.33,4.22
2102,2015-05-15,15.7,16.15,16.62,15.55,124234,201741408.0,6.75,1.83,0.29,5.38
2103,2015-05-18,16.2,16.53,16.86,16.0,131610,215203544.0,5.33,2.35,0.38,5.7
2104,2015-05-19,16.92,18.18,18.18,16.92,107318,189737897.0,7.62,9.98,1.65,4.65
2105,2015-05-20,18.88,18.01,19.5,17.76,289389,543697824.0,9.57,-0.94,-0.17,12.53
2106,2015-05-21,17.7,19.81,19.81,17.52,169108,318004896.0,12.72,9.99,1.8,7.32
2107,2015-05-22,21.0,20.33,21.79,19.83,248924,514705264.0,9.89,2.62,0.52,10.78
2108,2015-05-25,19.5,20.34,20.87,19.22,183780,368643680.0,8.12,0.05,0.01,7.96
2109,2015-05-26,20.37,20.75,21.89,19.86,167395,346716944.0,9.98,2.02,0.41,7.25
2110,2015-05-27,20.68,20.64,20.85,19.8,157200,318842528.0,5.06,-0.53,-0.11,6.81
2111,2015-05-28,20.8,18.58,21.49,18.58,168244,336698960.0,14.1,-9.98,-2.06,7.28
2112,2015-05-29,18.58,18.61,19.0,16.84,114611,210232410.0,11.63,0.16,0.03,4.96
2113,2015-06-01,18.65,19.52,19.82,18.45,100441,194898976.0,7.36,4.89,0.91,4.35
2114,2015-06-02,19.71,20.22,20.4,19.55,109566,219809716.0,4.35,3.59,0.7,4.74
2115,2015-06-03,20.55,22.24,22.24,19.8,203943,428764576.0,12.07,9.99,2.02,8.83
2116,2015-06-04,22.14,22.98,23.5,20.2,210664,463910848.0,14.84,3.33,0.74,9.12
2117,2015-06-05,23.2,25.07,25.28,22.23,305035,735913456.0,13.27,9.09,2.09,13.2
2118,2015-06-08,24.5,23.91,24.97,23.2,222275,535377968.0,7.06,-4.63,-1.16,9.62
2119,2015-06-09,23.9,22.97,24.28,22.82,149212,347696432.0,6.11,-3.93,-0.94,6.46
2120,2015-06-10,22.75,23.13,23.88,21.98,124864,288924816.0,8.27,0.7,0.16,5.41
2121,2015-06-11,22.98,23.96,24.2,22.66,123450,292382528.0,6.66,3.59,0.83,5.34
2122,2015-06-12,23.71,24.67,25.71,23.53,189565,465055552.0,9.1,2.96,0.71,8.21
2123,2015-06-15,24.81,24.98,26.0,24.68,167719,424467536.0,5.35,1.26,0.31,7.26
2124,2015-06-16,24.24,24.31,25.73,24.0,134328,333176112.0,6.93,-2.68,-0.67,5.82
2125,2015-06-17,25.3,26.74,26.74,25.03,110315,289740096.0,7.03,10.0,2.43,4.78
2126,2015-06-18,29.41,27.8,29.41,27.47,383479,1099401648.0,7.26,3.96,1.06,16.6
2127,2015-06-19,26.02,29.7,30.58,26.02,432009,1250769648.0,16.4,6.83,1.9,18.7
2128,2015-06-23,27.42,32.55,32.6,26.73,440118,1267838048.0,19.76,9.6,2.85,19.05
2129,2015-06-24,31.48,33.91,35.5,31.05,473355,1581691552.0,13.67,4.18,1.36,20.49
2130,2015-06-25,33.3,30.99,35.0,30.52,411207,1356246656.0,13.21,-8.61,-2.92,17.8
2131,2015-06-26,28.82,27.89,29.75,27.89,159717,452540560.0,6.0,-10.0,-3.1,6.91
2132,2015-06-29,27.9,25.1,28.31,25.1,257911,672673296.0,11.51,-10.0,-2.79,11.16
2133,2015-06-30,23.1,23.6,25.28,22.59,276062,652230048.0,10.72,-5.98,-1.5,11.95
2134,2015-07-01,22.8,21.81,25.85,21.7,292934,707868064.0,17.58,-7.58,-1.79,12.68
2135,2015-07-02,21.0,19.63,21.66,19.63,174247,352278400.0,9.31,-10.0,-2.18,7.54
2136,2015-07-03,18.2,17.67,19.5,17.67,180156,324220128.0,9.32,-9.98,-1.96,7.8
2137,2015-07-06,18.88,16.03,19.0,15.9,269621,457663632.0,17.54,-9.28,-1.64,11.67
2138,2015-07-07,14.56,14.43,14.98,14.43,68853,99990030.0,3.43,-9.98,-1.6,2.98
2139,2015-07-08,12.99,12.99,12.99,12.99,246064,319637136.0,0.0,-9.98,-1.44,10.65
2140,2015-07-09,11.8,14.29,14.29,11.8,209374,282827440.0,19.17,10.01,1.3,9.06
2141,2015-07-10,14.5,15.72,15.72,14.35,181247,280521168.0,9.59,10.01,1.43,7.85
2142,2015-07-13,16.57,17.29,17.29,16.31,187231,315036240.0,6.23,9.99,1.57,8.11
2143,2015-07-14,17.91,18.35,19.02,17.36,301335,549933040.0,9.6,6.13,1.06,13.04
2144,2015-07-15,17.41,16.52,18.07,16.52,162793,279341072.0,8.45,-9.97,-1.83,7.05
2145,2015-07-16,14.87,16.61,17.6,14.87,214492,350082304.0,16.53,0.54,0.09,9.29
2146,2015-07-17,16.3,18.2,18.27,16.3,225203,393693472.0,11.86,9.57,1.59,9.75
2147,2015-07-20,18.7,19.2,19.85,18.2,245880,467802992.0,9.07,5.49,1.0,10.64
2148,2015-07-21,18.5,20.6,21.12,18.18,290415,585182704.0,15.31,7.29,1.4,12.57
2149,2015-07-22,20.0,22.66,22.66,19.8,293427,617443312.0,13.88,10.0,2.06,12.7
2150,2015-07-23,23.2,24.93,24.93,22.7,332101,793729424.0,9.84,10.02,2.27,14.38
2151,2015-07-24,24.93,23.95,26.08,22.88,358194,898980704.0,12.84,-3.93,-0.98,15.51
2152,2015-07-27,22.75,21.73,25.7,21.57,321151,772304176.0,17.24,-9.27,-2.22,13.9
2153,2015-07-28,20.0,22.6,23.21,19.59,295259,625936192.0,16.66,4.0,0.87,12.78
2154,2015-07-29,22.65,24.29,24.5,21.47,241165,549420864.0,13.41,7.48,1.69,10.44
2155,2015-07-30,24.0,23.05,25.58,22.8,262777,640684464.0,11.45,-5.1,-1.24,11.38
2156,2015-07-31,22.4,20.75,23.49,20.75,165882,360920656.0,11.89,-9.98,-2.3,7.18
2157,2015-08-03,20.0,18.68,20.2,18.68,113921,217593047.0,7.33,-9.98,-2.07,4.93
2158,2015-08-04,18.1,20.55,20.55,18.1,171295,338671056.0,13.12,10.01,1.87,7.42
2159,2015-08-05,21.0,21.04,22.2,20.26,225824,479766704.0,9.44,2.38,0.49,9.78
2160,2015-08-06,20.06,19.71,21.0,19.63,129402,262330779.0,6.51,-6.32,-1.33,5.6
2161,2015-08-07,20.39,20.43,21.0,20.1,119214,244902220.0,4.57,3.65,0.72,5.16
2162,2015-08-10,21.5,22.47,22.47,21.26,115531,254586637.0,5.92,9.99,2.04,5.0
2163,2015-08-11,23.55,24.72,24.72,23.18,125381,304271872.0,6.85,10.01,2.25,5.43
2164,2015-08-12,26.0,27.19,27.19,25.67,153745,407733792.0,6.15,9.99,2.47,6.66
2165,2015-08-13,28.31,28.71,29.91,27.22,517939,1480458448.0,9.89,5.59,1.52,22.42
2166,2015-08-14,28.05,31.58,31.58,28.0,331864,991041760.0,12.47,10.0,2.87,14.37
2167,2015-08-17,32.0,34.15,34.74,31.66,430664,1457638944.0,9.75,8.14,2.57,18.64
2168,2015-08-18,33.0,30.74,33.66,30.74,131355,417121408.0,8.55,-9.99,-3.41,5.69
2169,2015-08-19,27.67,29.9,32.77,27.67,544926,1558521600.0,16.59,-2.73,-0.84,23.59
2170,2015-08-20,28.16,26.91,28.5,26.91,308996,841176608.0,5.32,-10.0,-2.99,13.38
2171,2015-08-21,25.12,24.33,27.5,24.22,270997,697030624.0,12.19,-9.59,-2.58,11.73
2172,2015-08-24,23.2,21.9,23.29,21.9,127205,282158496.0,5.71,-9.99,-2.43,5.51
2173,2015-08-25,19.71,19.71,20.69,19.71,170295,338449184.0,4.47,-10.0,-2.19,7.37
2174,2015-08-26,19.65,18.61,21.28,17.98,331384,655579696.0,16.74,-5.58,-1.1,14.35
2175,2015-08-27,19.68,19.85,19.98,17.05,301394,573561008.0,15.74,6.66,1.24,13.05
2176,2015-08-28,20.19,21.84,21.84,19.88,298391,623924592.0,9.87,10.03,1.99,12.92
2177,2015-08-31,22.0,21.9,23.86,21.7,321464,727002256.0,9.89,0.27,0.06,13.92
2178,2015-09-01,20.94,19.71,21.33,19.71,187160,374667968.0,7.4,-10.0,-2.19,8.1
2179,2015-09-02,17.74,17.74,20.82,17.74,230772,428686864.0,15.63,-9.99,-1.97,9.99
2180,2015-09-07,18.0,16.15,19.15,16.0,352234,617508640.0,17.76,-8.96,-1.59,15.25
2181,2015-09-08,15.51,17.0,17.48,14.54,312435,484953216.0,18.2,5.26,0.85,13.53
2182,2015-09-09,17.01,18.08,18.19,16.5,370870,648617792.0,9.94,6.35,1.08,16.05
2183,2015-09-10,17.42,17.79,18.9,17.2,308023,557637248.0,9.4,-1.6,-0.29,13.33
2184,2015-09-11,17.63,17.32,18.16,16.9,207050,361722656.0,7.08,-2.64,-0.47,8.96
2185,2015-09-14,19.05,19.05,19.05,18.25,525234,992026864.0,4.62,9.99,1.73,22.74
2186,2015-09-15,18.38,17.15,18.97,17.15,217863,391076144.0,9.55,-9.97,-1.9,9.43
2187,2015-09-16,16.03,18.87,18.87,16.03,407672,709143680.0,16.56,10.03,1.72,17.65
2188,2015-09-17,19.19,18.99,20.76,18.5,560278,1107015920.0,11.98,0.64,0.12,24.25
2189,2015-09-18,18.55,19.01,19.65,18.0,403664,762715184.0,8.69,0.11,0.02,17.47
2190,2015-09-21,18.6,19.79,20.2,18.4,340874,671063568.0,9.47,4.1,0.78,14.76
2191,2015-09-22,19.66,19.4,20.17,19.07,282181,553294000.0,5.56,-1.97,-0.39,12.22
2192,2015-09-23,18.7,19.69,20.27,18.5,307541,593713792.0,9.12,1.49,0.29,13.31
2193,2015-09-24,19.7,21.66,21.66,19.45,485254,1009686448.0,11.22,10.01,1.97,21.01
2194,2015-09-25,22.18,21.61,23.6,20.79,554152,1249511504.0,12.97,-0.23,-0.05,23.99
2195,2015-09-28,20.85,22.33,22.67,20.85,333075,728888480.0,8.42,3.33,0.72,14.42
2196,2015-09-29,21.5,20.45,22.28,20.4,271783,581596256.0,8.42,-8.42,-1.88,11.77
2197,2015-09-30,20.24,19.41,20.82,19.0,236424,466637536.0,8.9,-5.09,-1.04,10.23
2198,2015-10-08,20.17,21.18,21.35,19.43,255836,527309136.0,9.89,9.12,1.77,11.08
2199,2015-10-09,20.83,20.47,21.03,20.33,231119,477244928.0,3.31,-3.35,-0.71,10.01
2200,2015-10-12,20.6,21.49,22.0,20.6,258829,551917392.0,6.84,4.98,1.02,11.2
2201,2015-10-13,21.2,23.64,23.64,21.0,421986,968502672.0,12.28,10.0,2.15,18.27
2202,2015-10-14,23.6,22.51,23.6,22.46,350797,802121936.0,4.82,-4.78,-1.13,15.19
2203,2015-10-15,22.2,24.01,24.72,22.15,392465,932426560.0,11.42,6.66,1.5,16.99
2204,2015-10-16,24.5,25.38,26.05,23.31,452855,1112929984.0,11.41,5.71,1.37,19.6
2205,2015-10-19,24.88,25.21,26.58,24.53,386439,984380240.0,8.08,-0.67,-0.17,16.73
2206,2015-10-20,24.82,24.44,25.05,23.6,260069,632216176.0,5.75,-3.05,-0.77,11.26
2207,2015-10-21,24.5,22.0,25.4,22.0,299663,709825728.0,13.91,-9.98,-2.44,12.97
2208,2015-10-22,21.56,23.43,23.85,21.56,260642,595238816.0,10.41,6.5,1.43,11.28
2209,2015-10-23,23.5,23.48,24.03,22.8,242356,565142080.0,5.25,0.21,0.05,10.49
2210,2015-10-26,23.95,23.0,23.95,22.6,162098,374349392.0,5.75,-2.04,-0.48,7.02
2211,2015-10-27,22.8,25.3,25.3,22.51,355954,868050736.0,12.13,10.0,2.3,15.41
2212,2015-10-28,24.94,23.69,24.95,23.55,279993,681611760.0,5.53,-6.36,-1.61,12.12
2213,2015-10-29,24.13,23.99,25.08,23.86,206262,504625664.0,5.15,1.27,0.3,8.93
2214,2015-10-30,23.24,22.88,23.5,22.0,179037,409711504.0,6.25,-4.63,-1.11,7.75
2215,2015-11-02,22.1,21.81,23.19,21.78,143142,320794560.0,6.16,-4.68,-1.07,6.2
2216,2015-11-03,21.86,21.16,22.26,20.8,128260,274903728.0,6.69,-2.98,-0.65,5.55
2217,2015-11-04,21.58,22.51,22.8,21.38,144786,322039520.0,6.71,6.38,1.35,6.27
2218,2015-11-05,22.58,23.06,24.08,22.32,254472,592332032.0,7.82,2.44,0.55,11.02
2219,2015-11-06,22.8,23.5,23.86,22.61,215365,503792320.0,5.42,1.91,0.44,9.32
2220,2015-11-09,23.3,24.35,24.86,22.9,258918,622434064.0,8.34,3.62,0.85,11.21
2221,2015-11-10,24.01,23.88,24.75,23.7,191055,459798432.0,4.31,-1.93,-0.47,8.27
2222,2015-11-11,23.8,24.16,24.73,23.8,162616,394562704.0,3.89,1.17,0.28,7.04
2223,2015-11-12,24.16,23.69,24.44,23.41,158669,378094432.0,4.26,-1.95,-0.47,6.87
2224,2015-11-13,23.25,22.58,23.58,22.5,125781,287897104.0,4.56,-4.69,-1.11,5.45
2225,2015-11-16,22.08,22.96,23.16,21.86,96875,220704354.0,5.76,1.68,0.38,4.19
2226,2015-11-17,23.31,22.79,23.37,22.52,105945,243610181.0,3.7,-0.74,-0.17,4.59
2227,2015-11-18,22.78,21.93,22.88,21.9,86891,193718840.0,4.3,-3.77,-0.86,3.76
2228,2015-11-19,21.95,22.4,22.4,21.82,68097,150938833.0,2.64,2.14,0.47,2.95
2229,2015-11-20,22.45,23.21,23.94,22.21,136955,315423824.0,7.72,3.62,0.81,5.93
2230,2015-11-23,23.06,22.65,23.37,22.56,92135,211444211.0,3.49,-2.41,-0.56,3.99
2231,2015-11-24,22.5,22.74,22.85,22.13,70932,159517019.0,3.18,0.4,0.09,3.07
2232,2015-11-25,22.5,23.05,23.43,22.45,104678,240458695.0,4.31,1.36,0.31,4.53
2233,2015-11-26,23.4,23.1,23.79,22.89,133874,311667552.0,3.9,0.22,0.05,5.8
2234,2015-11-27,22.74,20.79,22.9,20.79,114226,250199654.0,9.13,-10.0,-2.31,4.94
2235,2015-11-30,20.68,19.93,21.17,18.71,132260,262243985.0,11.83,-4.14,-0.86,5.73
2236,2015-12-01,20.05,20.26,20.82,19.45,97616,195959497.0,6.87,1.66,0.33,4.23
2237,2015-12-02,20.25,20.7,21.0,19.78,89547,183327070.0,6.02,2.17,0.44,3.88
2238,2015-12-03,20.43,20.71,20.8,20.02,81373,167099345.0,3.77,0.05,0.01,3.52
2239,2015-12-04,20.43,20.13,20.9,19.95,85988,175800679.0,4.59,-2.8,-0.58,3.72
2240,2015-12-07,20.3,20.08,20.35,19.8,59437,119328964.0,2.73,-0.25,-0.05,2.57
2241,2015-12-08,19.86,19.1,20.14,19.09,83072,161652674.0,5.23,-4.88,-0.98,3.6
2242,2015-12-09,19.25,19.09,19.65,18.72,63774,122213080.0,4.87,-0.05,-0.01,2.76
2243,2015-12-10,19.25,18.96,19.4,18.8,40909,78137808.0,3.14,-0.68,-0.13,1.77
2244,2015-12-11,18.96,19.16,19.38,18.87,45611,87265759.0,2.69,1.05,0.2,1.97
2245,2015-12-14,18.57,20.39,20.83,18.57,101519,202510407.0,11.8,6.42,1.23,4.39
2246,2015-12-15,20.1,19.88,20.47,19.8,67764,136303163.0,3.29,-2.5,-0.51,2.93
2247,2015-12-16,20.0,19.77,20.3,19.63,55801,111202748.0,3.37,-0.55,-0.11,2.42
2248,2015-12-17,19.85,20.05,20.18,19.83,68181,136485953.0,1.77,1.42,0.28,2.95
2249,2015-12-18,20.05,20.69,20.97,20.0,128829,265178842.0,4.84,3.19,0.64,5.58
2250,2015-12-21,20.45,20.44,20.65,20.3,61028,124791808.0,1.69,-1.21,-0.25,2.64
2251,2015-12-22,20.56,20.55,20.88,20.36,56012,115383432.0,2.54,0.54,0.11,2.42
2252,2015-12-23,20.61,20.1,20.61,19.98,68686,138868035.0,3.07,-2.19,-0.45,2.97
2253,2015-12-24,19.9,19.41,19.95,19.12,75282,146651101.0,4.13,-3.43,-0.69,3.26
2254,2015-12-25,19.52,19.76,20.09,19.38,45161,88932109.0,3.66,1.8,0.35,1.96
2255,2015-12-28,19.81,20.23,21.52,19.81,112926,233151952.0,8.65,2.38,0.47,4.89
2256,2015-12-29,20.21,20.63,20.77,19.81,79331,161501878.0,4.75,1.98,0.4,3.43
2257,2015-12-30,20.63,20.87,21.37,20.26,94409,196345528.0,5.38,1.16,0.24,4.09
2258,2015-12-31,20.77,20.32,20.98,20.3,52387,108081669.0,3.26,-2.64,-0.55,2.27
2259,2016-01-04,20.48,18.3,20.48,18.29,48695,93379485.0,10.78,-9.94,-2.02,2.11
2260,2016-01-05,16.69,17.03,18.18,16.5,80554,138590196.0,9.18,-6.94,-1.27,3.49
2261,2016-01-06,17.1,17.47,17.91,17.1,53264,93082821.0,4.76,2.58,0.44,2.31
2262,2016-01-07,17.2,15.72,17.25,15.72,18555,29873966.0,8.76,-10.02,-1.75,0.8
2263,2016-01-08,16.2,15.19,16.43,14.16,78278,120688155.0,14.44,-3.37,-0.53,3.39
2264,2016-01-11,15.18,13.67,15.18,13.67,73969,105325698.0,9.94,-10.01,-1.52,3.2
2265,2016-01-12,13.61,13.87,14.29,12.64,81023,108693920.0,12.07,1.46,0.2,3.51
2266,2016-01-13,14.02,12.85,14.18,12.8,67418,91561316.0,9.95,-7.35,-1.02,2.92
2267,2016-01-14,12.49,13.2,13.33,11.95,82841,105140711.0,10.74,2.72,0.35,3.59
2268,2016-01-15,13.0,11.96,13.25,11.88,86168,108454205.0,10.38,-9.39,-1.24,3.73
2269,2016-01-18,11.6,13.16,13.16,11.53,76050,96281774.0,13.63,10.03,1.2,3.29
2270,2016-01-19,13.49,14.48,14.48,13.36,193866,272201824.0,8.51,10.03,1.32,8.39
2271,2016-01-20,14.65,14.9,15.57,14.48,235099,355077584.0,7.53,2.9,0.42,10.18
2272,2016-01-21,14.55,13.68,15.0,13.66,156906,227289055.0,8.99,-8.19,-1.22,6.79
2273,2016-01-22,13.9,15.05,15.05,13.71,178333,256470537.0,9.8,10.01,1.37,7.72
2274,2016-01-25,15.4,16.3,16.56,14.63,288444,451222640.0,12.82,8.31,1.25,12.49
2275,2016-01-26,15.89,16.21,17.88,15.54,336419,561226208.0,14.36,-0.55,-0.09,14.56
2276,2016-01-27,16.13,17.15,17.15,14.67,247689,394228720.0,15.3,5.8,0.94,10.72
2277,2016-01-28,16.38,15.86,17.8,15.83,230471,386529216.0,11.49,-7.52,-1.29,9.98
2278,2016-01-29,15.54,15.77,16.55,15.22,171396,269523088.0,8.39,-0.57,-0.09,7.42
2279,2016-02-01,15.76,14.19,16.11,14.19,143360,213779142.0,12.18,-10.02,-1.58,6.21
2280,2016-02-02,14.34,14.98,15.32,13.82,160298,233463165.0,10.57,5.57,0.79,6.94
2281,2016-02-03,14.58,14.77,15.36,14.14,131183,195025967.0,8.14,-1.4,-0.21,5.68
2282,2016-02-04,15.0,15.47,15.68,14.73,150501,229683828.0,6.43,4.74,0.7,6.52
2283,2016-02-05,15.4,14.23,15.4,14.2,107311,159857143.0,7.76,-8.02,-1.24,4.65
2284,2016-02-15,13.38,14.23,14.77,13.38,77838,109960426.0,9.77,0.0,0.0,3.37
2285,2016-02-16,14.28,14.98,15.15,14.28,103554,154179455.0,6.11,5.27,0.75,4.48
2286,2016-02-17,14.98,15.69,16.2,14.83,160692,250715052.0,9.15,4.74,0.71,6.96
2287,2016-02-18,15.7,16.18,16.98,15.29,209000,334765600.0,10.77,3.12,0.49,9.05
2288,2016-02-19,15.9,15.97,16.44,15.63,156673,251444432.0,5.01,-1.3,-0.21,6.78
2289,2016-02-22,16.2,16.33,16.48,16.03,125654,204260032.0,2.82,2.25,0.36,5.44
2290,2016-02-23,16.35,16.52,17.05,16.26,164046,272100592.0,4.84,1.16,0.19,7.1
2291,2016-02-24,16.65,18.17,18.17,16.6,224352,401280896.0,9.5,9.99,1.65,9.71
2292,2016-02-25,18.5,16.35,18.5,16.35,261864,456847888.0,11.83,-10.02,-1.82,11.34
2293,2016-02-26,16.0,15.47,16.63,15.0,205126,324526448.0,9.97,-5.38,-0.88,8.88
2294,2016-02-29,15.21,13.92,15.45,13.92,124802,177411686.0,9.89,-10.02,-1.55,5.4
2295,2016-03-01,13.98,14.2,14.36,13.4,99598,140044465.0,6.9,2.01,0.28,4.31
2296,2016-03-02,14.25,15.23,15.4,14.05,128539,191136204.0,9.51,7.25,1.03,5.56
2297,2016-03-03,15.21,15.33,16.16,15.04,135058,209872913.0,7.35,0.66,0.1,5.85
2298,2016-03-04,15.1,14.29,15.3,14.0,121464,177684156.0,8.48,-6.78,-1.04,5.26
2299,2016-03-07,14.35,14.84,14.92,14.31,69905,102474253.0,4.27,3.85,0.55,3.03
2300,2016-03-08,14.68,15.05,15.4,13.65,101316,147454251.0,11.79,1.42,0.21,4.39
2301,2016-03-09,14.64,14.27,14.73,14.22,68455,99084817.0,3.39,-5.18,-0.78,2.96
2302,2016-03-10,14.32,14.03,14.7,13.91,59985,85523593.0,5.54,-1.68,-0.24,2.6
2303,2016-03-11,13.8,13.95,14.04,13.69,51833,72041076.0,2.49,-0.57,-0.08,2.24
2304,2016-03-14,14.21,14.63,15.0,14.21,81371,118775280.0,5.66,4.87,0.68,3.52
2305,2016-03-15,14.6,14.36,14.7,14.3,53832,77988761.0,2.73,-1.85,-0.27,2.33
2306,2016-03-16,14.68,14.19,14.77,14.09,56498,81117296.0,4.74,-1.18,-0.17,2.45
2307,2016-03-17,14.3,14.63,14.78,14.08,89500,129497430.0,4.93,3.1,0.44,3.87
2308,2016-03-18,14.64,15.41,15.68,14.51,150291,228345182.0,8.0,5.33,0.78,6.51
2309,2016-03-21,15.8,15.97,16.5,15.3,170243,271167648.0,7.79,3.63,0.56,7.37
2310,2016-03-22,15.7,15.49,15.87,15.49,104205,163342308.0,2.38,-3.01,-0.48,4.51
2311,2016-03-23,15.56,15.79,16.0,15.55,99605,156967384.0,2.91,1.94,0.3,4.31
2312,2016-03-24,15.74,15.31,15.85,15.18,103390,160229744.0,4.24,-3.04,-0.48,4.48
2313,2016-03-25,15.25,15.37,15.66,15.22,60233,93020154.0,2.87,0.39,0.06,2.61
2314,2016-03-28,15.5,15.46,15.95,15.37,89599,140196243.0,3.77,0.59,0.09,3.88
2315,2016-03-29,15.5,14.97,15.58,14.56,73864,110794769.0,6.6,-3.17,-0.49,3.2
2316,2016-03-30,15.02,15.46,15.46,14.99,68144,103956359.0,3.14,3.27,0.49,2.95
2317,2016-03-31,15.59,15.54,15.88,15.36,81515,127604281.0,3.36,0.52,0.08,3.53
2318,2016-04-01,15.59,17.09,17.09,15.56,327751,553907200.0,9.85,9.97,1.55,14.19
2319,2016-04-05,16.67,17.19,17.83,16.51,310245,530074048.0,7.72,0.59,0.1,13.43
2320,2016-04-06,17.0,17.06,17.55,16.75,190448,326384656.0,4.65,-0.76,-0.13,8.24
2321,2016-04-07,17.2,16.51,17.28,16.5,121701,203839098.0,4.57,-3.22,-0.55,5.27
2322,2016-04-08,16.38,16.66,16.88,16.2,112807,186812685.0,4.12,0.91,0.15,4.88
2323,2016-04-11,16.78,16.93,17.09,16.66,115116,194133005.0,2.58,1.62,0.27,4.98
2324,2016-04-12,16.8,17.21,17.21,16.52,119636,202511683.0,4.08,1.65,0.28,5.18
2325,2016-04-13,17.35,17.27,18.0,17.11,182820,320068960.0,5.17,0.35,0.06,7.91
2326,2016-04-14,17.22,17.28,17.58,16.9,114024,196362194.0,3.94,0.06,0.01,4.94
2327,2016-04-15,17.29,17.28,17.45,17.06,79373,137078145.0,2.26,0.0,0.0,3.44
2328,2016-04-18,17.07,16.48,17.15,16.45,86179,144234150.0,4.05,-4.63,-0.8,3.73
2329,2016-04-19,16.71,16.52,16.75,16.36,73643,121555784.0,2.37,0.24,0.04,3.19
2330,2016-04-20,16.59,15.5,16.95,15.0,123331,198235769.0,11.8,-6.17,-1.02,5.34
2331,2016-04-21,15.5,15.1,15.68,15.0,84330,130088196.0,4.39,-2.58,-0.4,3.65
2332,2016-04-22,15.09,15.34,15.34,14.75,53593,80965808.0,3.91,1.59,0.24,2.32
2333,2016-04-25,15.29,15.02,15.29,14.75,47215,70872040.0,3.52,-2.09,-0.32,2.04
2334,2016-04-26,15.02,15.33,15.33,15.02,47646,72491146.0,2.06,2.06,0.31,2.06
2335,2016-04-27,15.33,15.83,16.68,15.31,104084,166784175.0,8.94,3.26,0.5,4.51
2336,2016-04-28,15.6,15.43,15.85,15.09,73970,114359344.0,4.8,-2.53,-0.4,3.2
2337,2016-04-29,15.32,15.33,15.47,15.21,38174,58530821.0,1.69,-0.65,-0.1,1.65
2338,2016-05-03,15.35,15.81,15.92,15.32,61570,96658384.0,3.91,3.13,0.48,2.67
2339,2016-05-04,15.75,16.42,17.39,15.72,158835,263462273.0,10.56,3.86,0.61,6.88
2340,2016-05-05,16.19,16.47,16.69,16.1,82585,135389434.0,3.59,0.3,0.05,3.58
2341,2016-05-06,16.44,15.84,16.83,15.72,97848,158856794.0,6.74,-3.83,-0.63,4.24
2342,2016-05-09,15.5,14.9,15.55,14.7,78116,117472147.0,5.37,-5.93,-0.94,3.38
2343,2016-05-10,14.83,14.92,15.18,14.83,45252,67842424.0,2.35,0.13,0.02,1.96
2344,2016-05-11,15.12,14.58,15.17,14.56,49522,73299242.0,4.09,-2.28,-0.34,2.14
2345,2016-05-12,14.11,14.3,14.4,13.91,54613,77370754.0,3.36,-1.92,-0.28,2.36
2346,2016-05-13,14.32,14.2,14.61,14.0,37631,54164550.0,4.27,-0.7,-0.1,1.63
2347,2016-05-16,14.25,14.42,14.44,14.08,40031,57307809.0,2.54,1.55,0.22,1.73
2348,2016-05-17,14.48,14.58,14.92,14.38,55135,80956142.0,3.74,1.11,0.16,2.39
2349,2016-05-18,14.33,13.97,14.36,13.88,50840,71367338.0,3.29,-4.18,-0.61,2.2
2350,2016-05-19,14.01,14.14,14.5,14.01,41700,59550323.0,3.51,1.22,0.17,1.81
2351,2016-05-20,13.97,14.56,14.7,13.87,50434,72732741.0,5.87,2.97,0.42,2.18
2352,2016-05-23,15.12,14.77,15.8,14.77,99583,151347023.0,7.07,1.44,0.21,4.31
2353,2016-05-24,14.6,15.08,15.32,14.6,77694,116158312.0,4.87,2.1,0.31,3.36
2354,2016-05-25,15.14,14.8,15.34,14.59,62191,93069100.0,4.97,-1.86,-0.28,2.69
2355,2016-05-26,14.8,14.88,14.95,14.3,53472,78094281.0,4.39,0.54,0.08,2.31
2356,2016-05-27,14.89,14.93,15.2,14.76,51001,76530136.0,2.96,0.34,0.05,2.21
2357,2016-05-30,14.85,14.62,14.94,14.52,33876,49944064.0,2.81,-2.08,-0.31,1.47
2358,2016-05-31,14.74,15.27,15.27,14.7,81965,123789303.0,3.9,4.45,0.65,3.55
2359,2016-06-01,15.27,15.57,16.1,15.17,127999,199812692.0,6.09,1.96,0.3,5.54
2360,2016-06-02,15.43,15.8,15.85,15.35,102821,160360915.0,3.21,1.48,0.23,4.45
2361,2016-06-03,16.0,15.63,16.09,15.55,69766,109645084.0,3.42,-1.08,-0.17,3.02
2362,2016-06-06,15.61,15.48,15.8,15.32,55959,87019618.0,3.07,-0.96,-0.15,2.42
2363,2016-06-07,15.48,15.51,15.69,15.43,45265,70362345.0,1.68,0.19,0.03,1.96
2364,2016-06-08,15.55,15.6,15.82,15.32,68860,107586707.0,3.22,0.58,0.09,2.98
2365,2016-06-13,15.24,15.27,15.9,15.24,97331,151659162.0,4.23,-2.12,-0.33,4.21
2366,2016-06-14,15.16,15.86,15.87,15.16,108598,169738910.0,4.65,3.86,0.59,4.7
2367,2016-06-15,15.66,16.31,16.56,15.57,186227,300772704.0,6.24,2.84,0.45,8.06
2368,2016-06-16,16.12,16.05,16.32,15.92,112171,180674936.0,2.45,-1.59,-0.26,4.86
2369,2016-06-17,16.1,16.12,16.49,16.01,96842,156958026.0,2.99,0.44,0.07,4.19
2370,2016-06-20,16.03,15.67,16.18,15.39,80631,126356389.0,4.9,-2.79,-0.45,3.49
2371,2016-06-21,15.88,16.18,16.22,15.53,99737,158788054.0,4.4,3.25,0.51,4.32
2372,2016-06-22,16.0,16.6,16.66,15.88,154570,254712775.0,4.82,2.6,0.42,6.69
2373,2016-06-23,16.4,16.16,16.5,16.0,99906,162126787.0,3.01,-2.65,-0.44,4.32
2374,2016-06-24,16.11,15.55,16.17,14.99,94286,148048148.0,7.3,-3.77,-0.61,4.08
2375,2016-06-27,15.41,17.11,17.11,15.4,172994,289555056.0,11.0,10.03,1.56,7.49
2376,2016-06-28,17.3,16.96,17.3,16.77,211692,360024816.0,3.1,-0.88,-0.15,9.16
2377,2016-06-29,16.9,16.88,17.3,16.65,146045,247119051.0,3.83,-0.47,-0.08,6.32
2378,2016-06-30,17.0,16.95,17.15,16.7,108476,183767032.0,2.67,0.41,0.07,4.7
2379,2016-07-01,17.0,17.04,17.28,16.66,125992,214111995.0,3.66,0.53,0.09,5.45
2380,2016-07-04,16.85,17.48,17.55,16.8,171783,295931168.0,4.4,2.58,0.44,7.44
2381,2016-07-05,19.23,18.34,19.23,18.18,371874,698070128.0,6.01,4.92,0.86,16.1
2382,2016-07-06,17.81,18.4,18.78,17.68,261257,476247456.0,6.0,0.33,0.06,11.31
2383,2016-07-07,18.13,18.06,18.27,17.62,153503,275309712.0,3.53,-1.85,-0.34,6.65
2384,2016-07-08,17.99,17.9,18.49,17.88,98064,178022115.0,3.38,-0.89,-0.16,4.25
2385,2016-07-11,17.73,18.03,18.32,17.65,105026,189424461.0,3.74,0.73,0.13,4.55
2386,2016-07-12,17.89,18.22,18.42,17.3,130998,236222921.0,6.21,1.05,0.19,5.67
2387,2016-07-13,18.18,18.23,18.32,17.94,107610,195481390.0,2.09,0.05,0.01,4.66
2388,2016-07-14,18.27,17.95,18.27,17.85,63197,113939736.0,2.3,-1.54,-0.28,2.74
2389,2016-07-15,18.6,17.58,18.89,17.5,149664,270919584.0,7.74,-2.06,-0.37,6.48
2390,2016-07-18,17.33,17.95,18.38,16.98,162471,288633600.0,7.96,2.1,0.37,7.03
2391,2016-07-19,17.69,17.57,17.79,17.45,80225,141033597.0,1.89,-2.12,-0.38,3.47
2392,2016-07-20,17.58,17.62,17.95,17.52,54538,96446588.0,2.45,0.28,0.05,2.36
2393,2016-07-21,17.63,17.48,17.78,17.47,55749,98340601.0,1.76,-0.79,-0.14,2.41
2394,2016-07-22,17.36,16.98,17.55,16.93,67746,116405160.0,3.55,-2.86,-0.5,2.93
2395,2016-07-25,16.95,16.94,17.15,16.7,38912,66010514.0,2.65,-0.24,-0.04,1.68
2396,2016-07-26,16.98,17.2,17.28,16.9,48642,83386557.0,2.24,1.53,0.26,2.11
2397,2016-07-27,17.62,17.08,17.99,16.6,174855,306431136.0,8.08,-0.7,-0.12,7.57
2398,2016-07-28,16.87,17.35,17.48,16.7,100655,173077770.0,4.57,1.58,0.27,4.36
2399,2016-07-29,17.28,16.34,17.33,16.3,87525,146680489.0,5.94,-5.82,-1.01,3.79
2400,2016-08-01,16.41,16.49,17.01,16.03,66041,108948745.0,6.0,0.92,0.15,2.86
2401,2016-08-02,16.35,16.71,16.85,16.32,50069,83325849.0,3.21,1.33,0.22,2.17
2402,2016-08-03,16.68,16.92,17.19,16.56,80130,135673681.0,3.77,1.26,0.21,3.47
2403,2016-08-04,16.9,16.76,16.97,16.65,49604,83186482.0,1.89,-0.95,-0.16,2.15
2404,2016-08-05,16.79,16.56,16.95,16.42,43901,73391964.0,3.16,-1.19,-0.2,1.9
2405,2016-08-08,16.48,16.85,16.85,16.48,43092,72059646.0,2.23,1.75,0.29,1.87
2406,2016-08-09,16.87,16.87,17.08,16.75,53825,90861721.0,1.96,0.12,0.02,2.33
2407,2016-08-10,16.9,16.83,17.07,16.78,45918,77629401.0,1.72,-0.24,-0.04,1.99
2408,2016-08-11,16.88,16.52,16.97,16.42,51183,85020652.0,3.27,-1.84,-0.31,2.22
2409,2016-08-12,16.48,16.64,16.65,16.48,35936,59512959.0,1.03,0.73,0.12,1.56
2410,2016-08-15,16.65,16.94,16.96,16.4,69653,116901834.0,3.37,1.8,0.3,3.02
2411,2016-08-16,16.93,17.11,17.33,16.93,81715,139975271.0,2.36,1.0,0.17,3.54
2412,2016-08-17,17.11,17.11,17.25,16.91,54099,92462260.0,1.99,0.0,0.0,2.34
2413,2016-08-18,17.12,16.95,17.18,16.94,54317,92432035.0,1.4,-0.94,-0.16,2.35
2414,2016-08-19,16.97,16.97,17.07,16.86,38310,64939497.0,1.24,0.12,0.02,1.66
2415,2016-08-22,17.0,16.8,17.04,16.75,38078,64258704.0,1.71,-1.0,-0.17,1.65
2416,2016-08-23,17.29,17.07,17.8,16.86,172075,298874176.0,5.6,1.61,0.27,7.45
2417,2016-08-24,16.75,16.63,16.98,16.57,89858,149736433.0,2.4,-2.58,-0.44,3.89
2418,2016-08-25,16.48,16.27,16.5,16.16,59930,97493230.0,2.04,-2.16,-0.36,2.59
2419,2016-08-26,16.35,16.32,16.55,16.27,36712,60065301.0,1.72,0.31,0.05,1.59
2420,2016-08-29,16.25,16.39,16.45,16.24,26113,42720933.0,1.29,0.43,0.07,1.13
2421,2016-08-30,16.39,16.3,16.46,16.29,28725,46974369.0,1.04,-0.55,-0.09,1.24
2422,2016-08-31,16.3,16.33,16.39,16.18,25458,41464012.0,1.29,0.18,0.03,1.1
2423,2016-09-01,16.37,16.24,16.48,16.24,27285,44649536.0,1.47,-0.55,-0.09,1.18
2424,2016-09-02,16.24,16.18,16.38,16.08,27914,45293862.0,1.85,-0.37,-0.06,1.21
2425,2016-09-05,16.21,16.3,16.4,16.2,24995,40809697.0,1.24,0.74,0.12,1.08
2426,2016-09-06,16.31,16.43,16.46,16.09,36229,59034837.0,2.27,0.8,0.13,1.57
2427,2016-09-07,16.5,16.34,16.54,16.32,36677,60304794.0,1.34,-0.55,-0.09,1.59
2428,2016-09-08,16.5,16.93,16.99,16.4,112526,189514897.0,3.61,3.61,0.59,4.87
2429,2016-09-09,17.09,16.72,17.16,16.68,67090,113037741.0,2.84,-1.24,-0.21,2.9
2430,2016-09-12,16.32,15.9,16.35,15.9,54051,87222705.0,2.69,-4.9,-0.82,2.34
2431,2016-09-13,16.03,15.93,16.13,15.89,27650,44150991.0,1.51,0.19,0.03,1.2
2432,2016-09-14,15.91,15.88,16.08,15.67,23054,36588484.0,2.57,-0.31,-0.05,1.0
2433,2016-09-19,15.94,16.14,16.18,15.89,20089,32289372.0,1.83,1.64,0.26,0.87
2434,2016-09-20,16.01,16.02,16.2,16.0,17089,27435266.0,1.24,-0.74,-0.12,0.74
2435,2016-09-21,16.02,16.07,16.16,16.0,18375,29550181.0,1.0,0.31,0.05,0.8
2436,2016-09-22,16.1,16.09,16.24,16.08,21230,34281900.0,1.0,0.12,0.02,0.92
2437,2016-09-23,16.09,16.7,17.0,16.03,83266,137657652.0,6.03,3.79,0.61,3.6
2438,2016-09-26,16.68,16.6,17.0,16.32,69480,115638561.0,4.07,-0.6,-0.1,3.01
2439,2016-09-27,16.62,16.62,16.76,16.23,55177,90867941.0,3.19,0.12,0.02,2.39
2440,2016-09-28,16.69,16.5,16.76,16.45,49444,81927890.0,1.87,-0.72,-0.12,2.14
2441,2016-09-29,16.51,16.67,16.87,16.36,55125,91736199.0,3.09,1.03,0.17,2.39
2442,2016-09-30,16.6,16.67,16.8,16.52,40919,68140043.0,1.68,0.0,0.0,1.77
2443,2016-10-10,16.79,16.82,16.95,16.57,60997,102034294.0,2.28,0.9,0.15,2.64
2444,2016-10-11,16.86,17.15,17.15,16.78,105224,177804748.0,2.2,1.96,0.33,4.56
2445,2016-10-12,17.1,16.95,17.1,16.83,66106,111956107.0,1.57,-1.17,-0.2,2.86
2446,2016-10-13,16.96,16.94,16.99,16.8,36669,61942850.0,1.12,-0.06,-0.01,1.59
2447,2016-10-14,16.97,17.14,17.22,16.75,93929,159898631.0,2.77,1.18,0.2,4.07
2448,2016-10-17,17.03,16.9,17.15,16.82,62785,106689640.0,1.93,-1.4,-0.24,2.72
2449,2016-10-18,16.8,16.98,17.05,16.73,70821,119963754.0,1.89,0.47,0.08,3.07
2450,2016-10-19,17.2,16.9,17.3,16.79,68389,116445477.0,3.0,-0.47,-0.08,2.96
2451,2016-10-20,16.89,17.07,17.12,16.81,74474,126363475.0,1.83,1.01,0.17,3.22
2452,2016-10-21,17.6,16.9,17.6,16.73,105482,181129371.0,5.1,-1.0,-0.17,4.57
2453,2016-10-24,16.78,16.9,17.1,16.5,69096,115923283.0,3.55,0.0,0.0,2.99
2454,2016-10-25,16.88,16.93,17.05,16.74,55207,93385216.0,1.83,0.18,0.03,2.39
2455,2016-10-26,16.9,16.8,16.9,16.72,49794,83649022.0,1.06,-0.77,-0.13,2.16
2456,2016-10-27,16.79,16.69,16.85,16.61,31439,52577476.0,1.43,-0.65,-0.11,1.36
2457,2016-10-28,16.7,16.43,16.77,16.42,37798,62657402.0,2.1,-1.56,-0.26,1.64
2458,2016-10-31,16.46,16.28,16.46,16.2,29566,48246294.0,1.58,-0.91,-0.15,1.28
2459,2016-11-01,16.3,16.48,16.6,16.18,45723,75125836.0,2.58,1.23,0.2,1.98
2460,2016-11-02,16.41,16.35,16.56,16.31,34504,56700451.0,1.52,-0.79,-0.13,1.49
2461,2016-11-03,16.4,16.39,16.58,16.35,42981,70805354.0,1.41,0.24,0.04,1.86
2462,2016-11-04,16.47,16.48,16.56,16.38,32227,53059186.0,1.1,0.55,0.09,1.4
2463,2016-11-07,16.52,16.42,16.57,16.4,28118,46281921.0,1.03,-0.36,-0.06,1.22
2464,2016-11-08,16.43,16.57,16.64,16.43,35787,59290096.0,1.28,0.91,0.15,1.55
2465,2016-11-09,16.58,16.23,16.65,16.08,43188,70568335.0,3.44,-2.05,-0.34,1.87
2466,2016-11-10,16.35,16.75,16.83,16.35,60641,100778957.0,2.96,3.2,0.52,2.63
2467,2016-11-11,16.7,16.93,16.95,16.61,64895,109294107.0,2.03,1.07,0.18,2.81
2468,2016-11-14,16.9,16.84,17.08,16.73,56507,95495651.0,2.07,-0.53,-0.09,2.45
2469,2016-11-15,16.83,18.52,18.52,16.81,287949,522067824.0,10.15,9.98,1.68,12.47
2470,2016-11-16,18.5,17.85,18.52,17.77,279650,505837312.0,4.05,-3.62,-0.67,12.11
2471,2016-11-17,17.72,17.92,18.28,17.67,157527,283185136.0,3.42,0.39,0.07,6.82
2472,2016-11-18,17.72,17.69,18.15,17.43,146734,259312176.0,4.02,-1.28,-0.23,6.35
2473,2016-11-21,17.52,17.56,17.78,17.44,89430,157168448.0,1.92,-0.73,-0.13,3.87
2474,2016-11-22,17.58,17.88,18.37,17.56,140591,252762482.0,4.61,1.82,0.32,6.09
2475,2016-11-23,18.08,17.55,18.08,17.48,91352,162097740.0,3.36,-1.85,-0.33,3.95
2476,2016-11-24,17.5,17.24,17.72,17.07,71152,124114525.0,3.7,-1.77,-0.31,3.08
2477,2016-11-25,17.25,17.4,17.44,16.8,64730,111036048.0,3.71,0.93,0.16,2.8
2478,2016-11-28,17.39,17.25,17.5,17.15,53243,91948235.0,2.01,-0.86,-0.15,2.3
2479,2016-11-29,17.24,16.88,17.36,16.85,64818,110630894.0,2.96,-2.14,-0.37,2.81
2480,2016-11-30,16.88,16.91,17.26,16.8,51709,87736616.0,2.73,0.18,0.03,2.24
2481,2016-12-01,16.99,17.23,17.25,16.81,65563,111981339.0,2.6,1.89,0.32,2.84
2482,2016-12-02,17.17,17.2,17.9,17.03,98566,171920445.0,5.05,-0.17,-0.03,4.27
2483,2016-12-05,16.8,17.3,17.8,16.53,95185,162659279.0,7.38,0.58,0.1,4.12
2484,2016-12-06,17.2,17.76,18.16,17.2,141463,250584668.0,5.55,2.66,0.46,6.12
2485,2016-12-07,17.56,18.28,18.36,17.53,179727,323910416.0,4.67,2.93,0.52,7.78
2486,2016-12-08,18.18,17.93,18.25,17.75,122370,219869935.0,2.74,-1.91,-0.35,5.3
2487,2016-12-09,17.92,17.62,18.09,17.49,86764,153624669.0,3.35,-1.73,-0.31,3.76
2488,2016-12-12,17.59,18.84,19.38,17.5,447921,845857440.0,10.67,6.92,1.22,19.39
2489,2016-12-13,18.35,19.61,19.9,18.3,407796,778464352.0,8.49,4.09,0.77,17.65
2490,2016-12-14,19.11,18.88,19.7,18.75,295457,566790912.0,4.84,-3.72,-0.73,12.79
2491,2016-12-15,18.71,19.38,19.49,18.58,221614,423699520.0,4.82,2.65,0.5,9.59
2492,2016-12-16,19.12,18.77,19.33,18.74,155915,296314480.0,3.04,-3.15,-0.61,6.75
2493,2016-12-19,18.68,19.05,19.19,18.6,119184,225610028.0,3.14,1.49,0.28,5.16
2494,2016-12-20,18.88,19.41,19.5,18.2,208259,391802816.0,6.82,1.89,0.36,9.02
2495,2016-12-21,19.1,19.67,20.24,19.0,296364,583084528.0,6.39,1.34,0.26,12.83
2496,2016-12-22,19.48,19.26,19.57,19.08,144995,279364976.0,2.49,-2.08,-0.41,6.28
2497,2016-12-23,19.24,19.05,19.62,19.0,123232,238191702.0,3.22,-1.09,-0.21,5.33
2498,2016-12-26,18.75,18.88,19.07,18.41,99630,186861536.0,3.46,-0.89,-0.17,4.31
2499,2016-12-27,18.65,18.95,19.36,18.52,120694,228851710.0,4.45,0.37,0.07,5.22
2500,2016-12-28,18.83,19.12,19.77,18.75,137114,264877257.0,5.38,0.9,0.17,5.94
2501,2016-12-29,19.0,19.36,19.54,18.66,132171,253334458.0,4.6,1.26,0.24,5.72
2502,2016-12-30,19.3,18.96,19.46,18.89,87599,168371182.0,2.94,-2.07,-0.4,3.79
2503,2017-01-03,18.97,19.62,20.25,18.97,184757,363888016.0,6.75,3.48,0.66,8.0
2504,2017-01-04,19.65,19.81,20.0,19.37,158696,312225408.0,3.21,0.97,0.19,6.87
2505,2017-01-05,19.7,20.34,20.48,19.49,265394,532787168.0,5.0,2.68,0.53,11.49
2506,2017-01-06,20.45,20.07,20.81,19.92,240613,488214720.0,4.38,-1.33,-0.27,10.42
2507,2017-01-09,20.06,20.27,20.36,19.71,137079,273893392.0,3.24,1.0,0.2,5.93
2508,2017-01-10,20.17,19.42,20.28,19.41,141949,281835440.0,4.29,-4.19,-0.85,6.14
2509,2017-01-11,19.33,18.8,19.33,18.55,152852,289057088.0,4.02,-3.19,-0.62,6.62
2510,2017-01-12,18.77,18.29,18.77,18.29,94352,174614672.0,2.55,-2.71,-0.51,4.08
2511,2017-01-13,18.29,18.12,18.6,18.03,68924,126257678.0,3.12,-0.93,-0.17,2.98
2512,2017-01-16,18.04,16.93,18.33,16.31,107791,186825214.0,11.15,-6.57,-1.19,4.67
2513,2017-01-17,16.86,17.25,17.27,16.57,76436,129927097.0,4.13,1.89,0.32,3.31
2514,2017-01-18,17.2,16.94,17.36,16.9,54882,94194476.0,2.67,-1.8,-0.31,2.38
2515,2017-01-19,16.83,16.84,17.19,16.71,50144,85071916.0,2.83,-0.59,-0.1,2.17
2516,2017-01-20,16.84,17.07,17.19,16.82,47344,80750689.0,2.2,1.37,0.23,2.05
2517,2017-01-23,17.18,17.23,17.43,17.1,49216,84923169.0,1.93,0.94,0.16,2.13
2518,2017-01-24,17.2,17.03,17.33,16.92,36422,62328097.0,2.38,-1.16,-0.2,1.58
2519,2017-01-25,16.99,17.1,17.13,16.93,34495,58726730.0,1.17,0.41,0.07,1.49
2520,2017-01-26,17.05,16.98,17.2,16.93,32737,55873210.0,1.58,-0.7,-0.12,1.42
2521,2017-02-03,16.96,17.19,17.25,16.96,35774,61250610.0,1.71,1.24,0.21,1.55
2522,2017-02-06,17.2,17.34,17.47,17.19,50494,87421657.0,1.63,0.87,0.15,2.19
2523,2017-02-07,17.3,17.65,17.72,17.25,66989,117359951.0,2.71,1.79,0.31,2.9
2524,2017-02-08,17.64,17.65,17.67,17.35,56447,98842776.0,1.81,0.0,0.0,2.44
2525,2017-02-09,17.61,17.81,18.0,17.4,78253,138868392.0,3.4,0.91,0.16,3.39
2526,2017-02-10,17.78,17.99,18.26,17.67,96001,173048894.0,3.31,1.01,0.18,4.16
2527,2017-02-13,18.15,17.95,18.15,17.69,60191,107262050.0,2.56,-0.22,-0.04,2.61
2528,2017-02-14,17.95,18.11,18.43,17.63,93471,168391602.0,4.46,0.89,0.16,4.05
2529,2017-02-15,17.9,17.52,18.2,17.47,89116,159121498.0,4.03,-3.26,-0.59,3.86
2530,2017-02-16,17.43,17.73,18.17,17.42,67960,120701617.0,4.28,1.2,0.21,2.94
2531,2017-02-17,17.65,17.11,17.7,17.1,75278,130667703.0,3.38,-3.5,-0.62,3.26
2532,2017-02-20,17.11,17.33,17.36,17.11,38698,66705598.0,1.46,1.29,0.22,1.68
2533,2017-02-21,17.45,17.57,17.65,17.29,49159,85884704.0,2.08,1.38,0.24,2.13
2534,2017-02-22,17.57,18.06,18.46,17.5,123175,222506036.0,5.46,2.79,0.49,5.33
2535,2017-02-23,17.86,18.14,18.15,17.62,87934,157109748.0,2.93,0.44,0.08,3.81
2536,2017-02-24,18.05,18.14,18.26,17.93,64648,117004065.0,1.82,0.0,0.0,2.8
2537,2017-02-27,18.11,17.79,18.25,17.76,50030,89774394.0,2.7,-1.93,-0.35,2.17
2538,2017-02-28,17.97,17.94,18.0,17.76,40526,72433254.0,1.35,0.84,0.15,1.75
2539,2017-03-01,17.89,17.9,18.15,17.75,59224,106111707.0,2.23,-0.22,-0.04,2.56
2540,2017-03-02,17.87,17.89,18.07,17.82,52107,93536472.0,1.4,-0.06,-0.01,2.26
2541,2017-03-03,17.77,17.64,17.82,17.55,44637,78827110.0,1.51,-1.4,-0.25,1.93
2542,2017-03-06,17.65,17.76,17.79,17.6,34820,61638485.0,1.08,0.68,0.12,1.51
2543,2017-03-07,17.78,18.05,18.13,17.68,63327,113165352.0,2.53,1.63,0.29,2.74
2544,2017-03-08,18.05,17.99,18.25,17.93,81401,147429420.0,1.77,-0.33,-0.06,3.52
2545,2017-03-09,18.0,17.71,18.23,17.7,58793,105369853.0,2.95,-1.56,-0.28,2.55
2546,2017-03-10,17.79,17.42,17.89,17.37,58351,102759086.0,2.94,-1.64,-0.29,2.53
2547,2017-03-13,17.45,17.46,17.49,17.15,38637,67020279.0,1.95,0.23,0.04,1.67
2548,2017-03-14,17.47,17.21,17.54,17.2,40485,70207313.0,1.95,-1.43,-0.25,1.75
2549,2017-03-15,17.23,17.27,17.39,17.11,32339,55872901.0,1.63,0.35,0.06,1.4
2550,2017-03-16,17.29,17.44,17.51,17.29,33587,58534196.0,1.27,0.98,0.17,1.45
2551,2017-03-17,17.41,17.21,17.54,17.18,39846,69293858.0,2.06,-1.32,-0.23,1.72
2552,2017-03-20,17.21,17.41,17.45,17.17,27011,46748691.0,1.63,1.16,0.2,1.17
2553,2017-03-21,17.41,17.41,17.58,17.35,28417,49584888.0,1.32,0.0,0.0,1.23
2554,2017-03-22,17.39,17.29,17.54,17.11,36049,62378813.0,2.47,-0.69,-0.12,1.56
2555,2017-03-23,17.21,17.43,17.65,17.2,53442,93226672.0,2.6,0.81,0.14,2.31
2556,2017-03-24,17.39,17.53,17.63,17.15,59877,104392478.0,2.75,0.57,0.1,2.59
2557,2017-03-27,17.9,17.5,18.25,17.47,77143,136506084.0,4.45,-0.17,-0.03,3.34
2558,2017-03-28,17.54,18.67,19.25,17.34,332786,622588032.0,10.91,6.69,1.17,14.41
2559,2017-03-29,18.45,18.23,18.58,18.13,208699,381576512.0,2.41,-2.36,-0.44,9.03
2560,2017-03-30,18.21,18.15,18.54,17.74,140516,255405538.0,4.39,-0.44,-0.08,6.08
2561,2017-03-31,18.13,17.88,18.39,17.67,94031,168808363.0,3.97,-1.49,-0.27,4.07
2562,2017-04-05,18.59,18.53,19.09,18.2,165377,307496272.0,4.98,3.64,0.65,7.16
2563,2017-04-06,18.56,18.35,18.7,18.29,100640,185689015.0,2.21,-0.97,-0.18,4.36
2564,2017-04-07,18.27,18.67,19.18,18.06,170402,317748000.0,6.1,1.74,0.32,7.38
2565,2017-04-10,18.5,19.55,20.07,18.4,251359,482018928.0,8.94,4.71,0.88,10.88
2566,2017-04-11,19.1,19.65,20.19,19.09,257814,508948368.0,5.63,0.51,0.1,11.16
2567,2017-04-12,19.21,18.43,19.43,18.35,147717,279488400.0,5.5,-6.21,-1.22,6.39
2568,2017-04-13,18.46,18.7,19.21,18.4,99529,187241722.0,4.4,1.47,0.27,4.31
2569,2017-04-14,18.7,18.0,18.7,17.98,95403,174151930.0,3.85,-3.74,-0.7,4.13
2570,2017-04-17,17.98,17.38,17.98,17.0,72932,128154774.0,5.44,-3.44,-0.62,3.16
2571,2017-04-18,17.44,16.85,17.51,16.81,71768,123326516.0,4.03,-3.05,-0.53,3.11
2572,2017-04-19,16.85,16.11,16.85,15.8,83416,135333200.0,6.23,-4.39,-0.74,3.61
2573,2017-04-20,16.08,15.73,16.3,15.43,61401,97672027.0,5.4,-2.36,-0.38,2.66
2574,2017-04-21,15.89,15.86,15.96,15.53,37102,58524097.0,2.73,0.83,0.13,1.61
2575,2017-04-24,15.84,14.66,15.84,14.5,66607,99318283.0,8.45,-7.57,-1.2,2.88
2576,2017-04-25,14.72,14.77,15.02,14.61,39700,58915400.0,2.8,0.75,0.11,1.72
2577,2017-04-26,14.69,14.77,14.91,14.69,30988,45877048.0,1.49,0.0,0.0,1.34
2578,2017-04-27,14.76,14.68,14.88,14.02,69004,99702633.0,5.82,-0.61,-0.09,2.99
2579,2017-04-28,14.51,15.06,15.09,14.5,46102,68383029.0,4.02,2.59,0.38,2.0
2580,2017-05-02,15.03,15.12,15.26,14.87,42206,63681471.0,2.59,0.4,0.06,1.83
2581,2017-05-03,15.01,15.57,15.89,14.95,90410,140914221.0,6.22,2.98,0.45,3.91
2582,2017-05-04,15.4,15.35,15.69,15.21,48328,74465336.0,3.08,-1.41,-0.22,2.09
2583,2017-05-05,15.25,14.97,15.45,14.93,41906,63495751.0,3.39,-2.48,-0.38,1.81
2584,2017-05-08,14.91,13.94,14.95,13.9,68172,97890907.0,7.01,-6.88,-1.03,2.95
2585,2017-05-09,13.86,14.0,14.25,13.42,52189,71628650.0,5.95,0.43,0.06,2.26
2586,2017-05-10,14.03,13.34,14.15,13.31,46521,64018830.0,6.0,-4.71,-0.66,2.01
2587,2017-05-11,13.33,13.79,14.58,13.06,47554,65013101.0,11.39,3.37,0.45,2.06
2588,2017-05-12,13.84,13.76,13.95,13.52,27934,38418961.0,3.12,-0.22,-0.03,1.21
2589,2017-05-15,13.86,13.84,14.0,13.7,24497,33918031.0,2.18,0.58,0.08,1.06
2590,2017-05-16,13.86,14.15,14.15,13.61,43800,61000763.0,3.9,2.24,0.31,1.9
2591,2017-05-17,14.16,15.01,15.57,14.16,162102,245535881.0,9.96,6.08,0.86,7.02
2592,2017-05-18,14.6,14.4,14.86,14.4,89012,130129551.0,3.06,-4.06,-0.61,3.85
2593,2017-05-19,14.32,14.49,14.56,14.2,44210,63767151.0,2.5,0.63,0.09,1.91
2594,2017-05-22,14.5,13.91,14.6,13.77,43961,62522836.0,5.73,-4.0,-0.58,1.9
2595,2017-05-23,13.82,13.16,13.95,13.05,45441,61394901.0,6.47,-5.39,-0.75,1.97
2596,2017-05-24,13.17,13.56,13.58,13.05,40196,53732278.0,4.03,3.04,0.4,1.74
2597,2017-05-25,13.53,13.7,13.83,13.15,42800,57982054.0,5.01,1.03,0.14,1.85
2598,2017-05-26,13.7,13.96,14.25,13.52,63951,89297672.0,5.33,1.9,0.26,2.77
2599,2017-05-31,14.15,13.78,14.2,13.76,33338,46475238.0,3.15,-1.29,-0.18,1.44
2600,2017-06-01,13.75,13.6,14.28,13.6,56315,78918238.0,4.93,-1.31,-0.18,2.44
2601,2017-06-02,13.28,13.72,13.8,13.02,52847,70446338.0,5.74,0.88,0.12,2.29
2602,2017-06-05,13.77,13.93,14.49,13.66,55823,78664825.0,6.05,1.53,0.21,2.42
2603,2017-06-06,13.7,13.94,14.06,13.7,31545,43803030.0,2.58,0.07,0.01,1.37
2604,2017-06-07,13.91,14.27,14.27,13.91,57874,81875958.0,2.58,2.37,0.33,2.51
2605,2017-06-08,14.29,14.8,15.16,14.1,96999,140774291.0,7.43,3.71,0.53,4.2
2606,2017-06-09,14.53,14.89,15.12,14.46,128330,190982941.0,4.46,0.61,0.09,5.56
2607,2017-06-12,14.75,14.36,15.28,14.32,85471,126554935.0,6.45,-3.56,-0.53,3.7
2608,2017-06-13,14.36,14.55,14.8,14.16,52642,76304792.0,4.46,1.32,0.19,2.28
2609,2017-06-14,14.31,14.82,14.88,14.31,78137,114115565.0,3.92,1.86,0.27,3.38
2610,2017-06-15,14.7,14.72,14.88,14.63,59506,87850020.0,1.69,-0.67,-0.1,2.58
2611,2017-06-16,14.62,14.45,14.74,14.43,38501,56079741.0,2.11,-1.83,-0.27,1.67
2612,2017-06-19,14.4,14.76,14.81,14.4,47576,69721561.0,2.84,2.15,0.31,2.06
2613,2017-06-20,14.7,14.58,14.78,14.49,39753,58115636.0,1.96,-1.22,-0.18,1.72
2614,2017-06-21,14.6,14.49,14.74,14.36,30368,44221466.0,2.61,-0.62,-0.09,1.31
2615,2017-06-22,14.51,14.21,14.68,14.21,44208,64021606.0,3.24,-1.93,-0.28,1.91
2616,2017-06-23,14.18,13.98,14.32,13.64,50399,70307945.0,4.79,-1.62,-0.23,2.18
2617,2017-06-26,13.97,14.16,14.17,13.78,24138,33924252.0,2.79,1.29,0.18,1.04
2618,2017-06-27,14.18,14.2,14.44,14.17,33076,47265851.0,1.91,0.28,0.04,1.43
2619,2017-06-28,14.15,14.11,14.32,13.95,30111,42637125.0,2.61,-0.63,-0.09,1.3
2620,2017-06-29,14.09,14.09,14.25,14.04,22110,31309383.0,1.49,-0.14,-0.02,0.96
2621,2017-06-30,14.09,14.05,14.19,13.96,27897,39263336.0,1.63,-0.28,-0.04,1.21
2622,2017-07-03,14.05,14.2,14.24,14.0,24372,34373108.0,1.71,1.07,0.15,1.06
2623,2017-07-04,14.25,14.15,14.26,14.1,23464,33261052.0,1.13,-0.35,-0.05,1.02
2624,2017-07-05,14.1,14.2,14.23,14.1,24453,34663355.0,0.92,0.35,0.05,1.06
2625,2017-07-06,14.26,14.48,14.54,14.14,63966,91696412.0,2.82,1.97,0.28,2.77
2626,2017-07-07,14.4,14.33,14.47,14.21,42197,60368543.0,1.8,-1.04,-0.15,1.83
2627,2017-07-10,14.27,14.2,14.41,14.14,33527,47934776.0,1.88,-0.91,-0.13,1.45
2628,2017-07-11,14.19,14.31,14.48,14.07,58831,84276760.0,2.89,0.77,0.11,2.55
2629,2017-07-12,14.2,13.83,14.31,13.41,57869,80238942.0,6.29,-3.35,-0.48,2.51
2630,2017-07-13,13.79,13.79,13.97,13.48,36066,49518635.0,3.54,-0.29,-0.04,1.56
2631,2017-07-14,13.8,13.67,13.8,13.6,25019,34266838.0,1.45,-0.87,-0.12,1.08
2632,2017-07-17,13.68,12.31,13.68,12.3,69501,88170085.0,10.1,-9.95,-1.36,3.01
2633,2017-07-18,12.3,12.37,12.45,12.05,34900,42873300.0,3.25,0.49,0.06,1.51
2634,2017-07-19,12.35,12.6,12.64,12.26,33759,42198909.0,3.07,1.86,0.23,1.46
2635,2017-07-20,12.53,12.64,12.73,12.51,28328,35748062.0,1.75,0.32,0.04,1.23
2636,2017-07-21,12.64,13.35,13.9,12.51,111362,151336987.0,11.0,5.62,0.71,4.82
2637,2017-07-24,14.2,14.12,14.58,13.54,169956,240841320.0,7.79,5.77,0.77,7.36
2638,2017-07-25,13.91,14.13,14.58,13.81,127998,181706032.0,5.45,0.07,0.01,5.54
2639,2017-07-26,14.03,13.71,14.08,13.5,85438,116939494.0,4.1,-2.97,-0.42,3.7
2640,2017-07-27,13.61,13.57,13.86,13.41,65258,89015520.0,3.28,-1.02,-0.14,2.83
2641,2017-07-28,13.58,13.51,13.66,13.41,44673,60385716.0,1.84,-0.44,-0.06,1.93
2642,2017-07-31,13.48,13.57,13.73,13.41,46825,63654386.0,2.37,0.44,0.06,2.03
2643,2017-08-01,13.5,13.42,13.64,13.37,43830,58946048.0,1.99,-1.11,-0.15,1.9
2644,2017-08-02,13.44,12.92,13.45,12.91,55067,71992020.0,4.02,-3.73,-0.5,2.38
2645,2017-08-03,12.9,13.03,13.2,12.88,31448,41171495.0,2.48,0.85,0.11,1.36
2646,2017-08-04,13.02,13.05,13.15,13.0,24311,31794405.0,1.15,0.15,0.02,1.05
2647,2017-08-07,13.12,13.05,13.16,13.03,20861,27268979.0,1.0,0.0,0.0,0.9
2648,2017-08-08,13.05,13.27,13.38,12.98,49112,64650944.0,3.07,1.69,0.22,2.13
2649,2017-08-09,13.2,13.15,13.25,13.1,24049,31629767.0,1.13,-0.9,-0.12,1.04
2650,2017-08-10,13.17,12.89,13.18,12.85,30402,39412632.0,2.51,-1.98,-0.26,1.32
2651,2017-08-11,12.72,12.62,12.97,12.61,23420,29943133.0,2.79,-2.09,-0.27,1.01
2652,2017-08-14,12.75,12.97,13.05,12.6,22695,29227990.0,3.57,2.77,0.35,0.98
2653,2017-08-15,13.0,13.15,13.4,12.95,34311,45079982.0,3.47,1.39,0.18,1.49
2654,2017-08-16,13.21,13.53,13.96,13.04,73559,99605308.0,7.0,2.89,0.38,3.18
2655,2017-08-17,13.65,13.81,14.38,13.65,105746,147294276.0,5.4,2.07,0.28,4.58
2656,2017-08-18,13.66,14.54,14.77,13.62,190203,271798032.0,8.33,5.29,0.73,8.23
2657,2017-08-21,14.6,14.32,15.05,14.3,158974,231827372.0,5.16,-1.51,-0.22,6.88
2658,2017-08-22,14.34,13.87,14.52,13.8,102899,145016782.0,5.03,-3.14,-0.45,4.45
2659,2017-08-23,13.99,13.7,14.02,13.62,54746,75445532.0,2.88,-1.23,-0.17,2.37
2660,2017-08-24,13.71,13.85,14.15,13.64,74036,103089222.0,3.72,1.09,0.15,3.21
2661,2017-08-25,13.69,13.77,13.88,13.52,56380,77377176.0,2.6,-0.58,-0.08,2.44
2662,2017-08-28,13.74,13.9,13.98,13.68,59307,82196530.0,2.18,0.94,0.13,2.57
2663,2017-08-29,13.86,14.08,14.19,13.8,75276,105343563.0,2.81,1.29,0.18,3.26
2664,2017-08-30,14.0,13.9,14.08,13.83,42960,59718569.0,1.78,-1.28,-0.18,1.86
2665,2017-08-31,13.91,13.95,14.27,13.7,56348,78755502.0,4.1,0.36,0.05,2.44
2666,2017-09-01,13.9,13.91,13.97,13.78,42484,58864194.0,1.36,-0.29,-0.04,1.84
2667,2017-09-04,13.9,13.85,13.98,13.77,32306,44724374.0,1.51,-0.43,-0.06,1.4
2668,2017-09-05,13.9,13.91,14.15,13.85,44707,62411268.0,2.17,0.43,0.06,1.94
2669,2017-09-06,13.88,13.89,13.94,13.7,37314,51532356.0,1.73,-0.14,-0.02,1.62
2670,2017-09-07,14.61,14.05,15.0,14.01,101670,145405038.0,7.13,1.15,0.16,4.4
2671,2017-09-08,14.0,14.78,15.46,14.0,211917,315115728.0,10.39,5.2,0.73,9.17
2672,2017-09-11,14.49,14.26,14.49,14.1,135190,192647690.0,2.64,-3.52,-0.52,5.85
2673,2017-09-12,14.28,14.14,14.29,14.05,70626,99887831.0,1.68,-0.84,-0.12,3.06
2674,2017-09-13,14.14,14.24,14.35,14.08,57236,81505301.0,1.91,0.71,0.1,2.48
2675,2017-09-14,14.34,14.25,14.4,14.09,56606,80465819.0,2.18,0.07,0.01,2.45
2676,2017-09-15,14.35,14.49,14.8,14.2,103781,150273373.0,4.21,1.68,0.24,4.49
2677,2017-09-18,14.32,14.34,14.45,14.23,54920,78708104.0,1.52,-1.04,-0.15,2.38
2678,2017-09-19,14.33,14.13,14.33,14.12,48146,68310893.0,1.46,-1.46,-0.21,2.08
2679,2017-09-20,14.17,14.2,14.24,14.06,39243,55546796.0,1.27,0.5,0.07,1.7
2680,2017-09-21,14.18,14.21,14.48,14.16,57619,82580762.0,2.25,0.07,0.01,2.49
2681,2017-09-22,14.1,13.9,14.19,13.9,39906,55922379.0,2.04,-2.18,-0.31,1.73
2682,2017-09-25,13.9,13.53,13.9,13.46,33623,46058144.0,3.17,-2.66,-0.37,1.46
2683,2017-09-26,13.53,13.64,13.76,13.5,23628,32107350.0,1.92,0.81,0.11,1.02
2684,2017-09-27,13.7,13.69,13.76,13.59,16512,22608014.0,1.25,0.37,0.05,0.71
2685,2017-09-28,13.72,13.52,13.75,13.51,21163,28848061.0,1.75,-1.24,-0.17,0.92
2686,2017-09-29,13.56,13.56,13.64,13.51,16297,22128480.0,0.96,0.3,0.04,0.71
2687,2017-10-09,13.63,13.74,13.8,13.63,18475,25356831.0,1.25,1.33,0.18,0.8
2688,2017-10-10,13.78,13.97,13.97,13.72,24513,34015636.0,1.82,1.67,0.23,1.06
2689,2017-10-11,13.96,14.02,14.14,13.82,34059,47713705.0,2.29,0.36,0.05,1.47
2690,2017-10-12,13.99,13.76,14.03,13.65,26594,36826964.0,2.71,-1.85,-0.26,1.15
2691,2017-10-13,13.76,13.91,13.97,13.69,19620,27139358.0,2.03,1.09,0.15,0.85
2692,2017-10-16,13.91,13.69,14.1,13.69,30213,42002512.0,2.95,-1.58,-0.22,1.31
2693,2017-10-17,13.51,13.29,13.56,13.28,35642,47636201.0,2.05,-2.92,-0.4,1.54
2694,2017-10-18,13.29,13.23,13.55,13.21,18313,24456161.0,2.56,-0.45,-0.06,0.79
2695,2017-10-19,13.37,13.04,13.37,12.94,17473,22868144.0,3.25,-1.44,-0.19,0.76
2696,2017-10-20,13.12,13.33,13.36,13.04,13777,18211357.0,2.45,2.22,0.29,0.6
2697,2017-10-23,13.3,13.36,13.38,13.25,10965,14607810.0,0.98,0.23,0.03,0.47
2698,2017-10-24,13.36,13.24,13.57,13.13,15376,20446654.0,3.29,-0.9,-0.12,0.67
2699,2017-10-25,13.25,13.23,13.34,13.08,20651,27177800.0,1.96,-0.08,-0.01,0.89
2700,2017-10-26,13.24,13.26,13.27,13.13,14775,19503136.0,1.06,0.23,0.03,0.64
2701,2017-10-27,13.35,13.23,13.55,13.2,19443,26005765.0,2.64,-0.23,-0.03,0.84
2702,2017-10-30,13.11,12.69,13.2,12.67,25405,32603188.0,4.01,-4.08,-0.54,1.1
2703,2017-10-31,12.68,12.77,12.8,12.62,10481,13344390.0,1.42,0.63,0.08,0.45
2704,2017-11-01,12.76,12.78,12.92,12.75,10377,13306940.0,1.33,0.08,0.01,0.45
2705,2017-11-02,12.78,12.4,12.8,12.35,21780,27251297.0,3.52,-2.97,-0.38,0.94
2706,2017-11-03,12.38,12.34,12.52,12.2,14456,17881476.0,2.58,-0.48,-0.06,0.63
2707,2017-11-06,12.48,12.5,12.56,12.3,10746,13355804.0,2.11,1.3,0.16,0.47
2708,2017-11-07,12.5,12.48,12.55,12.41,10988,13685330.0,1.12,-0.16,-0.02,0.48
2709,2017-11-08,12.47,12.56,12.63,12.43,14968,18757545.0,1.6,0.64,0.08,0.65
2710,2017-11-09,12.56,12.58,12.63,12.49,14100,17689487.0,1.11,0.16,0.02,0.61
2711,2017-11-10,12.64,12.45,12.64,12.31,18442,22932667.0,2.62,-1.03,-0.13,0.8
2712,2017-11-13,12.4,12.33,12.49,12.29,15159,18723452.0,1.61,-0.96,-0.12,0.66
2713,2017-11-14,12.3,12.09,12.51,12.07,26722,32518519.0,3.57,-1.95,-0.24,1.16
2714,2017-11-15,12.16,12.16,12.32,12.1,22412,27384656.0,1.82,0.58,0.07,0.97
2715,2017-11-16,12.16,12.14,12.4,12.13,17583,21579121.0,2.22,-0.16,-0.02,0.76
2716,2017-11-17,12.1,11.38,12.18,11.28,38255,44836965.0,7.41,-6.26,-0.76,1.66
2717,2017-11-20,11.39,11.52,11.54,11.23,15580,17774401.0,2.72,1.23,0.14,0.67
2718,2017-11-21,11.5,11.16,11.6,10.98,28027,31476771.0,5.38,-3.13,-0.36,1.21
2719,2017-11-22,11.18,11.21,11.43,10.98,30270,33785957.0,4.03,0.45,0.05,1.31
2720,2017-11-23,11.2,11.04,11.36,11.0,23010,25718177.0,3.21,-1.52,-0.17,1.0
2721,2017-11-24,11.4,11.17,11.4,11.09,14014,15714047.0,2.81,1.18,0.13,0.61
2722,2017-11-27,11.04,10.85,11.18,10.71,20982,22784373.0,4.21,-2.86,-0.32,0.91
2723,2017-11-28,11.1,11.29,11.65,10.83,36638,41149165.0,7.56,4.06,0.44,1.59
2724,2017-11-29,11.2,11.13,11.28,11.05,19840,22152279.0,2.04,-1.42,-0.16,0.86
2725,2017-11-30,11.3,11.12,11.3,11.03,11829,13190727.0,2.43,-0.09,-0.01,0.51
2726,2017-12-01,11.1,11.22,11.37,11.07,12014,13482507.0,2.7,0.9,0.1,0.52
2727,2017-12-04,11.4,10.95,11.4,10.88,13575,15068260.0,4.63,-2.41,-0.27,0.59
2728,2017-12-05,10.97,10.8,11.07,10.58,18467,20013873.0,4.47,-1.37,-0.15,0.8
2729,2017-12-06,10.83,11.05,11.32,10.61,16263,17848454.0,6.57,2.31,0.25,0.7
2730,2017-12-07,10.96,10.91,11.04,10.85,13860,15184887.0,1.72,-1.27,-0.14,0.6
2731,2017-12-08,10.92,11.0,11.05,10.85,10512,11544601.0,1.83,0.82,0.09,0.46
2732,2017-12-11,11.05,11.1,11.19,10.94,13490,14920767.0,2.27,0.91,0.1,0.58
2733,2017-12-12,11.09,10.86,11.09,10.86,11131,12184746.0,2.07,-2.16,-0.24,0.48
2734,2017-12-13,10.85,10.92,11.08,10.84,8775,9594222.0,2.21,0.55,0.06,0.38
2735,2017-12-14,10.9,11.28,11.42,10.88,29790,33214407.0,4.95,3.3,0.36,1.29
2736,2017-12-15,11.23,11.15,11.31,11.06,17173,19146824.0,2.22,-1.15,-0.13,0.74
2737,2017-12-18,11.18,11.07,11.26,10.95,17940,19892083.0,2.78,-0.72,-0.08,0.78
2738,2017-12-19,11.04,11.1,11.15,11.01,10577,11712855.0,1.26,0.27,0.03,0.46
2739,2017-12-20,11.04,10.87,11.11,10.84,12247,13406130.0,2.43,-2.07,-0.23,0.53
2740,2017-12-21,10.88,10.8,10.93,10.68,9432,10191062.0,2.3,-0.64,-0.07,0.41
2741,2017-12-22,10.82,10.75,10.88,10.74,6918,7465530.0,1.3,-0.46,-0.05,0.3
2742,2017-12-25,10.69,10.37,10.8,10.26,20710,21639666.0,5.02,-3.53,-0.38,0.9
2743,2017-12-26,10.38,10.6,10.86,10.22,24307,25500327.0,6.17,2.22,0.23,1.05
2744,2017-12-27,10.54,10.36,10.55,10.28,18880,19621649.0,2.55,-2.26,-0.24,0.82
2745,2017-12-28,10.3,10.3,10.42,10.21,12757,13187874.0,2.03,-0.58,-0.06,0.55
2746,2017-12-29,10.3,10.31,10.35,10.23,9036,9294185.0,1.17,0.1,0.01,0.39
2747,2018-01-02,10.33,10.48,10.52,10.26,16278,16979046.0,2.52,1.65,0.17,0.7
2748,2018-01-03,10.45,10.63,10.69,10.44,24040,25444347.0,2.39,1.43,0.15,1.04
2749,2018-01-04,10.64,10.6,10.75,10.54,15640,16606475.0,1.98,-0.28,-0.03,0.68
2750,2018-01-05,10.67,11.08,11.66,10.64,92719,105008921.0,9.62,4.53,0.48,4.01
2751,2018-01-08,10.85,10.91,10.99,10.73,36292,39389980.0,2.35,-1.53,-0.17,1.57
2752,2018-01-09,10.9,10.92,11.3,10.73,39775,43797202.0,5.22,0.09,0.01,1.72
2753,2018-01-10,10.83,10.71,10.94,10.66,21364,22991435.0,2.56,-1.92,-0.21,0.92
2754,2018-01-11,10.68,10.75,10.8,10.6,13724,14692849.0,1.87,0.37,0.04,0.59
2755,2018-01-12,10.75,10.64,10.81,10.64,13801,14778407.0,1.58,-1.02,-0.11,0.6
2756,2018-01-15,10.62,10.28,10.62,10.26,19006,19866372.0,3.38,-3.38,-0.36,0.82
2757,2018-01-16,10.25,10.35,10.4,10.23,8665,8958773.0,1.65,0.68,0.07,0.38
2758,2018-01-17,10.35,10.43,10.48,10.23,12436,12920592.0,2.42,0.77,0.08,0.54
2759,2018-01-18,10.42,10.4,10.55,10.33,9675,10075419.0,2.11,-0.29,-0.03,0.42
2760,2018-01-19,10.42,10.3,10.55,10.26,12417,12924619.0,2.79,-0.96,-0.1,0.54
2761,2018-01-22,10.26,10.35,10.4,10.26,11817,12211689.0,1.36,0.49,0.05,0.51
2762,2018-01-23,10.35,10.54,10.75,10.34,30681,32348552.0,3.96,1.84,0.19,1.33
2763,2018-01-24,10.52,10.53,10.56,10.39,18118,18971122.0,1.61,-0.09,-0.01,0.78
2764,2018-01-25,10.53,10.53,10.62,10.45,16915,17853987.0,1.61,0.0,0.0,0.73
2765,2018-01-26,10.53,10.43,10.57,10.39,11924,12491184.0,1.71,-0.95,-0.1,0.52
2766,2018-01-29,10.47,10.13,10.52,10.13,17437,17946541.0,3.74,-2.88,-0.3,0.75
2767,2018-01-30,10.05,10.0,10.17,9.98,13754,13824168.0,1.88,-1.28,-0.13,0.6
2768,2018-01-31,9.98,9.48,10.1,9.47,27267,26384344.0,6.3,-5.2,-0.52,1.18
2769,2018-02-01,9.56,8.7,9.56,8.56,34962,31263832.0,10.55,-8.23,-0.78,1.51
2770,2018-02-02,8.7,8.45,8.7,8.2,23081,19431094.0,5.75,-2.87,-0.25,1.0
2771,2018-02-05,8.21,8.36,8.5,8.1,10663,8904362.0,4.73,-1.07,-0.09,0.46
2772,2018-02-06,8.27,7.52,8.27,7.52,34575,27165563.0,8.97,-10.05,-0.84,1.5
2773,2018-02-07,7.69,7.59,7.77,7.21,20488,15493871.0,7.45,0.93,0.07,0.89
2774,2018-02-08,7.51,7.75,7.84,7.51,15301,11842913.0,4.35,2.11,0.16,0.66
2775,2018-02-09,7.57,7.45,7.6,7.3,20378,15236954.0,3.87,-3.87,-0.3,0.88
2776,2018-02-12,7.68,7.73,7.78,7.53,14684,11311657.0,3.36,3.76,0.28,0.64
2777,2018-02-13,7.73,7.87,8.23,7.71,25840,20755239.0,6.73,1.81,0.14,1.12
2778,2018-02-14,7.78,7.8,7.87,7.66,12513,9710001.0,2.67,-0.89,-0.07,0.54
2779,2018-02-22,7.89,7.95,7.96,7.8,10532,8321310.0,2.05,1.92,0.15,0.46
2780,2018-02-23,8.08,8.01,8.08,7.91,14051,11250082.0,2.14,0.75,0.06,0.61
2781,2018-02-26,8.02,8.26,8.45,8.02,23887,19716218.0,5.37,3.12,0.25,1.03
2782,2018-02-27,8.18,8.58,9.0,8.18,54427,46822620.0,9.93,3.87,0.32,2.36
2783,2018-02-28,8.41,8.58,8.76,8.31,33792,28783173.0,5.24,0.0,0.0,1.46
2784,2018-03-01,8.5,8.66,8.71,8.4,32769,28167148.0,3.61,0.93,0.08,1.42
2785,2018-03-02,8.62,8.58,8.75,8.41,24550,21108383.0,3.93,-0.92,-0.08,1.06
2786,2018-03-05,8.54,8.49,8.78,8.48,17983,15385871.0,3.5,-1.05,-0.09,0.78
2787,2018-03-06,8.46,8.65,8.74,8.43,30006,25746530.0,3.65,1.88,0.16,1.3
2788,2018-03-07,8.58,8.69,8.84,8.58,36659,31968379.0,3.01,0.46,0.04,1.59
2789,2018-03-08,8.65,8.74,8.77,8.61,19360,16812970.0,1.84,0.58,0.05,0.84
2790,2018-03-09,8.72,8.93,9.23,8.7,38839,34631671.0,6.06,2.17,0.19,1.68
2791,2018-03-12,8.96,8.94,9.04,8.88,29889,26698487.0,1.79,0.11,0.01,1.29
2792,2018-03-13,8.97,9.15,9.5,8.95,61303,56661458.0,6.15,2.35,0.21,2.65
2793,2018-03-14,9.04,9.53,9.6,9.01,91178,85151571.0,6.45,4.15,0.38,3.95
2794,2018-03-15,9.51,10.48,10.48,9.39,142211,142681424.0,11.44,9.97,0.95,6.16
2795,2018-03-16,10.78,10.68,11.52,10.53,239477,260739290.0,9.45,1.91,0.2,10.37
2796,2018-03-19,10.34,11.75,11.75,10.11,278400,309953552.0,15.36,10.02,1.07,12.05
2797,2018-03-20,11.39,11.72,12.68,11.3,321567,385391968.0,11.74,-0.26,-0.03,13.92
2798,2018-03-21,12.01,11.74,12.63,11.41,237208,282251040.0,10.41,0.17,0.02,10.27
2799,2018-03-22,11.52,11.18,11.8,11.02,180524,205391644.0,6.64,-4.77,-0.56,7.81
2800,2018-03-23,10.37,10.06,10.59,10.06,144458,148004215.0,4.74,-10.02,-1.12,6.25
2801,2018-03-26,9.6,9.91,10.16,9.43,112291,110219165.0,7.26,-1.49,-0.15,4.86
2802,2018-03-27,10.15,10.11,10.37,9.93,106344,107583386.0,4.44,2.02,0.2,4.6
2803,2018-03-28,9.98,9.69,10.05,9.64,80281,79294876.0,4.06,-4.15,-0.42,3.48
2804,2018-03-29,9.84,10.09,10.09,9.71,92120,91779678.0,3.92,4.13,0.4,3.99
2805,2018-03-30,10.18,10.04,10.23,9.96,78715,79139327.0,2.68,-0.5,-0.05,3.41
2806,2018-04-02,10.03,10.01,10.22,9.95,78327,78827690.0,2.69,-0.3,-0.03,3.39
2807,2018-04-03,9.8,9.69,9.85,9.55,69982,67912713.0,3.0,-3.2,-0.32,3.03
2808,2018-04-04,9.79,9.68,9.93,9.66,54562,53317529.0,2.79,-0.1,-0.01,2.36
2809,2018-04-09,9.59,9.23,9.59,9.16,57474,53535051.0,4.44,-4.65,-0.45,2.49
2810,2018-04-10,9.27,9.5,9.58,9.25,53509,50414501.0,3.58,2.93,0.27,2.32
2811,2018-04-11,9.4,9.42,9.55,9.4,37035,35056568.0,1.58,-0.84,-0.08,1.6
2812,2018-04-12,9.42,9.42,9.68,9.38,45100,42879853.0,3.18,0.0,0.0,1.95
2813,2018-04-13,9.47,8.98,9.47,8.95,60935,55863802.0,5.52,-4.67,-0.44,2.64
2814,2018-04-16,9.02,8.86,9.02,8.68,30958,27390338.0,3.79,-1.34,-0.12,1.34
2815,2018-04-17,8.99,8.52,8.99,8.45,29447,25609067.0,6.09,-3.84,-0.34,1.27
2816,2018-04-18,8.6,8.63,8.64,8.29,31396,26662170.0,4.11,1.29,0.11,1.36
2817,2018-04-19,8.58,8.7,8.8,8.54,27236,23674526.0,3.01,0.81,0.07,1.18
2818,2018-04-20,8.65,8.87,9.2,8.65,57242,51160891.0,6.32,1.95,0.17,2.48
2819,2018-04-23,8.7,8.87,9.09,8.7,30396,27056755.0,4.4,0.0,0.0,1.32
2820,2018-04-24,8.8,9.01,9.04,8.75,33226,29710178.0,3.27,1.58,0.14,1.44
2821,2018-04-25,8.91,8.97,9.08,8.9,21026,18902472.0,2.0,-0.44,-0.04,0.91
2822,2018-04-26,8.95,8.55,9.02,8.54,25422,22365735.0,5.35,-4.68,-0.42,1.1
2823,2018-04-27,8.57,8.64,8.69,8.53,13868,11950301.0,1.87,1.05,0.09,0.6
2824,2018-05-02,8.59,9.02,9.27,8.59,51351,46475776.0,7.87,4.4,0.38,2.22
2825,2018-05-03,8.88,9.06,9.09,8.7,30220,27015522.0,4.32,0.44,0.04,1.31
2826,2018-05-04,9.08,9.14,9.2,9.01,37145,33850397.0,2.1,0.88,0.08,1.61
2827,2018-05-07,9.14,9.23,9.28,9.03,37444,34427184.0,2.74,0.98,0.09,1.62
2828,2018-05-08,9.19,9.38,9.39,9.15,46332,43026404.0,2.6,1.63,0.15,2.01
2829,2018-05-09,9.39,9.25,9.55,9.19,33722,31389560.0,3.84,-1.39,-0.13,1.46
2830,2018-05-10,9.22,9.45,9.55,9.22,44531,41872033.0,3.57,2.16,0.2,1.93
2831,2018-05-11,9.47,9.19,9.49,9.18,33888,31394736.0,3.28,-2.75,-0.26,1.47
2832,2018-05-14,9.16,9.04,9.25,8.92,25181,22840426.0,3.59,-1.63,-0.15,1.09
2833,2018-05-15,9.12,9.13,9.13,8.95,18872,17074625.0,1.99,1.0,0.09,0.82
2834,2018-05-16,9.12,9.13,9.26,9.01,21702,19847082.0,2.74,0.0,0.0,0.94
2835,2018-05-17,9.05,9.04,9.18,9.01,21617,19591700.0,1.86,-0.99,-0.09,0.94
2836,2018-05-18,9.01,9.13,9.16,9.01,17808,16184146.0,1.66,1.0,0.09,0.77
2837,2018-05-21,9.15,9.26,9.32,9.15,23827,22006530.0,1.86,1.42,0.13,1.03
2838,2018-05-22,9.26,9.22,9.29,9.11,19349,17773016.0,1.94,-0.43,-0.04,0.84
2839,2018-05-23,9.21,9.1,9.25,9.09,20425,18730492.0,1.74,-1.3,-0.12,0.88
2840,2018-05-24,9.1,9.02,9.13,9.0,15383,13941707.0,1.43,-0.88,-0.08,0.67
2841,2018-05-25,9.02,8.68,9.02,8.63,32590,28585932.0,4.32,-3.77,-0.34,1.41
2842,2018-05-28,8.72,8.59,8.8,8.52,19207,16609163.0,3.23,-1.04,-0.09,0.83
2843,2018-05-29,8.54,8.56,8.7,8.51,13150,11302501.0,2.21,-0.35,-0.03,0.57
2844,2018-05-30,8.45,8.03,8.45,7.92,26677,21813447.0,6.19,-6.19,-0.53,1.15
2845,2018-05-31,8.06,8.13,8.2,8.02,16342,13262647.0,2.24,1.25,0.1,0.71
2846,2018-06-01,8.13,8.17,8.2,8.0,14168,11504184.0,2.46,0.49,0.04,0.61
2847,2018-06-04,8.15,8.39,8.68,8.15,29735,25103745.0,6.49,2.69,0.22,1.29
2848,2018-06-05,8.32,8.41,8.41,8.23,19539,16260928.0,2.15,0.24,0.02,0.85
2849,2018-06-06,8.41,8.39,8.41,8.3,11095,9281906.0,1.31,-0.24,-0.02,0.48
2850,2018-06-07,8.39,8.16,8.44,8.15,17056,14072713.0,3.46,-2.74,-0.23,0.74
2851,2018-06-08,8.16,8.04,8.24,7.96,13641,10998342.0,3.43,-1.47,-0.12,0.59
2852,2018-06-11,8.04,7.94,8.04,7.83,14625,11623034.0,2.61,-1.24,-0.1,0.63
2853,2018-06-12,8.0,8.05,8.13,7.95,20625,16626283.0,2.27,1.39,0.11,0.89
2854,2018-06-13,8.0,8.15,8.24,7.85,36128,29039102.0,4.84,1.24,0.1,1.56
2855,2018-06-14,8.45,8.4,8.8,8.31,67843,57738244.0,6.01,3.07,0.25,2.94
2856,2018-06-15,8.26,7.95,8.4,7.94,45300,36651446.0,5.48,-5.36,-0.45,1.96
2857,2018-06-19,7.66,7.16,7.77,7.16,33202,24463117.0,7.67,-9.94,-0.79,1.44
2858,2018-06-20,7.0,7.2,7.3,7.0,18827,13574616.0,4.19,0.56,0.04,0.82
2859,2018-06-21,7.22,6.93,7.34,6.9,18211,12971955.0,6.11,-3.75,-0.27,0.79
2860,2018-06-22,6.97,7.07,7.1,6.7,16764,11687487.0,5.77,2.02,0.14,0.73
2861,2018-06-25,7.11,7.16,7.58,7.11,15135,10909603.0,6.65,1.27,0.09,0.66
2862,2018-06-26,7.09,7.28,7.29,7.0,15746,11347570.0,4.05,1.68,0.12,0.68
2863,2018-06-27,7.27,7.22,7.42,7.15,13947,10133097.0,3.71,-0.82,-0.06,0.6
2864,2018-06-28,7.15,7.19,7.3,7.15,11293,8158145.0,2.08,-0.42,-0.03,0.49
2865,2018-06-29,7.07,7.39,7.44,7.07,20052,14696407.0,5.15,2.78,0.2,0.87
2866,2018-07-02,7.37,7.27,7.47,7.23,16285,11992569.0,3.25,-1.62,-0.12,0.7
2867,2018-07-03,7.28,7.43,7.54,7.28,16265,12054756.0,3.58,2.2,0.16,0.7
2868,2018-07-04,7.39,7.49,7.76,7.33,28642,21506576.0,5.79,0.81,0.06,1.24
2869,2018-07-05,7.35,7.24,7.49,7.13,22866,16672155.0,4.81,-3.34,-0.25,0.99
2870,2018-07-06,7.19,7.22,7.34,7.05,12237,8861150.0,4.01,-0.28,-0.02,0.53
2871,2018-07-09,7.24,7.37,7.38,7.24,11140,8156846.0,1.94,2.08,0.15,0.48
2872,2018-07-10,7.37,7.43,7.46,7.34,11648,8617992.0,1.63,0.81,0.06,0.5
2873,2018-07-11,7.36,7.14,7.36,7.0,17702,12691754.0,4.85,-3.9,-0.29,0.77
2874,2018-07-12,7.14,7.34,7.39,7.08,17463,12764926.0,4.34,2.8,0.2,0.76
2875,2018-07-13,7.37,7.74,8.07,7.37,80573,62838092.0,9.54,5.45,0.4,3.49
2876,2018-07-16,7.63,7.68,7.73,7.56,34751,26550932.0,2.2,-0.78,-0.06,1.5
2877,2018-07-17,7.65,7.61,7.66,7.5,18561,14045585.0,2.08,-0.91,-0.07,0.8
2878,2018-07-18,7.68,7.61,7.74,7.6,21280,16334849.0,1.84,0.0,0.0,0.92
2879,2018-07-19,7.58,7.46,7.62,7.4,15946,11962649.0,2.89,-1.97,-0.15,0.69
2880,2018-07-20,7.51,7.55,7.57,7.44,12282,9225455.0,1.74,1.21,0.09,0.53
2881,2018-07-23,7.54,7.71,7.8,7.52,24830,19072440.0,3.71,2.12,0.16,1.07
2882,2018-07-24,7.66,7.86,7.97,7.66,33876,26570529.0,4.02,1.95,0.15,1.47
2883,2018-07-25,7.86,8.1,8.65,7.78,72643,59208654.0,11.07,3.05,0.24,3.14
2884,2018-07-26,7.91,7.95,8.18,7.88,42341,33860762.0,3.7,-1.85,-0.15,1.83
2885,2018-07-27,8.75,8.75,8.75,8.75,59080,51695096.0,0.0,10.06,0.8,2.56
2886,2018-07-30,9.63,9.63,9.63,9.63,20153,19407339.0,0.0,10.06,0.88,0.87
2887,2018-07-31,10.22,9.7,10.45,9.12,321019,317690688.0,13.81,0.73,0.07,13.9
2888,2018-08-01,9.04,9.7,10.4,9.04,297590,285294896.0,14.02,0.0,0.0,12.88
2889,2018-08-02,9.31,8.96,9.58,8.73,184833,169129159.0,8.76,-7.63,-0.74,8.0
2890,2018-08-03,8.96,8.51,9.32,8.41,128710,115543525.0,10.16,-5.02,-0.45,5.57
2891,2018-08-06,8.41,8.38,8.78,8.14,106392,89326930.0,7.52,-1.53,-0.13,4.61
2892,2018-08-07,8.42,8.5,8.58,8.12,106063,89018250.0,5.49,1.43,0.12,4.59
2893,2018-08-08,8.49,8.64,8.92,8.35,121920,104918567.0,6.71,1.65,0.14,5.28
2894,2018-08-09,8.49,8.56,8.78,8.3,92199,78845094.0,5.56,-0.93,-0.08,3.99
2895,2018-08-10,8.55,8.73,8.85,8.45,81246,70364037.0,4.67,1.99,0.17,3.52
2896,2018-08-13,8.57,8.44,8.62,8.28,68642,57741267.0,3.89,-3.32,-0.29,2.97
2897,2018-08-14,8.37,8.47,8.78,8.37,71076,61003530.0,4.86,0.36,0.03,3.08
2898,2018-08-15,8.68,8.8,9.13,8.62,164093,145010580.0,6.02,3.9,0.33,7.1
2899,2018-08-16,8.51,8.24,8.57,8.03,102022,84922302.0,6.14,-6.36,-0.56,4.42
2900,2018-08-17,8.25,7.68,8.33,7.58,83553,66507761.0,9.1,-6.8,-0.56,3.62
2901,2018-08-20,7.64,7.6,7.69,7.39,46218,34796419.0,3.91,-1.04,-0.08,2.0
2902,2018-08-21,7.6,7.82,8.06,7.55,68429,53301623.0,6.71,2.89,0.22,2.96
2903,2018-08-22,7.73,7.59,7.78,7.57,37847,28967172.0,2.69,-2.94,-0.23,1.64
2904,2018-08-23,7.59,7.62,7.7,7.5,30731,23420370.0,2.64,0.4,0.03,1.33
2905,2018-08-24,7.63,7.58,7.83,7.53,36225,27777308.0,3.94,-0.52,-0.04,1.57
2906,2018-08-27,7.54,7.77,7.8,7.51,47347,36418004.0,3.83,2.51,0.19,2.05
2907,2018-08-28,7.77,7.85,8.05,7.66,68466,53760141.0,5.02,1.03,0.08,2.96
2908,2018-08-29,7.77,7.97,8.1,7.72,69727,55141889.0,4.84,1.53,0.12,3.02
2909,2018-08-30,7.95,7.85,8.07,7.72,49453,39000359.0,4.39,-1.51,-0.12,2.14
2910,2018-08-31,7.85,7.57,7.96,7.55,37645,29382091.0,5.22,-3.57,-0.28,1.63
2911,2018-09-03,7.63,7.52,7.73,7.32,30702,22977854.0,5.42,-0.66,-0.05,1.33
2912,2018-09-04,7.52,7.65,7.68,7.49,31812,24209780.0,2.53,1.73,0.13,1.38
2913,2018-09-05,7.65,7.45,7.74,7.42,31557,23985654.0,4.18,-2.61,-0.2,1.37
2914,2018-09-06,7.44,7.47,7.57,7.41,21212,15866363.0,2.15,0.27,0.02,0.92
2915,2018-09-07,7.47,7.59,7.65,7.41,33980,25694066.0,3.21,1.61,0.12,1.47
2916,2018-09-10,7.56,7.29,7.59,7.22,33146,24672937.0,4.87,-3.95,-0.3,1.43
2917,2018-09-11,7.3,7.29,7.37,7.21,21354,15589559.0,2.19,0.0,0.0,0.92
2918,2018-09-12,7.28,7.32,7.39,7.28,14475,10621864.0,1.51,0.41,0.03,0.63
2919,2018-09-13,7.36,7.45,7.47,7.26,19137,14144364.0,2.87,1.78,0.13,0.83
2920,2018-09-14,7.46,7.5,7.56,7.39,28407,21257327.0,2.28,0.67,0.05,1.23
2921,2018-09-17,7.54,7.29,7.54,7.24,26109,19190990.0,4.0,-2.8,-0.21,1.13
2922,2018-09-18,7.29,7.52,7.53,7.2,30101,22340749.0,4.53,3.16,0.23,1.3
2923,2018-09-19,7.6,7.71,7.95,7.54,62166,48121887.0,5.45,2.53,0.19,2.69
2924,2018-09-20,7.56,7.77,8.08,7.55,62938,49013647.0,6.87,0.78,0.06,2.72
2925,2018-09-21,7.73,7.77,7.87,7.7,39356,30592291.0,2.19,0.0,0.0,1.7
2926,2018-09-25,7.69,7.77,7.81,7.64,24289,18730517.0,2.19,0.0,0.0,1.05
2927,2018-09-26,7.76,7.74,7.82,7.71,26334,20471683.0,1.42,-0.39,-0.03,1.14
2928,2018-09-27,7.74,7.42,7.76,7.41,32607,24730561.0,4.52,-4.13,-0.32,1.41
2929,2018-09-28,7.45,7.64,7.66,7.45,34022,25802598.0,2.83,2.96,0.22,1.47
2930,2018-10-08,7.5,7.51,7.74,7.47,31869,24159575.0,3.53,-1.7,-0.13,1.38
2931,2018-10-09,7.63,7.47,7.63,7.4,21324,15956179.0,3.06,-0.53,-0.04,0.92
2932,2018-10-10,7.6,7.53,7.66,7.43,26032,19642233.0,3.08,0.8,0.06,1.13
2933,2018-10-11,7.19,6.79,7.25,6.78,47119,32915982.0,6.24,-9.83,-0.74,2.04
2934,2018-10-12,6.51,6.63,6.74,6.32,29337,19286161.0,6.19,-2.36,-0.16,1.27
2935,2018-10-15,6.67,6.5,6.73,6.45,16407,10866073.0,4.22,-1.96,-0.13,0.71
2936,2018-10-16,6.48,6.43,6.61,6.38,17750,11538079.0,3.54,-1.08,-0.07,0.77
2937,2018-10-17,6.52,6.53,6.59,6.37,16312,10592933.0,3.42,1.56,0.1,0.71
2938,2018-10-18,6.53,6.24,6.53,6.24,16834,10756794.0,4.44,-4.44,-0.29,0.73
2939,2018-10-19,6.19,6.4,6.43,6.0,18902,11831763.0,6.89,2.56,0.16,0.82
2940,2018-10-22,6.51,6.73,6.8,6.5,28696,19116428.0,4.69,5.16,0.33,1.24
2941,2018-10-23,6.75,6.76,6.95,6.64,43466,29617074.0,4.61,0.45,0.03,1.88
2942,2018-10-24,6.76,7.14,7.4,6.7,69233,48903680.0,10.36,5.62,0.38,3.0
2943,2018-10-25,6.89,6.94,7.03,6.72,46826,32231300.0,4.34,-2.8,-0.2,2.03
2944,2018-10-26,6.83,6.92,7.17,6.81,35266,24662675.0,5.19,-0.29,-0.02,1.53
2945,2018-10-29,6.94,6.71,6.97,6.69,19984,13534933.0,4.05,-3.03,-0.21,0.87
2946,2018-10-30,6.68,6.83,6.85,6.6,20553,13902320.0,3.73,1.79,0.12,0.89
2947,2018-10-31,6.9,6.95,7.06,6.83,28422,19732575.0,3.37,1.76,0.12,1.23
2948,2018-11-01,6.96,6.95,7.1,6.94,27174,19043484.0,2.3,0.0,0.0,1.18
2949,2018-11-02,7.05,7.09,7.12,6.99,31313,22092969.0,1.87,2.01,0.14,1.36
2950,2018-11-05,7.1,7.15,7.19,7.0,30855,21880129.0,2.68,0.85,0.06,1.34
2951,2018-11-06,7.14,7.87,7.87,7.0,88236,66635798.0,12.17,10.07,0.72,3.82
2952,2018-11-07,7.86,7.6,7.86,7.44,114568,87402139.0,5.34,-3.43,-0.27,4.96
2953,2018-11-08,7.58,7.52,7.68,7.46,63366,47822214.0,2.89,-1.05,-0.08,2.74
2954,2018-11-09,7.43,7.38,7.5,7.33,41764,30933992.0,2.26,-1.86,-0.14,1.81
2955,2018-11-12,7.39,7.53,7.56,7.36,42012,31461173.0,2.71,2.03,0.15,1.82
2956,2018-11-13,7.48,7.61,7.72,7.35,58596,44501095.0,4.91,1.06,0.08,2.54
2957,2018-11-14,7.58,7.68,7.88,7.53,77250,59721413.0,4.6,0.92,0.07,3.34
2958,2018-11-15,7.66,7.76,7.87,7.6,52217,40550017.0,3.52,1.04,0.08,2.26
2959,2018-11-16,7.76,7.75,7.84,7.71,46671,36323342.0,1.68,-0.13,-0.01,2.02
2960,2018-11-19,7.77,8.53,8.53,7.72,88518,73205215.0,10.45,10.06,0.78,3.83
2961,2018-11-20,8.66,7.94,8.66,7.68,154283,127451599.0,11.49,-6.92,-0.59,6.68
2962,2018-11-21,7.94,8.37,8.73,7.94,183173,155450365.0,9.95,5.42,0.43,7.93
2963,2018-11-22,8.17,8.05,8.56,8.05,107612,87677662.0,6.09,-3.82,-0.32,4.66
2964,2018-11-23,8.0,7.8,8.36,7.7,87200,70294102.0,8.2,-3.11,-0.25,3.77
2965,2018-11-26,7.66,7.95,8.17,7.66,62038,48773728.0,6.54,1.92,0.15,2.69
2966,2018-11-27,7.9,7.84,7.98,7.7,51250,40174765.0,3.52,-1.38,-0.11,2.22
2967,2018-11-28,7.8,7.92,8.04,7.63,62861,49619416.0,5.23,1.02,0.08,2.72
2968,2018-11-29,7.9,7.68,8.09,7.67,60710,47968826.0,5.3,-3.03,-0.24,2.63
2969,2018-11-30,7.63,7.62,7.77,7.44,42370,32181145.0,4.3,-0.78,-0.06,1.83
2970,2018-12-03,7.77,7.92,8.01,7.74,53450,42214510.0,3.54,3.94,0.3,2.31
2971,2018-12-04,7.92,8.01,8.1,7.81,66221,52751847.0,3.66,1.14,0.09,2.87
2972,2018-12-05,7.82,8.03,8.09,7.78,54975,43662919.0,3.87,0.25,0.02,2.38
2973,2018-12-06,8.03,8.15,8.2,7.96,76836,62167762.0,2.99,1.49,0.12,3.33
2974,2018-12-07,8.08,8.2,8.35,8.08,77421,63673863.0,3.31,0.61,0.05,3.35
2975,2018-12-10,8.12,8.11,8.39,7.95,65610,53598171.0,5.37,-1.1,-0.09,2.84
2976,2018-12-11,8.03,7.94,8.13,7.72,59951,47213342.0,5.06,-2.1,-0.17,2.6
2977,2018-12-12,7.94,7.83,7.97,7.81,30245,23831036.0,2.02,-1.39,-0.11,1.31
2978,2018-12-13,7.83,7.9,7.97,7.75,36191,28533607.0,2.81,0.89,0.07,1.57
2979,2018-12-14,7.92,7.74,8.15,7.65,61001,48407522.0,6.33,-2.03,-0.16,2.64
2980,2018-12-17,7.65,8.04,8.05,7.61,56659,44708636.0,5.68,3.88,0.3,2.45
2981,2018-12-18,8.02,7.75,8.02,7.64,51833,40508835.0,4.73,-3.61,-0.29,2.24
2982,2018-12-19,7.72,7.58,7.78,7.47,39979,30394673.0,4.0,-2.19,-0.17,1.73
2983,2018-12-20,7.64,7.65,7.73,7.52,29731,22729047.0,2.77,0.92,0.07,1.29
2984,2018-12-21,7.62,7.72,7.75,7.56,24635,18908577.0,2.48,0.92,0.07,1.07
2985,2018-12-24,7.69,7.71,7.77,7.63,19694,15155743.0,1.81,-0.13,-0.01,0.85
2986,2018-12-25,7.56,7.39,7.65,7.17,31805,23429778.0,6.23,-4.15,-0.32,1.38
2987,2018-12-26,7.4,7.43,7.49,7.37,16587,12301161.0,1.62,0.54,0.04,0.72
2988,2018-12-27,7.51,7.21,7.68,7.2,30896,23095975.0,6.46,-2.96,-0.22,1.34
2989,2018-12-28,7.25,7.25,7.43,7.2,22388,16380213.0,3.19,0.55,0.04,0.97
2990,2019-01-02,7.27,7.35,7.48,7.26,14779,10846885.0,3.03,1.38,0.1,0.64
2991,2019-01-03,7.32,7.37,7.6,7.28,20272,15057178.0,4.35,0.27,0.02,0.88
2992,2019-01-04,7.3,7.51,7.55,7.28,26176,19532933.0,3.66,1.9,0.14,1.13
2993,2019-01-07,7.58,7.66,7.71,7.51,33000,25152517.0,2.66,2.0,0.15,1.43
2994,2019-01-08,7.67,7.69,7.86,7.63,36747,28425358.0,3.0,0.39,0.03,1.59
2995,2019-01-09,7.7,7.64,7.86,7.64,38265,29618258.0,2.86,-0.65,-0.05,1.66
2996,2019-01-10,7.58,7.78,8.06,7.58,40436,31504783.0,6.28,1.83,0.14,1.75
2997,2019-01-11,7.77,8.0,8.04,7.74,61803,48902747.0,3.86,2.83,0.22,2.68
2998,2019-01-14,7.83,8.26,8.8,7.83,155724,131412863.0,12.13,3.25,0.26,6.74
2999,2019-01-15,8.2,8.6,8.88,8.19,168608,144286086.0,8.35,4.12,0.34,7.3
3000,2019-01-16,8.47,8.46,8.54,8.27,111204,93149432.0,3.14,-1.63,-0.14,4.81
3001,2019-01-17,8.36,8.11,8.42,8.04,95859,78283784.0,4.49,-4.14,-0.35,4.15
3002,2019-01-18,8.08,8.1,8.28,8.01,58841,47804849.0,3.33,-0.12,-0.01,2.55
3003,2019-01-21,8.1,8.13,8.2,7.98,50371,40749647.0,2.72,0.37,0.03,2.18
3004,2019-01-22,8.09,8.08,8.16,7.89,46210,37223775.0,3.32,-0.62,-0.05,2.0
3005,2019-01-23,8.08,8.1,8.15,7.97,44983,36232271.0,2.23,0.25,0.02,1.95
3006,2019-01-24,8.09,8.23,8.35,8.02,61672,50379007.0,4.07,1.6,0.13,2.67
3007,2019-01-25,8.24,8.05,8.9,8.05,73067,60640341.0,10.33,-2.19,-0.18,3.16
3008,2019-01-28,8.1,7.79,8.12,7.78,37191,29572489.0,4.22,-3.23,-0.26,1.61
3009,2019-01-29,7.82,7.42,7.84,7.3,46106,34493447.0,6.93,-4.75,-0.37,2.0
3010,2019-01-30,7.39,7.45,7.68,7.38,31128,23447608.0,4.04,0.4,0.03,1.35
3011,2019-01-31,7.47,7.28,7.67,7.25,32927,24537693.0,5.64,-2.28,-0.17,1.43
3012,2019-02-01,7.28,7.52,7.53,7.28,17990,13418670.0,3.43,3.3,0.24,0.78
3013,2019-02-11,7.55,7.7,7.73,7.52,22043,16888596.0,2.79,2.39,0.18,0.95
3014,2019-02-12,7.71,7.82,7.85,7.68,28332,22040231.0,2.21,1.56,0.12,1.23
3015,2019-02-13,7.82,7.95,7.98,7.75,38207,30127778.0,2.94,1.66,0.13,1.65
3016,2019-02-14,7.94,7.99,8.15,7.86,59417,47534364.0,3.65,0.5,0.04,2.57
3017,2019-02-15,7.99,7.94,8.25,7.93,46347,37218742.0,4.01,-0.63,-0.05,2.01
3018,2019-02-18,7.94,8.23,8.29,7.94,63160,51358104.0,4.41,3.65,0.29,2.73
3019,2019-02-19,8.26,8.52,8.6,8.12,114185,95494601.0,5.83,3.52,0.29,4.94
3020,2019-02-20,8.41,8.43,8.49,8.24,68321,57059417.0,2.93,-1.06,-0.09,2.96
3021,2019-02-21,8.35,8.28,8.78,8.25,93165,78762702.0,6.29,-1.78,-0.15,4.03
3022,2019-02-22,8.21,8.38,8.4,8.21,49519,41285451.0,2.29,1.21,0.1,2.14
3023,2019-02-25,8.43,8.71,8.79,8.4,107428,92470878.0,4.65,3.94,0.33,4.65
3024,2019-02-26,8.71,8.63,8.94,8.57,129459,113601625.0,4.25,-0.92,-0.08,5.6
3025,2019-02-27,8.6,8.7,8.96,8.49,98235,86097501.0,5.45,0.81,0.07,4.25
3026,2019-02-28,8.81,8.75,9.28,8.71,100806,89765544.0,6.55,0.57,0.05,4.36
3027,2019-03-01,8.7,9.01,9.1,8.62,121662,108119128.0,5.49,2.97,0.26,5.27
3028,2019-03-04,8.97,9.43,9.58,8.8,173068,159590548.0,8.66,4.66,0.42,7.49
3029,2019-03-05,9.29,9.42,9.55,9.2,121171,113134136.0,3.71,-0.11,-0.01,5.25
3030,2019-03-06,9.36,9.4,9.54,9.2,116706,109365249.0,3.61,-0.21,-0.02,5.05
3031,2019-03-07,9.4,9.47,9.65,9.27,114258,107976449.0,4.04,0.74,0.07,4.95
3032,2019-03-08,9.29,8.67,9.41,8.66,112014,101614190.0,7.92,-8.45,-0.8,4.85
3033,2019-03-11,8.86,9.19,9.27,8.85,100168,90836128.0,4.84,6.0,0.52,4.34
3034,2019-03-12,9.3,9.28,9.47,9.1,86708,80725851.0,4.03,0.98,0.09,3.75
3035,2019-03-13,9.24,9.1,9.56,9.05,101428,94755144.0,5.5,-1.94,-0.18,4.39
3036,2019-03-14,9.1,9.04,9.36,8.9,68446,62478580.0,5.05,-0.66,-0.06,2.96
3037,2019-03-15,9.11,9.26,9.48,9.04,84875,78753658.0,4.87,2.43,0.22,3.67
3038,2019-03-18,9.26,9.7,9.7,9.1,114718,107714286.0,6.48,4.75,0.44,4.97
3039,2019-03-19,9.78,9.38,9.78,9.28,122035,114920065.0,5.15,-3.3,-0.32,5.28
3040,2019-03-20,9.32,9.27,9.37,9.08,65320,60298323.0,3.09,-1.17,-0.11,2.83
3041,2019-03-21,9.21,9.33,9.45,9.16,66046,61389940.0,3.13,0.65,0.06,2.86
3042,2019-03-22,9.31,9.53,9.65,9.25,112782,106704413.0,4.29,2.14,0.2,4.88
3043,2019-03-25,9.35,9.7,9.82,9.25,139013,132780229.0,5.98,1.78,0.17,6.02
3044,2019-03-26,9.68,9.09,9.68,9.05,101369,94707359.0,6.49,-6.29,-0.61,4.39
3045,2019-03-27,9.13,9.02,9.18,8.9,53887,48552465.0,3.08,-0.77,-0.07,2.33
3046,2019-03-28,9.07,8.95,9.2,8.9,50399,45764059.0,3.33,-0.78,-0.07,2.18
3047,2019-03-29,8.9,9.12,9.15,8.76,56860,51055931.0,4.36,1.9,0.17,2.46
3048,2019-04-01,9.13,9.4,9.44,9.1,69524,64688253.0,3.73,3.07,0.28,3.01
3049,2019-04-02,9.54,9.57,10.15,9.46,132849,129287630.0,7.34,1.81,0.17,5.75
3050,2019-04-03,9.47,9.69,9.77,9.47,90041,86737065.0,3.13,1.25,0.12,3.9
3051,2019-04-04,9.68,9.6,9.73,9.47,77421,74212897.0,2.68,-0.93,-0.09,3.35
3052,2019-04-08,9.61,9.58,9.68,9.32,65602,62419181.0,3.75,-0.21,-0.02,2.84
3053,2019-04-09,9.55,9.94,10.18,9.48,167162,165598508.0,7.31,3.76,0.36,7.24
3054,2019-04-10,9.8,9.74,9.9,9.58,87350,85008186.0,3.22,-2.01,-0.2,3.78
3055,2019-04-11,9.68,10.1,10.57,9.64,178679,181142916.0,9.55,3.7,0.36,7.74
3056,2019-04-12,10.14,10.4,10.96,9.91,231262,242107046.0,10.4,2.97,0.3,10.01
3057,2019-04-15,10.49,10.64,11.08,10.31,231140,246029192.0,7.4,2.31,0.24,10.01
3058,2019-04-16,10.49,10.48,10.6,10.11,134367,139080250.0,4.61,-1.5,-0.16,5.82
3059,2019-04-17,10.48,10.37,10.84,10.28,148665,156882478.0,5.34,-1.05,-0.11,6.44
3060,2019-04-18,10.26,10.24,10.55,10.15,90126,92949948.0,3.86,-1.25,-0.13,3.9
3061,2019-04-19,10.2,10.13,10.3,9.91,71246,71670609.0,3.81,-1.07,-0.11,3.08
3062,2019-04-22,10.13,9.83,10.15,9.77,74491,73699436.0,3.75,-2.96,-0.3,3.22
3063,2019-04-23,9.87,9.42,9.87,9.12,83510,79591070.0,7.63,-4.17,-0.41,3.62
3064,2019-04-24,9.51,9.51,9.52,9.33,43803,41327288.0,2.02,0.96,0.09,1.9
3065,2019-04-25,9.5,8.91,9.5,8.91,69757,63923516.0,6.2,-6.31,-0.6,3.02
3066,2019-04-26,8.92,8.94,9.01,8.81,36830,32803845.0,2.24,0.34,0.03,1.59
3067,2019-04-29,8.99,9.01,9.31,8.89,69410,63286915.0,4.7,0.78,0.07,3.0
3068,2019-04-30,8.85,9.03,9.14,8.82,34410,31028089.0,3.55,0.22,0.02,1.49
3069,2019-05-06,8.63,8.13,8.75,8.13,57408,47992017.0,6.87,-9.97,-0.9,2.49
3070,2019-05-07,8.14,8.17,8.27,7.82,45887,37259913.0,5.54,0.49,0.04,1.99
3071,2019-05-08,8.08,8.12,8.26,7.96,25425,20676992.0,3.67,-0.61,-0.05,1.1
3072,2019-05-09,8.02,8.07,8.18,8.02,19783,16043029.0,1.97,-0.62,-0.05,0.86
3073,2019-05-10,8.11,8.39,8.39,8.0,42297,34880038.0,4.83,3.97,0.32,1.83
3074,2019-05-13,8.3,8.44,8.67,8.26,41170,34782380.0,4.89,0.6,0.05,1.78
3075,2019-05-14,8.29,8.32,8.45,8.26,26111,21845291.0,2.25,-1.42,-0.12,1.13
3076,2019-05-15,8.4,8.47,8.52,8.35,29047,24549123.0,2.04,1.8,0.15,1.26
3077,2019-05-16,8.46,8.63,8.68,8.45,36995,31731578.0,2.72,1.89,0.16,1.6
3078,2019-05-17,8.67,8.26,8.71,8.15,43015,36088391.0,6.49,-4.29,-0.37,1.86
3079,2019-05-20,8.27,8.32,8.53,8.06,26131,21543609.0,5.69,0.73,0.06,1.13
3080,2019-05-21,8.24,8.47,8.5,8.23,27695,23283104.0,3.25,1.8,0.15,1.2
3081,2019-05-22,8.47,8.42,8.62,8.36,31156,26387260.0,3.07,-0.59,-0.05,1.35
3082,2019-05-23,8.33,8.21,8.42,8.21,26320,21865992.0,2.49,-2.49,-0.21,1.14
3083,2019-05-24,8.07,8.17,8.35,8.07,18687,15347658.0,3.41,-0.49,-0.04,0.81
3084,2019-05-27,8.23,8.41,8.42,8.17,23033,19177399.0,3.06,2.94,0.24,1.0
3085,2019-05-28,8.47,8.36,8.55,8.33,25363,21447714.0,2.62,-0.59,-0.05,1.1
3086,2019-05-29,8.38,8.45,8.54,8.34,21178,17928380.0,2.39,1.08,0.09,0.92
3087,2019-05-30,8.43,8.43,8.5,8.26,20047,16835827.0,2.84,-0.24,-0.02,0.87
3088,2019-05-31,8.45,8.42,8.54,8.35,16811,14194511.0,2.25,-0.12,-0.01,0.73
3089,2019-06-03,8.42,8.22,8.45,8.2,24222,20138073.0,2.97,-2.38,-0.2,1.05
3090,2019-06-04,8.2,8.13,8.29,8.06,19156,15620185.0,2.8,-1.09,-0.09,0.83
3091,2019-06-05,8.22,8.2,8.45,8.15,19552,16140318.0,3.69,0.86,0.07,0.85
3092,2019-06-06,8.15,7.87,8.22,7.84,24784,19812555.0,4.63,-4.02,-0.33,1.07
3093,2019-06-10,7.87,7.94,8.02,7.87,12736,10114983.0,1.91,0.89,0.07,0.55
3094,2019-06-11,7.94,8.3,8.31,7.94,29579,24286615.0,4.66,4.53,0.36,1.28
3095,2019-06-12,8.3,8.47,8.52,8.22,45596,38254808.0,3.61,2.05,0.17,1.97
3096,2019-06-13,8.5,8.42,8.51,8.35,26827,22567411.0,1.89,-0.59,-0.05,1.16
3097,2019-06-14,8.42,8.27,8.47,8.25,24829,20796660.0,2.61,-1.78,-0.15,1.07
3098,2019-06-17,8.29,8.35,8.35,8.21,16801,13940473.0,1.69,0.97,0.08,0.73
3099,2019-06-18,8.35,8.24,8.35,8.16,16543,13637147.0,2.28,-1.32,-0.11,0.72
3100,2019-06-19,8.35,8.34,8.45,8.32,16381,13691584.0,1.58,1.21,0.1,0.71
3101,2019-06-20,8.31,8.44,8.45,8.24,23183,19398901.0,2.52,1.2,0.1,1.0
3102,2019-06-21,8.45,8.57,8.65,8.45,31905,27382193.0,2.37,1.54,0.13,1.38
3103,2019-06-24,8.57,8.85,8.85,8.5,58758,51142444.0,4.08,3.27,0.28,2.54
3104,2019-06-25,8.86,8.58,8.86,8.49,44654,38478766.0,4.18,-3.05,-0.27,1.93
3105,2019-06-26,8.55,8.5,8.63,8.41,26169,22341734.0,2.56,-0.93,-0.08,1.13
3106,2019-06-27,8.52,8.59,8.8,8.46,46020,39515569.0,4.0,1.06,0.09,1.99
3107,2019-06-28,8.58,8.6,8.68,8.32,46720,39735498.0,4.19,0.12,0.01,2.02
3108,2019-07-01,8.65,8.77,8.89,8.6,50830,44505499.0,3.37,1.98,0.17,2.2
3109,2019-07-02,8.82,8.86,8.92,8.69,65306,57492142.0,2.62,1.03,0.09,2.83
3110,2019-07-03,8.75,8.78,8.93,8.69,48756,42890204.0,2.71,-0.9,-0.08,2.11
3111,2019-07-04,8.78,8.95,9.08,8.7,67583,59948530.0,4.33,1.94,0.17,2.93
3112,2019-07-05,8.86,9.12,9.15,8.85,77285,69757655.0,3.35,1.9,0.17,3.35
3113,2019-07-08,9.1,8.7,9.19,8.66,61091,54433405.0,5.81,-4.61,-0.42,2.64
3114,2019-07-09,8.77,9.06,9.07,8.53,69552,61249903.0,6.21,4.14,0.36,3.01
3115,2019-07-10,8.95,8.78,9.17,8.78,64465,58045062.0,4.3,-3.09,-0.28,2.79
3116,2019-07-11,8.84,8.75,9.02,8.74,43345,38438794.0,3.19,-0.34,-0.03,1.88
3117,2019-07-12,8.84,8.63,8.84,8.6,36663,31847332.0,2.74,-1.37,-0.12,1.59
3118,2019-07-15,8.61,9.05,9.05,8.56,68204,60587496.0,5.68,4.87,0.42,2.95
3119,2019-07-16,8.99,9.31,9.32,8.88,75596,68856764.0,4.86,2.87,0.26,3.27
3120,2019-07-17,9.2,9.12,9.4,9.05,62606,57502091.0,3.76,-2.04,-0.19,2.71
3121,2019-07-18,9.0,8.8,9.0,8.8,49424,43882335.0,2.19,-3.51,-0.32,2.14
3122,2019-07-19,8.81,8.82,8.92,8.73,29584,26094148.0,2.16,0.23,0.02,1.28
3123,2019-07-22,8.82,8.46,8.82,8.4,32160,27373852.0,4.76,-4.08,-0.36,1.39
3124,2019-07-23,8.45,8.56,8.57,8.4,15387,13087428.0,2.01,1.18,0.1,0.67
3125,2019-07-24,8.57,8.62,8.71,8.53,24902,21508343.0,2.1,0.7,0.06,1.08
3126,2019-07-25,8.63,8.61,8.78,8.55,20958,18123789.0,2.67,-0.12,-0.01,0.91
3127,2019-07-26,8.61,8.65,8.65,8.45,22013,18766719.0,2.32,0.46,0.04,0.95
3128,2019-07-29,8.57,8.47,8.61,8.46,22158,18848106.0,1.73,-2.08,-0.18,0.96
3129,2019-07-30,8.5,8.53,8.63,8.47,24780,21157534.0,1.89,0.71,0.06,1.07
3130,2019-07-31,8.5,8.37,8.52,8.33,21146,17760002.0,2.23,-1.88,-0.16,0.92
3131,2019-08-01,8.37,8.28,8.37,8.25,15807,13116476.0,1.43,-1.08,-0.09,0.68
3132,2019-08-02,8.15,8.03,8.16,7.99,23442,18873461.0,2.05,-3.02,-0.25,1.01
3133,2019-08-05,8.04,8.06,8.16,8.0,13536,10922069.0,1.99,0.37,0.03,0.59
3134,2019-08-06,7.9,7.7,7.9,7.48,27970,21485967.0,5.21,-4.47,-0.36,1.21
3135,2019-08-07,7.73,7.7,7.8,7.67,14182,10979368.0,1.69,0.0,0.0,0.61
3136,2019-08-08,7.7,7.71,7.79,7.7,17046,13189641.0,1.17,0.13,0.01,0.74
3137,2019-08-09,7.77,7.52,7.78,7.48,16415,12501161.0,3.89,-2.46,-0.19,0.71
3138,2019-08-12,7.63,7.64,7.65,7.5,12102,9168877.0,1.99,1.6,0.12,0.52
3139,2019-08-13,7.6,7.7,7.71,7.52,12323,9401366.0,2.49,0.79,0.06,0.53
3140,2019-08-14,7.75,7.7,7.79,7.68,15092,11682307.0,1.43,0.0,0.0,0.65
3141,2019-08-15,7.58,7.64,7.65,7.45,14826,11177437.0,2.6,-0.78,-0.06,0.64
3142,2019-08-16,7.62,7.66,7.73,7.6,12995,9976320.0,1.7,0.26,0.02,0.56
3143,2019-08-19,7.7,7.87,7.87,7.66,23662,18450980.0,2.74,2.74,0.21,1.02
3144,2019-08-20,7.87,7.86,8.01,7.82,27722,21888498.0,2.41,-0.13,-0.01,1.2
3145,2019-08-21,7.82,7.82,7.89,7.8,15513,12160142.0,1.15,-0.51,-0.04,0.67
3146,2019-08-22,7.83,7.89,7.92,7.82,15935,12536439.0,1.28,0.9,0.07,0.69
3147,2019-08-23,7.87,7.88,7.92,7.82,15930,12541961.0,1.27,-0.13,-0.01,0.69
3148,2019-08-26,7.7,7.79,7.84,7.66,11859,9204051.0,2.28,-1.14,-0.09,0.51
3149,2019-08-27,7.85,7.9,8.0,7.82,17680,13982718.0,2.31,1.41,0.11,0.77
3150,2019-08-28,7.92,8.0,8.04,7.87,26355,20991380.0,2.15,1.27,0.1,1.14
3151,2019-08-29,8.01,7.94,8.05,7.91,19116,15239356.0,1.75,-0.75,-0.06,0.83
3152,2019-08-30,7.95,7.75,8.01,7.7,19173,15048804.0,3.9,-2.39,-0.19,0.83
3153,2019-09-02,7.76,7.95,7.99,7.75,19650,15554578.0,3.1,2.58,0.2,0.85
3154,2019-09-03,7.96,8.0,8.07,7.93,22454,17956655.0,1.76,0.63,0.05,0.97
3155,2019-09-04,7.97,8.09,8.09,7.93,21308,17112284.0,2.0,1.13,0.09,0.92
3156,2019-09-05,8.12,8.11,8.2,8.1,29708,24212040.0,1.24,0.25,0.02,1.29
3157,2019-09-06,8.13,8.11,8.17,8.04,17025,13794046.0,1.6,0.0,0.0,0.74
3158,2019-09-09,8.15,8.23,8.23,8.13,27790,22754001.0,1.23,1.48,0.12,1.2
3159,2019-09-10,8.19,8.28,8.31,8.18,25982,21401909.0,1.58,0.61,0.05,1.12
3160,2019-09-11,8.29,8.22,8.31,8.21,14497,11955592.0,1.21,-0.72,-0.06,0.63
3161,2019-09-12,8.22,8.28,8.35,8.21,17742,14701519.0,1.7,0.73,0.06,0.77
3162,2019-09-16,8.29,8.29,8.39,8.26,20986,17429576.0,1.57,0.12,0.01,0.91
3163,2019-09-17,8.29,8.05,8.34,7.98,27477,22267911.0,4.34,-2.9,-0.24,1.19
3164,2019-09-18,8.08,8.15,8.18,8.06,24378,19811366.0,1.49,1.24,0.1,1.06
3165,2019-09-19,8.15,8.28,8.31,8.11,25538,21013418.0,2.45,1.6,0.13,1.11
3166,2019-09-20,8.28,8.34,8.39,8.24,20490,17048325.0,1.81,0.72,0.06,0.89
3167,2019-09-23,8.28,8.2,8.3,8.07,28070,22932770.0,2.76,-1.68,-0.14,1.22
3168,2019-09-24,8.2,8.15,8.28,8.11,21293,17458450.0,2.07,-0.61,-0.05,0.92
3169,2019-09-25,8.12,7.97,8.17,7.92,24614,19757474.0,3.07,-2.21,-0.18,1.07
3170,2019-09-26,8.02,7.69,8.02,7.66,24539,19133137.0,4.52,-3.51,-0.28,1.06
3171,2019-09-27,7.73,7.8,7.8,7.61,14946,11562934.0,2.47,1.43,0.11,0.65
3172,2019-09-30,7.74,7.72,7.83,7.7,12070,9380350.0,1.67,-1.03,-0.08,0.52
3173,2019-10-08,7.76,7.82,8.1,7.69,23894,18853979.0,5.31,1.3,0.1,1.03
3174,2019-10-09,7.82,7.81,7.9,7.66,31651,24526567.0,3.07,-0.13,-0.01,1.37
3175,2019-10-10,7.8,7.83,7.87,7.76,25840,20225619.0,1.41,0.26,0.02,1.12
3176,2019-10-11,7.83,7.87,7.89,7.78,19561,15354884.0,1.4,0.51,0.04,0.85
3177,2019-10-14,7.89,7.99,8.02,7.89,24494,19529166.0,1.65,1.52,0.12,1.06
3178,2019-10-15,8.0,7.99,8.04,7.93,18112,14455820.0,1.38,0.0,0.0,0.78
3179,2019-10-16,8.0,7.91,8.05,7.9,12326,9822793.0,1.88,-1.0,-0.08,0.53
3180,2019-10-17,7.89,7.81,7.93,7.76,23600,18507349.0,2.15,-1.26,-0.1,1.02
3181,2019-10-18,7.77,7.7,8.05,7.68,33758,26427577.0,4.74,-1.41,-0.11,1.46
3182,2019-10-21,7.68,7.78,7.78,7.6,29651,22794315.0,2.34,1.04,0.08,1.28
3183,2019-10-22,7.74,8.03,8.08,7.71,48471,38429939.0,4.76,3.21,0.25,2.1
3184,2019-10-23,7.97,7.82,7.97,7.79,40359,31686963.0,2.24,-2.62,-0.21,1.75
3185,2019-10-24,7.79,7.73,7.84,7.69,23304,18080580.0,1.92,-1.15,-0.09,1.01
3186,2019-10-25,7.7,7.78,7.8,7.68,14546,11267302.0,1.55,0.65,0.05,0.63
3187,2019-10-28,7.74,7.88,7.91,7.74,21493,16867425.0,2.19,1.29,0.1,0.93
3188,2019-10-29,7.92,7.86,7.92,7.81,25410,20021270.0,1.4,-0.25,-0.02,1.1
3189,2019-10-30,7.86,7.73,7.9,7.7,16541,12832090.0,2.54,-1.65,-0.13,0.72
3190,2019-10-31,7.75,7.59,7.77,7.56,17498,13393237.0,2.72,-1.81,-0.14,0.76
3191,2019-11-01,7.59,7.58,7.62,7.49,19539,14774838.0,1.71,-0.13,-0.01,0.85
3192,2019-11-04,7.62,7.54,7.64,7.49,18328,13880478.0,1.98,-0.53,-0.04,0.79
3193,2019-11-05,7.55,7.48,7.57,7.39,20486,15295768.0,2.39,-0.8,-0.06,0.89
3194,2019-11-06,7.52,7.37,7.52,7.32,15271,11298660.0,2.67,-1.47,-0.11,0.66
3195,2019-11-07,7.39,7.41,7.45,7.34,11804,8743251.0,1.49,0.54,0.04,0.51
3196,2019-11-08,7.43,7.4,7.47,7.37,10101,7494992.0,1.35,-0.13,-0.01,0.44
3197,2019-11-11,7.36,7.2,7.38,7.11,12193,8817055.0,3.65,-2.7,-0.2,0.53
3198,2019-11-12,7.2,7.4,7.92,7.12,22163,16375001.0,11.11,2.78,0.2,0.96
3199,2019-11-13,7.34,7.6,7.75,7.31,37194,28086612.0,5.95,2.7,0.2,1.61
3200,2019-11-14,7.57,7.55,7.61,7.41,24660,18528160.0,2.63,-0.66,-0.05,1.07
3201,2019-11-15,7.52,7.48,7.63,7.38,21369,16027149.0,3.31,-0.93,-0.07,0.93
3202,2019-11-18,7.44,7.43,7.48,7.34,12969,9591270.0,1.87,-0.67,-0.05,0.56
3203,2019-11-19,7.39,7.53,7.54,7.36,14524,10834544.0,2.42,1.35,0.1,0.63
3204,2019-11-20,7.55,7.43,7.55,7.41,12855,9599612.0,1.86,-1.33,-0.1,0.56
3205,2019-11-21,7.38,7.41,7.47,7.38,7015,5207981.0,1.21,-0.27,-0.02,0.3
3206,2019-11-22,7.43,7.33,7.5,7.32,9919,7321029.0,2.43,-1.08,-0.08,0.43
3207,2019-11-25,7.35,7.37,7.45,7.29,8165,6016214.0,2.18,0.55,0.04,0.35
3208,2019-11-26,7.4,7.3,7.41,7.29,7979,5852124.0,1.63,-0.95,-0.07,0.35
3209,2019-11-27,7.32,7.24,7.37,7.23,7322,5332452.0,1.92,-0.82,-0.06,0.32
3210,2019-11-28,7.27,7.2,7.31,7.2,7779,5638413.0,1.52,-0.55,-0.04,0.34
3211,2019-11-29,7.19,7.26,7.28,7.18,6555,4738397.0,1.39,0.83,0.06,0.28
3212,2019-12-02,7.25,7.25,7.33,7.21,6038,4393207.0,1.65,-0.14,-0.01,0.26
3213,2019-12-03,7.21,7.28,7.28,7.19,8164,5901130.0,1.24,0.41,0.03,0.35
3214,2019-12-04,7.28,7.28,7.31,7.22,6596,4797536.0,1.24,0.0,0.0,0.29
3215,2019-12-05,7.28,7.31,7.33,7.27,9696,7082078.0,0.82,0.41,0.03,0.42
3216,2019-12-06,7.31,7.37,7.37,7.3,9256,6795654.0,0.96,0.82,0.06,0.4
3217,2019-12-09,7.4,7.36,7.44,7.33,13811,10165073.0,1.49,-0.14,-0.01,0.6
3218,2019-12-10,7.36,7.37,7.37,7.27,14618,10701343.0,1.36,0.14,0.01,0.63
3219,2019-12-11,7.36,7.32,7.38,7.32,9218,6773243.0,0.81,-0.68,-0.05,0.4
3220,2019-12-12,7.32,7.29,7.35,7.28,10944,8005174.0,0.96,-0.41,-0.03,0.47
3221,2019-12-13,7.32,7.35,7.38,7.3,22370,16416980.0,1.1,0.82,0.06,0.97
3222,2019-12-16,7.36,7.42,7.42,7.3,23867,17569105.0,1.63,0.95,0.07,1.03
3223,2019-12-17,7.5,7.5,7.56,7.41,28942,21634202.0,2.02,1.08,0.08,1.25
3224,2019-12-18,7.46,7.52,7.54,7.46,20464,15368248.0,1.07,0.27,0.02,0.89
3225,2019-12-19,7.55,7.55,7.59,7.5,17208,12986720.0,1.2,0.4,0.03,0.74
3226,2019-12-20,7.55,7.59,7.78,7.55,41071,31460392.0,3.05,0.53,0.04,1.78
3227,2019-12-23,7.6,7.34,7.63,7.34,27365,20447396.0,3.82,-3.29,-0.25,1.18
3228,2019-12-24,7.32,7.43,7.44,7.32,11526,8503798.0,1.63,1.23,0.09,0.5
3229,2019-12-25,7.43,7.42,7.54,7.38,20296,15133306.0,2.15,-0.13,-0.01,0.88
3230,2019-12-26,7.46,7.6,7.7,7.46,31978,24298200.0,3.23,2.43,0.18,1.38
3231,2019-12-27,7.59,7.73,7.78,7.53,50000,38323297.0,3.29,1.71,0.13,2.16
3232,2019-12-30,7.7,8.02,8.48,7.61,78683,62819673.0,11.25,3.75,0.29,3.41
3233,2019-12-31,7.9,7.85,7.95,7.78,49616,38894172.0,2.12,-2.12,-0.17,2.15
3234,2020-01-02,7.88,8.0,8.05,7.85,50124,39829305.0,2.55,1.91,0.15,2.17
3235,2020-01-03,8.0,7.86,8.0,7.8,37786,29794355.0,2.5,-1.75,-0.14,1.64
3236,2020-01-06,7.86,7.85,7.93,7.76,27144,21272369.0,2.16,-0.13,-0.01,1.18
3237,2020-01-07,7.81,7.9,7.93,7.81,30525,24017997.0,1.53,0.64,0.05,1.32
3238,2020-01-08,7.85,7.75,7.92,7.68,24232,18942764.0,3.04,-1.9,-0.15,1.05
3239,2020-01-09,7.79,7.84,7.94,7.75,27274,21432636.0,2.45,1.16,0.09,1.18
3240,2020-01-10,7.84,7.81,7.89,7.76,25247,19775147.0,1.66,-0.38,-0.03,1.09
3241,2020-01-13,7.79,7.83,7.84,7.74,15053,11739276.0,1.28,0.26,0.02,0.65
3242,2020-01-14,7.84,7.91,8.03,7.82,43136,34171814.0,2.68,1.02,0.08,1.87
3243,2020-01-15,7.88,7.96,7.98,7.76,42225,33163713.0,2.78,0.63,0.05,1.83
3244,2020-01-16,7.91,7.85,7.97,7.8,25666,20222927.0,2.14,-1.38,-0.11,1.11
3245,2020-01-17,7.83,7.84,7.88,7.79,18378,14374427.0,1.15,-0.13,-0.01,0.8
3246,2020-01-20,7.84,7.98,7.98,7.78,27234,21553890.0,2.55,1.79,0.14,1.18
3247,2020-01-21,7.97,7.84,7.97,7.82,18070,14259687.0,1.88,-1.75,-0.14,0.78
3248,2020-01-22,7.79,7.82,7.86,7.71,16054,12513661.0,1.91,-0.26,-0.02,0.69
3249,2020-01-23,7.75,7.57,7.85,7.47,22590,17319828.0,4.86,-3.2,-0.25,0.98
3250,2020-02-03,6.81,6.81,6.81,6.81,4578,3117618.0,0.0,-10.04,-0.76,0.2
3251,2020-02-04,6.17,6.39,6.57,6.17,44418,28413044.0,5.87,-6.17,-0.42,1.92
3252,2020-02-05,6.37,6.48,6.62,6.37,30496,19838013.0,3.91,1.41,0.09,1.32
3253,2020-02-06,6.51,6.58,6.6,6.44,25158,16413736.0,2.47,1.54,0.1,1.09
3254,2020-02-07,6.7,6.63,6.7,6.52,23729,15643640.0,2.74,0.76,0.05,1.03
3255,2020-02-10,6.62,6.85,6.85,6.59,25623,17297817.0,3.92,3.32,0.22,1.11
3256,2020-02-11,6.86,6.86,7.04,6.8,24317,16806881.0,3.5,0.15,0.01,1.05
3257,2020-02-12,6.86,6.99,7.02,6.81,22424,15518940.0,3.06,1.9,0.13,0.97
3258,2020-02-13,6.97,6.84,7.02,6.83,19606,13510435.0,2.72,-2.15,-0.15,0.85
3259,2020-02-14,6.81,6.8,6.88,6.77,17429,11894275.0,1.61,-0.58,-0.04,0.75
3260,2020-02-17,6.8,6.99,7.0,6.8,22961,15923785.0,2.94,2.79,0.19,0.99
3261,2020-02-18,7.14,7.35,7.37,7.12,59452,42983343.0,3.58,5.15,0.36,2.57
3262,2020-02-19,7.35,7.21,7.35,7.19,34704,25142720.0,2.18,-1.9,-0.14,1.5
3263,2020-02-20,7.2,7.26,7.27,7.13,27347,19756721.0,1.94,0.69,0.05,1.18
3264,2020-02-21,7.22,7.28,7.34,7.2,29764,21650319.0,1.93,0.28,0.02,1.29
3265,2020-02-24,7.29,7.31,7.34,7.24,29203,21279877.0,1.37,0.41,0.03,1.26
3266,2020-02-25,7.25,7.19,7.25,6.97,50845,36300274.0,3.83,-1.64,-0.12,2.2
3267,2020-02-26,7.08,7.13,7.29,7.03,32561,23472188.0,3.62,-0.83,-0.06,1.41
3268,2020-02-27,7.17,7.37,7.39,7.16,46160,33646815.0,3.23,3.37,0.24,2.0
3269,2020-02-28,7.22,6.91,7.31,6.9,35226,24986079.0,5.56,-6.24,-0.46,1.52
3270,2020-03-02,6.9,7.25,7.3,6.9,37073,26694629.0,5.79,4.92,0.34,1.6
3271,2020-03-03,7.37,7.44,7.53,7.27,54086,39997287.0,3.59,2.62,0.19,2.34
3272,2020-03-04,7.39,7.8,7.94,7.35,89076,68652554.0,7.93,4.84,0.36,3.86
3273,2020-03-05,7.84,7.96,7.97,7.75,71356,56326903.0,2.82,2.05,0.16,3.09
3274,2020-03-06,7.95,8.76,8.76,7.9,177934,151674111.0,10.8,10.05,0.8,7.7
3275,2020-03-09,8.8,8.84,9.38,8.51,187251,167897345.0,9.93,0.91,0.08,8.11
3276,2020-03-10,8.77,8.9,8.99,8.41,102294,88929726.0,6.56,0.68,0.06,4.43
3277,2020-03-11,8.98,9.02,9.23,8.78,99608,90141659.0,5.06,1.35,0.12,4.31
3278,2020-03-12,8.6,8.7,8.98,8.52,65340,57001555.0,5.1,-3.55,-0.32,2.83
3279,2020-03-13,8.24,8.84,8.99,8.2,74439,64906442.0,9.08,1.61,0.14,3.22
3280,2020-03-16,8.96,8.22,9.2,8.22,82596,72376473.0,11.09,-7.01,-0.62,3.58
3281,2020-03-17,8.26,8.58,8.74,8.21,78238,66280319.0,6.45,4.38,0.36,3.39
3282,2020-03-18,8.66,8.07,8.75,8.06,68553,57507980.0,8.04,-5.94,-0.51,2.97
3283,2020-03-19,8.08,8.17,8.25,7.97,37778,30637169.0,3.47,1.24,0.1,1.64
3284,2020-03-20,8.25,8.46,8.47,8.15,35186,29153024.0,3.92,3.55,0.29,1.52
3285,2020-03-23,8.2,8.0,8.36,7.99,30329,24755339.0,4.37,-5.44,-0.46,1.31
3286,2020-03-24,8.23,8.13,8.29,7.68,40254,32136084.0,7.63,1.63,0.13,1.74
3287,2020-03-25,8.23,8.44,8.49,8.13,37435,31140463.0,4.43,3.81,0.31,1.62
3288,2020-03-26,8.36,8.15,8.39,8.09,32157,26488322.0,3.55,-3.44,-0.29,1.39
3289,2020-03-27,8.26,8.03,8.27,8.02,30188,24679706.0,3.07,-1.47,-0.12,1.31
3290,2020-03-30,7.91,7.97,8.02,7.7,28969,22717707.0,3.99,-0.75,-0.06,1.25
3291,2020-03-31,7.9,8.26,8.38,7.9,50345,41103325.0,6.02,3.64,0.29,2.18
3292,2020-04-01,8.31,8.27,8.36,8.1,25319,20844414.0,3.15,0.12,0.01,1.1
3293,2020-04-02,8.19,8.36,8.38,8.11,29098,24187454.0,3.26,1.09,0.09,1.26
3294,2020-04-03,8.32,8.19,8.51,8.08,36801,30496693.0,5.14,-2.03,-0.17,1.59
3295,2020-04-07,8.27,8.42,8.42,8.2,32011,26580967.0,2.69,2.81,0.23,1.39
3296,2020-04-08,8.39,8.42,8.47,8.29,27973,23453213.0,2.14,0.0,0.0,1.21
3297,2020-04-09,8.5,8.79,8.8,8.34,70463,60477590.0,5.46,4.39,0.37,3.05
3298,2020-04-10,8.76,8.42,8.77,8.38,38589,33020212.0,4.44,-4.21,-0.37,1.67
3299,2020-04-13,8.53,8.39,8.53,8.3,15117,12673071.0,2.73,-0.36,-0.03,0.65
3300,2020-04-14,8.48,8.46,8.48,8.36,14864,12528074.0,1.43,0.83,0.07,0.64
3301,2020-04-15,8.49,8.55,8.64,8.37,24403,20836223.0,3.19,1.06,0.09,1.06
3302,2020-04-16,8.47,8.54,8.6,8.42,20388,17331573.0,2.11,-0.12,-0.01,0.88
3303,2020-04-17,8.73,8.63,8.95,8.6,57510,50547374.0,4.1,1.05,0.09,2.49
3304,2020-04-20,8.65,9.1,9.29,8.6,77680,69716925.0,8.0,5.45,0.47,3.36
3305,2020-04-21,9.02,8.85,9.02,8.73,45039,39909257.0,3.19,-2.75,-0.25,1.95
3306,2020-04-22,8.88,9.05,9.11,8.73,34511,30798013.0,4.29,2.26,0.2,1.49
3307,2020-04-23,9.03,9.34,9.48,8.95,68629,63654712.0,5.86,3.2,0.29,2.97
3308,2020-04-24,9.32,9.23,9.47,9.1,38446,35628092.0,3.96,-1.18,-0.11,1.66
3309,2020-04-27,9.29,8.89,9.37,8.88,39828,35977003.0,5.31,-3.68,-0.34,1.72
3310,2020-04-28,8.98,8.66,8.98,8.31,31510,27270360.0,7.54,-2.59,-0.23,1.36
3311,2020-04-29,8.6,8.54,8.75,8.51,18284,15694369.0,2.77,-1.39,-0.12,0.79
3312,2020-04-30,8.55,8.76,8.78,8.55,21014,18244705.0,2.69,2.58,0.22,0.91
3313,2020-05-06,8.69,8.77,8.86,8.65,13632,11909457.0,2.4,0.11,0.01,0.59
3314,2020-05-07,8.85,8.7,8.85,8.66,11234,9811925.0,2.17,-0.8,-0.07,0.49
3315,2020-05-08,8.68,8.72,8.73,8.64,15668,13611695.0,1.03,0.23,0.02,0.68
3316,2020-05-11,8.72,8.51,8.8,8.42,24166,20795071.0,4.36,-2.41,-0.21,1.05
3317,2020-05-12,8.59,8.48,8.6,8.44,13741,11712942.0,1.88,-0.35,-0.03,0.59
3318,2020-05-13,8.48,8.38,8.52,8.33,16103,13522396.0,2.24,-1.18,-0.1,0.7
3319,2020-05-14,8.39,8.65,8.65,8.31,15566,13201727.0,4.06,3.22,0.27,0.67
3320,2020-05-15,8.64,8.66,8.9,8.5,19125,16707164.0,4.62,0.12,0.01,0.83
3321,2020-05-18,8.51,8.64,8.73,8.51,11469,9845031.0,2.54,-0.23,-0.02,0.5
3322,2020-05-19,8.59,8.88,8.97,8.52,28133,24704034.0,5.21,2.78,0.24,1.22
3323,2020-05-20,8.82,8.8,8.85,8.71,14594,12801631.0,1.58,-0.9,-0.08,0.63
3324,2020-05-21,8.8,9.07,9.2,8.73,49506,44745580.0,5.34,3.07,0.27,2.14
3325,2020-05-22,9.07,8.56,9.33,8.53,34205,30163154.0,8.82,-5.62,-0.51,1.48
3326,2020-05-25,8.52,8.68,8.74,8.52,17070,14734956.0,2.57,1.4,0.12,0.74
3327,2020-05-26,8.71,8.69,8.85,8.58,16807,14585078.0,3.11,0.12,0.01,0.73
3328,2020-05-27,8.65,8.68,8.79,8.56,12010,10431084.0,2.65,-0.12,-0.01,0.52
3329,2020-05-28,8.69,8.74,8.81,8.57,14854,12932533.0,2.76,0.69,0.06,0.64
3330,2020-05-29,8.7,8.95,8.96,8.7,25393,22590705.0,2.97,2.4,0.21,1.1
3331,2020-06-01,9.13,9.15,9.19,8.98,30630,27843893.0,2.35,2.23,0.2,1.33
3332,2020-06-02,9.16,9.36,9.63,9.11,44146,41585026.0,5.68,2.3,0.21,1.91
3333,2020-06-03,9.37,9.46,9.48,9.24,31587,29519365.0,2.56,1.07,0.1,1.37
3334,2020-06-04,9.46,9.47,9.57,9.27,27576,26019579.0,3.17,0.11,0.01,1.19
3335,2020-06-05,9.51,9.47,9.53,9.26,20186,18895605.0,2.85,0.0,0.0,0.87
3336,2020-06-08,9.44,9.27,9.45,9.27,16239,15208429.0,1.9,-2.11,-0.2,0.7
3337,2020-06-09,9.27,9.3,9.48,9.21,12879,11977701.0,2.91,0.32,0.03,0.56
3338,2020-06-10,9.26,9.18,9.36,9.09,9686,8919727.0,2.9,-1.29,-0.12,0.42
3339,2020-06-11,9.25,9.95,10.1,9.25,98941,97663000.0,9.26,8.39,0.77,4.28
3340,2020-06-12,9.71,9.81,9.89,9.62,39854,38837712.0,2.71,-1.41,-0.14,1.73
3341,2020-06-15,9.75,9.97,10.19,9.62,49284,48909419.0,5.81,1.63,0.16,2.13
3342,2020-06-16,10.0,10.45,10.73,9.9,74487,77545902.0,8.32,4.81,0.48,3.22
3343,2020-06-17,10.44,10.52,10.59,10.3,41949,43769590.0,2.78,0.67,0.07,1.82
3344,2020-06-18,10.5,10.28,10.72,10.21,46759,48561614.0,4.85,-2.28,-0.24,2.02
3345,2020-06-19,10.28,10.05,10.32,10.02,29239,29637086.0,2.92,-2.24,-0.23,1.27
3346,2020-06-22,10.09,10.09,10.19,10.0,22830,23043901.0,1.89,0.4,0.04,0.99
3347,2020-06-23,10.07,10.3,10.57,9.91,38212,39038194.0,6.54,2.08,0.21,1.65
3348,2020-06-24,10.2,10.19,10.4,10.05,20442,20850535.0,3.4,-1.07,-0.11,0.88
3349,2020-06-29,10.04,9.89,10.2,9.89,29097,29150392.0,3.04,-2.94,-0.3,1.26
3350,2020-06-30,9.99,10.03,10.15,9.93,18664,18709717.0,2.22,1.42,0.14,0.81
3351,2020-07-01,10.07,10.19,10.48,10.07,24620,25216610.0,4.09,1.6,0.16,1.07
3352,2020-07-02,10.19,10.51,10.7,9.99,54295,55933338.0,6.97,3.14,0.32,2.35
3353,2020-07-03,10.52,10.41,10.52,10.31,24903,25874035.0,2.0,-0.95,-0.1,1.08
3354,2020-07-06,10.4,10.49,10.62,10.31,44874,46998042.0,2.98,0.77,0.08,1.94
3355,2020-07-07,10.5,10.88,11.4,10.26,92431,99027222.0,10.87,3.72,0.39,4.0
3356,2020-07-08,10.75,10.79,10.92,10.59,53665,57852515.0,3.03,-0.83,-0.09,2.32
3357,2020-07-09,10.7,10.89,10.9,10.64,37927,40915532.0,2.41,0.93,0.1,1.64
3358,2020-07-10,10.81,10.64,10.88,10.58,41590,44602470.0,2.75,-2.3,-0.25,1.8
3359,2020-07-13,10.55,10.96,10.98,10.53,52675,57098786.0,4.23,3.01,0.32,2.28
3360,2020-07-14,11.02,10.71,11.02,10.38,50487,53883581.0,5.84,-2.28,-0.25,2.19
3361,2020-07-15,10.72,10.6,10.89,10.42,30990,33083365.0,4.39,-1.03,-0.11,1.34
3362,2020-07-16,10.6,10.18,10.6,9.88,45306,46107137.0,6.79,-3.96,-0.42,1.96
3363,2020-07-17,10.11,10.0,10.11,9.81,21325,21251910.0,2.95,-1.77,-0.18,0.92
3364,2020-07-20,10.14,10.38,10.4,10.1,27951,28747374.0,3.0,3.8,0.38,1.21
3365,2020-07-21,10.38,10.3,10.57,10.27,17653,18285662.0,2.89,-0.77,-0.08,0.76
3366,2020-07-22,10.3,10.27,10.41,10.16,26335,27004623.0,2.43,-0.29,-0.03,1.14
3367,2020-07-23,10.22,9.94,10.22,9.86,29686,29567855.0,3.51,-3.21,-0.33,1.29
3368,2020-07-24,9.95,9.43,9.96,9.4,29966,29024625.0,5.63,-5.13,-0.51,1.3
3369,2020-07-27,9.54,9.56,9.65,9.36,15958,15198710.0,3.08,1.38,0.13,0.69
3370,2020-07-28,9.42,9.69,9.78,9.42,13248,12841364.0,3.77,1.36,0.13,0.57
3371,2020-07-29,9.6,9.96,10.09,9.6,22866,22551614.0,5.06,2.79,0.27,0.99
3372,2020-07-30,10.01,10.13,10.18,9.91,23971,24157762.0,2.71,1.71,0.17,1.04
3373,2020-07-31,10.06,10.13,10.21,10.02,22190,22445070.0,1.88,0.0,0.0,0.96
3374,2020-08-03,10.15,10.26,10.33,10.15,24422,25007319.0,1.78,1.28,0.13,1.06
3375,2020-08-04,10.27,10.23,10.58,10.18,24945,25780216.0,3.9,-0.29,-0.03,1.08
3376,2020-08-05,10.28,10.61,10.73,10.1,38570,40245936.0,6.16,3.71,0.38,1.67
3377,2020-08-06,10.54,10.9,11.0,10.54,63865,69429264.0,4.34,2.73,0.29,2.76
3378,2020-08-07,10.91,11.21,11.6,10.77,82384,92180477.0,7.61,2.84,0.31,3.57
3379,2020-08-10,11.3,11.17,11.45,11.04,37107,41529582.0,3.66,-0.36,-0.04,1.61
3380,2020-08-11,11.12,11.07,11.36,10.87,53911,59682847.0,4.39,-0.9,-0.1,2.33
3381,2020-08-12,11.06,11.12,11.25,10.9,44201,48784065.0,3.16,0.45,0.05,1.91
3382,2020-08-13,11.3,12.23,12.23,11.3,48969,59053904.0,8.36,9.98,1.11,2.12
3383,2020-08-28,11.6,11.01,11.6,11.01,28297,31748506.0,4.82,-9.98,-1.22,1.22
3384,2020-08-31,10.3,9.97,10.42,9.91,126739,128075918.0,4.63,-9.45,-1.04,5.49
3385,2020-09-01,9.85,9.9,10.14,9.75,78928,78138632.0,3.91,-0.7,-0.07,3.42
3386,2020-09-02,9.84,9.79,9.9,9.69,47865,46751793.0,2.12,-1.11,-0.11,2.07
3387,2020-09-03,9.8,9.52,9.9,9.49,37611,36462664.0,4.19,-2.76,-0.27,1.63
3388,2020-09-04,9.42,9.96,10.06,9.23,55940,54526841.0,8.72,4.62,0.44,2.42
3389,2020-09-07,10.02,10.0,10.15,9.86,46736,46845228.0,2.91,0.4,0.04,2.02
3390,2020-09-08,10.01,9.97,10.09,9.74,23075,22990361.0,3.5,-0.3,-0.03,1.0
3391,2020-09-09,9.84,10.0,10.04,9.72,30761,30450319.0,3.21,0.3,0.03,1.33
3392,2020-09-10,10.0,9.92,10.08,9.81,29953,29803263.0,2.7,-0.8,-0.08,1.3
3393,2020-09-11,9.92,10.01,10.16,9.73,17952,17878151.0,4.33,0.91,0.09,0.78
3394,2020-09-14,10.01,10.41,11.01,9.99,76314,80367160.0,10.19,4.0,0.4,3.3
3395,2020-09-15,10.5,10.03,10.5,10.02,47530,48618028.0,4.61,-3.65,-0.38,2.06
3396,2020-09-16,10.12,10.1,10.33,9.93,29452,29836429.0,3.99,0.7,0.07,1.27
3397,2020-09-17,10.12,10.26,10.38,10.01,30952,31570892.0,3.66,1.58,0.16,1.34
3398,2020-09-18,10.26,10.43,10.45,10.05,40183,41163452.0,3.9,1.66,0.17,1.74
3399,2020-09-21,10.57,10.46,10.57,10.31,21480,22358206.0,2.49,0.29,0.03,0.93
3400,2020-09-22,10.34,10.29,10.5,10.27,18320,18959386.0,2.2,-1.63,-0.17,0.79
3401,2020-09-23,10.3,10.16,10.33,10.05,17573,17856040.0,2.72,-1.26,-0.13,0.76
3402,2020-09-24,10.14,9.75,10.14,9.71,27567,27075884.0,4.23,-4.04,-0.41,1.19
3403,2020-09-25,9.72,10.18,10.3,9.67,28417,28363829.0,6.46,4.41,0.43,1.23
3404,2020-09-28,10.19,10.15,10.31,9.82,22926,23084277.0,4.81,-0.29,-0.03,0.99
3405,2020-09-29,9.91,9.94,10.07,9.85,21675,21566228.0,2.17,-2.07,-0.21,0.94
3406,2020-09-30,9.98,9.9,10.02,9.89,8707,8666727.0,1.31,-0.4,-0.04,0.38
3407,2020-10-09,10.03,10.0,10.12,9.86,13184,13156441.0,2.63,1.01,0.1,0.57
3408,2020-10-12,10.08,10.17,10.2,9.95,21784,21901790.0,2.5,1.7,0.17,0.94
3409,2020-10-13,10.14,10.44,10.81,10.07,38629,40387625.0,7.28,2.65,0.27,1.67
3410,2020-10-14,10.44,10.13,10.44,10.1,22419,22907174.0,3.26,-2.97,-0.31,0.97
3411,2020-10-15,10.19,9.89,10.19,9.88,17281,17214443.0,3.06,-2.37,-0.24,0.75
3412,2020-10-16,9.94,9.91,9.99,9.86,9143,9065015.0,1.31,0.2,0.02,0.4
3413,2020-10-19,9.91,9.91,10.0,9.89,6877,6842388.0,1.11,0.0,0.0,0.3
3414,2020-10-20,9.91,9.94,9.96,9.76,9281,9164742.0,2.02,0.3,0.03,0.4
3415,2020-10-21,9.97,9.67,9.98,9.62,15343,14951848.0,3.62,-2.72,-0.27,0.66
3416,2020-10-22,9.68,9.59,9.68,9.49,7840,7504749.0,1.96,-0.83,-0.08,0.34
3417,2020-10-23,9.6,9.42,9.66,9.41,12841,12226450.0,2.61,-1.77,-0.17,0.56
3418,2020-10-26,9.46,9.48,9.51,9.24,9028,8541689.0,2.87,0.64,0.06,0.39
3419,2020-10-27,9.48,9.46,9.59,9.41,5073,4813510.0,1.9,-0.21,-0.02,0.22
3420,2020-10-28,9.46,9.24,9.46,9.14,16104,14878796.0,3.38,-2.33,-0.22,0.7
3421,2020-10-29,8.93,9.31,9.34,8.93,8704,8006661.0,4.44,0.76,0.07,0.38
3422,2020-10-30,9.25,9.1,9.52,9.08,9604,8802768.0,4.73,-2.26,-0.21,0.42
3423,2020-11-02,9.03,9.07,9.22,8.93,7292,6572040.0,3.19,-0.33,-0.03,0.32
3424,2020-11-03,9.0,9.4,9.44,9.0,9354,8728091.0,4.85,3.64,0.33,0.4
3425,2020-11-04,9.42,9.35,9.49,9.3,7448,6976042.0,2.02,-0.53,-0.05,0.32
3426,2020-11-05,9.38,9.47,9.49,9.23,8751,8218692.0,2.78,1.28,0.12,0.38
3427,2020-11-06,9.49,9.41,9.49,9.28,8770,8204735.0,2.22,-0.63,-0.06,0.38
3428,2020-11-09,9.41,9.53,9.93,9.41,20234,19553345.0,5.53,1.28,0.12,0.88
3429,2020-11-10,9.6,9.43,9.68,9.37,7846,7439610.0,3.25,-1.05,-0.1,0.34
3430,2020-11-11,9.43,9.29,9.45,9.29,7775,7280572.0,1.7,-1.48,-0.14,0.34
3431,2020-11-12,9.31,9.49,9.6,9.31,10413,9858658.0,3.12,2.15,0.2,0.45
3432,2020-11-13,9.43,9.68,9.8,9.31,17260,16595516.0,5.16,2.0,0.19,0.75
3433,2020-11-16,9.88,9.63,9.88,9.61,10996,10633647.0,2.79,-0.52,-0.05,0.48
3434,2020-11-17,9.64,9.49,9.65,9.42,7534,7155202.0,2.39,-1.45,-0.14,0.33
3435,2020-11-18,9.49,9.59,9.65,9.42,7365,7047855.0,2.42,1.05,0.1,0.32
3436,2020-11-19,9.59,9.66,9.7,9.54,7219,6951503.0,1.67,0.73,0.07,0.31
3437,2020-11-20,9.68,9.55,9.7,9.49,6506,6228884.0,2.17,-1.14,-0.11,0.28
3438,2020-11-23,9.65,9.46,9.65,9.43,11652,11051546.0,2.3,-0.94,-0.09,0.5
3439,2020-11-24,9.41,9.31,9.62,9.25,14967,14039423.0,3.91,-1.59,-0.15,0.65
3440,2020-11-25,9.39,9.32,9.43,9.31,9010,8433366.0,1.29,0.11,0.01,0.39
3441,2020-11-26,9.41,9.3,9.49,9.22,7674,7149518.0,2.9,-0.21,-0.02,0.33
3442,2020-11-27,9.28,9.34,9.38,9.23,9929,9218178.0,1.61,0.43,0.04,0.43
3443,2020-11-30,9.37,9.13,9.4,9.11,13866,12819637.0,3.1,-2.25,-0.21,0.6
3444,2020-12-01,9.04,9.23,9.33,9.01,12141,11220632.0,3.5,1.1,0.1,0.53
3445,2020-12-02,9.23,9.34,9.37,9.18,11093,10289551.0,2.06,1.19,0.11,0.48
3446,2020-12-03,9.37,9.38,9.48,9.25,12781,11949270.0,2.46,0.43,0.04,0.55
3447,2020-12-04,9.4,9.46,9.56,9.3,10826,10229998.0,2.77,0.85,0.08,0.47
3448,2020-12-07,9.5,9.79,9.94,9.44,33623,32660089.0,5.29,3.49,0.33,1.46
3449,2020-12-08,9.67,9.62,9.79,9.51,19821,19094337.0,2.86,-1.74,-0.17,0.86
3450,2020-12-09,9.69,9.27,9.69,9.27,12515,11765117.0,4.37,-3.64,-0.35,0.54
3451,2020-12-10,9.28,9.38,9.69,9.2,17334,16305152.0,5.29,1.19,0.11,0.75
3452,2020-12-11,9.35,9.17,9.38,9.0,18623,17033839.0,4.05,-2.24,-0.21,0.81
3453,2020-12-14,9.22,9.13,9.22,9.03,8798,8036893.0,2.07,-0.44,-0.04,0.38
3454,2020-12-15,9.14,9.11,9.18,9.05,5415,4934927.0,1.42,-0.22,-0.02,0.23
3455,2020-12-16,9.1,9.13,9.25,9.01,7826,7155188.0,2.63,0.22,0.02,0.34
3456,2020-12-17,9.18,9.11,9.18,9.02,6193,5638521.0,1.75,-0.22,-0.02,0.27
3457,2020-12-18,9.13,9.07,9.15,9.03,5519,5012420.0,1.32,-0.44,-0.04,0.24
3458,2020-12-21,9.1,9.18,9.22,9.07,6711,6155732.0,1.65,1.21,0.11,0.29
3459,2020-12-22,9.5,9.15,9.5,9.08,13821,12787016.0,4.58,-0.33,-0.03,0.6
3460,2020-12-23,9.1,9.05,9.19,9.05,9162,8326221.0,1.53,-1.09,-0.1,0.4
3461,2020-12-24,9.06,9.11,9.19,9.0,9555,8680672.0,2.1,0.66,0.06,0.41
3462,2020-12-25,9.08,9.11,9.18,9.08,5562,5073444.0,1.1,0.0,0.0,0.24
3463,2020-12-28,9.08,9.12,9.15,8.2,21129,18912101.0,10.43,0.11,0.01,0.91
3464,2020-12-29,9.12,8.95,9.16,8.93,8473,7636058.0,2.52,-1.86,-0.17,0.37
3465,2020-12-30,8.83,8.58,8.91,8.55,18035,15631070.0,4.02,-4.13,-0.37,0.78
3466,2020-12-31,8.56,8.8,8.8,8.54,13567,11797207.0,3.03,2.56,0.22,0.59
3467,2021-01-04,8.8,8.66,8.95,8.57,25098,21800608.0,4.32,-1.59,-0.14,1.09
3468,2021-01-05,8.68,8.46,8.68,8.37,19046,16151684.0,3.58,-2.31,-0.2,0.82
3469,2021-01-06,8.59,8.36,8.62,8.26,14535,12125950.0,4.26,-1.18,-0.1,0.63
3470,2021-01-07,8.45,8.28,8.57,8.22,16839,14143848.0,4.19,-0.96,-0.08,0.73
3471,2021-01-08,8.41,8.31,8.5,8.15,13864,11503144.0,4.23,0.36,0.03,0.6
3472,2021-01-11,8.15,8.03,8.25,7.97,13352,10841752.0,3.37,-3.37,-0.28,0.58
3473,2021-01-12,7.96,8.11,8.17,7.9,9566,7742604.0,3.36,1.0,0.08,0.41
3474,2021-01-13,8.16,7.98,8.16,7.77,12893,10190569.0,4.81,-1.6,-0.13,0.56
3475,2021-01-14,7.98,7.8,7.99,7.71,11079,8668423.0,3.51,-2.26,-0.18,0.48
3476,2021-01-15,7.92,7.91,7.97,7.78,6771,5346645.0,2.44,1.41,0.11,0.29
3477,2021-01-18,7.91,8.17,8.18,7.88,13356,10793265.0,3.79,3.29,0.26,0.58
3478,2021-01-19,8.2,8.4,8.59,7.5,18590,15586345.0,13.34,2.82,0.23,0.8
3479,2021-01-20,8.4,8.35,8.51,8.32,9110,7650306.0,2.26,-0.6,-0.05,0.39
3480,2021-01-21,8.35,8.34,8.4,8.3,7446,6214958.0,1.2,-0.12,-0.01,0.32
3481,2021-01-22,8.34,8.19,8.34,8.13,6502,5326906.0,2.52,-1.8,-0.15,0.28
3482,2021-01-25,8.3,8.09,8.34,8.06,10780,8841899.0,3.42,-1.22,-0.1,0.47
3483,2021-01-26,8.11,8.1,8.26,8.05,6412,5236389.0,2.6,0.12,0.01,0.28
3484,2021-01-27,8.08,8.11,8.28,8.01,7469,6101352.0,3.33,0.12,0.01,0.32
3485,2021-01-28,8.02,8.19,8.34,8.02,8362,6857543.0,3.95,0.99,0.08,0.36
3486,2021-01-29,8.12,8.16,8.33,8.09,8881,7275662.0,2.93,-0.37,-0.03,0.38
3487,2021-02-01,8.09,8.13,8.23,7.99,5823,4718804.0,2.94,-0.37,-0.03,0.25
3488,2021-02-02,8.13,8.16,8.2,8.06,5519,4494348.0,1.72,0.37,0.03,0.24
3489,2021-02-03,8.16,8.34,8.36,8.1,11731,9699558.0,3.19,2.21,0.18,0.51
3490,2021-02-04,8.19,8.16,8.34,8.06,8296,6806553.0,3.36,-2.16,-0.18,0.36
3491,2021-02-05,8.09,8.07,8.25,7.91,9122,7382438.0,4.17,-1.1,-0.09,0.39
3492,2021-02-08,8.07,8.1,8.1,7.84,7262,5796191.0,3.22,0.37,0.03,0.31
3493,2021-02-09,8.2,8.2,8.28,8.07,8105,6644037.0,2.59,1.23,0.1,0.35
3494,2021-02-10,8.35,8.17,8.48,8.08,10785,8871020.0,4.88,-0.37,-0.03,0.47
3495,2021-02-18,8.26,8.43,8.6,8.11,21463,17948815.0,6.0,3.18,0.26,0.93
3496,2021-02-19,8.41,8.61,8.65,8.41,13059,11158377.0,2.85,2.14,0.18,0.57
3497,2021-02-22,8.61,8.93,9.18,8.61,25046,22389671.0,6.62,3.72,0.32,1.08
3498,2021-02-23,8.9,8.88,9.09,8.72,16199,14389304.0,4.14,-0.56,-0.05,0.7
3499,2021-02-24,8.86,8.71,8.95,8.66,14034,12312291.0,3.27,-1.91,-0.17,0.61
3500,2021-02-25,8.7,8.69,8.86,8.52,14373,12428437.0,3.9,-0.23,-0.02,0.62
3501,2021-02-26,8.6,8.59,8.7,8.54,7045,6068548.0,1.84,-1.15,-0.1,0.3
3502,2021-03-01,8.65,8.92,8.93,8.65,13679,12063033.0,3.26,3.84,0.33,0.59
3503,2021-03-02,8.92,8.85,9.0,8.8,9473,8439909.0,2.24,-0.78,-0.07,0.41
3504,2021-03-03,8.8,9.11,9.17,8.8,19691,17847784.0,4.18,2.94,0.26,0.85
3505,2021-03-04,9.1,9.38,9.43,9.01,32853,30641759.0,4.61,2.96,0.27,1.42
3506,2021-03-05,9.42,9.56,9.56,9.21,27163,25487992.0,3.73,1.92,0.18,1.18
3507,2021-03-08,9.6,9.44,9.6,9.34,33636,31753300.0,2.72,-1.26,-0.12,1.46
3508,2021-03-09,9.34,9.29,9.52,9.25,23271,21832509.0,2.86,-1.59,-0.15,1.01
3509,2021-03-10,9.29,9.26,9.45,9.21,10571,9824909.0,2.58,-0.32,-0.03,0.46
3510,2021-03-11,9.22,10.19,10.19,9.22,82441,82926622.0,10.48,10.04,0.93,3.57
3511,2021-03-12,10.45,10.18,10.78,10.13,90535,94323553.0,6.38,-0.1,-0.01,3.92
3512,2021-03-15,10.18,10.13,10.38,9.98,41202,41810262.0,3.93,-0.49,-0.05,1.78
3513,2021-03-16,10.13,10.62,10.78,10.08,53991,56408762.0,6.91,4.84,0.49,2.34
3514,2021-03-17,10.56,10.5,10.6,10.37,31727,33177998.0,2.17,-1.13,-0.12,1.37
3515,2021-03-18,10.38,10.54,10.6,10.33,24241,25462564.0,2.57,0.38,0.04,1.05
3516,2021-03-19,10.48,10.69,10.9,10.37,37061,39691709.0,5.03,1.42,0.15,1.6
3517,2021-03-22,11.45,11.76,11.76,11.45,28395,33342827.0,2.9,10.01,1.07,1.23
3518,2021-03-23,12.8,10.64,12.89,10.63,142563,163880888.0,19.22,-9.52,-1.12,6.17
3519,2021-03-24,10.18,11.08,11.44,10.02,99460,105158887.0,13.35,4.14,0.44,4.31
3520,2021-03-25,10.97,10.39,10.97,10.27,53298,55970799.0,6.32,-6.23,-0.69,2.31
3521,2021-03-26,10.16,10.26,10.43,10.15,39231,40385721.0,2.69,-1.25,-0.13,1.7
3522,2021-03-29,10.21,10.02,10.42,9.95,42340,42949523.0,4.58,-2.34,-0.24,1.83
3523,2021-03-30,9.99,9.71,9.99,9.6,38474,37440362.0,3.89,-3.09,-0.31,1.67
3524,2021-03-31,9.75,9.69,9.85,9.64,18295,17756206.0,2.16,-0.21,-0.02,0.79
3525,2021-04-01,9.88,10.12,10.34,9.75,34132,34213034.0,6.09,4.44,0.43,1.48
3526,2021-04-02,10.08,10.22,10.32,9.9,32280,32535461.0,4.15,0.99,0.1,1.4
3527,2021-04-06,10.3,10.47,10.7,10.18,42484,44607830.0,5.09,2.45,0.25,1.84
3528,2021-04-07,10.48,10.43,10.52,10.28,23827,24706393.0,2.29,-0.38,-0.04,1.03
3529,2021-04-08,10.44,10.81,10.99,10.22,52645,56234442.0,7.38,3.64,0.38,2.28
3530,2021-04-09,10.96,11.3,11.38,10.65,69465,76891368.0,6.75,4.53,0.49,3.01
3531,2021-04-12,11.25,10.89,11.27,10.82,49310,54413283.0,3.98,-3.63,-0.41,2.13
3532,2021-04-13,10.8,10.86,11.07,10.6,34976,37853819.0,4.32,-0.28,-0.03,1.51
3533,2021-04-14,10.84,10.94,11.32,10.63,43287,47316507.0,6.35,0.74,0.08,1.87
3534,2021-04-16,9.85,9.85,9.85,9.85,10325,10170125.0,0.0,-9.96,-1.09,0.45
3535,2021-04-19,8.91,9.42,9.59,8.91,72318,67099897.0,6.9,-4.37,-0.43,3.13
3536,2021-04-20,9.28,9.56,9.85,9.27,47749,45572095.0,6.16,1.49,0.14,2.07
3537,2021-04-21,9.41,9.47,9.56,9.4,18985,17979429.0,1.67,-0.94,-0.09,0.82
3538,2021-04-22,9.55,9.95,10.02,9.51,47342,46481274.0,5.39,5.07,0.48,2.05
3539,2021-04-23,10.15,9.83,10.2,9.7,32645,32292012.0,5.03,-1.21,-0.12,1.41
3540,2021-04-26,9.9,9.59,9.96,9.56,26851,26108536.0,4.07,-2.44,-0.24,1.16
3541,2021-04-27,9.59,9.41,9.67,9.4,16198,15340390.0,2.82,-1.88,-0.18,0.7
3542,2021-04-28,9.4,9.35,9.48,9.33,18783,17627884.0,1.59,-0.64,-0.06,0.81
3543,2021-04-29,9.25,9.39,9.59,9.25,19215,18096477.0,3.64,0.43,0.04,0.83
3544,2021-04-30,9.39,9.14,9.4,9.11,21068,19408271.0,3.09,-2.66,-0.25,0.91
3545,2021-05-06,9.32,9.58,9.7,9.15,26723,25323127.0,6.02,4.81,0.44,1.16
3546,2021-05-07,9.58,9.61,9.69,9.49,20123,19328271.0,2.09,0.31,0.03,0.87
3547,2021-05-10,9.59,9.4,9.72,9.3,25779,24560809.0,4.37,-2.19,-0.21,1.12
3548,2021-05-11,9.41,9.46,9.52,9.3,17749,16739045.0,2.34,0.64,0.06,0.77
3549,2021-05-12,9.45,9.51,9.51,9.3,14009,13204069.0,2.22,0.53,0.05,0.61
3550,2021-05-13,9.53,9.3,9.53,9.28,17685,16549746.0,2.63,-2.21,-0.21,0.77
3551,2021-05-14,9.31,9.62,9.62,9.3,18983,17891434.0,3.44,3.44,0.32,0.82
3552,2021-05-17,9.81,9.55,10.13,9.51,36478,35624018.0,6.44,-0.73,-0.07,1.58
3553,2021-05-18,9.5,9.43,9.54,9.31,20729,19502734.0,2.41,-1.26,-0.12,0.9
3554,2021-05-19,9.36,9.34,9.43,9.3,13467,12587671.0,1.38,-0.95,-0.09,0.58
3555,2021-05-20,9.3,9.17,9.39,9.08,15988,14718594.0,3.32,-1.82,-0.17,0.69
3556,2021-05-21,9.17,9.18,9.24,9.1,9557,8776636.0,1.53,0.11,0.01,0.41
3557,2021-05-24,9.15,9.24,9.29,9.15,9820,9054256.0,1.53,0.65,0.06,0.43
3558,2021-05-25,9.25,9.17,9.27,9.12,14247,13059873.0,1.62,-0.76,-0.07,0.62
3559,2021-05-26,9.11,9.3,9.3,8.55,54368,48564881.0,8.18,1.42,0.13,2.35
3560,2021-05-27,9.2,9.41,9.53,9.06,41873,38998948.0,5.05,1.18,0.11,1.81
3561,2021-05-28,9.4,9.29,9.52,9.18,25258,23528539.0,3.61,-1.28,-0.12,1.09
3562,2021-05-31,9.29,9.55,9.62,9.21,32014,30274007.0,4.41,2.8,0.26,1.39
3563,2021-06-01,9.61,9.49,9.61,9.36,22462,21192622.0,2.62,-0.63,-0.06,0.97
3564,2021-06-02,9.49,9.37,9.51,9.31,19051,17894786.0,2.11,-1.26,-0.12,0.82
3565,2021-06-03,9.36,9.19,9.44,9.19,22400,20862695.0,2.67,-1.92,-0.18,0.97
3566,2021-06-04,9.19,9.09,9.27,9.08,15881,14499347.0,2.07,-1.09,-0.1,0.69
3567,2021-06-07,9.09,9.15,9.16,9.04,12118,11036154.0,1.32,0.66,0.06,0.52
3568,2021-06-08,9.16,9.2,9.27,9.1,16968,15604250.0,1.86,0.55,0.05,0.73
3569,2021-06-09,9.2,9.4,9.57,9.16,26912,25354065.0,4.46,2.17,0.2,1.17
3570,2021-06-10,9.45,9.55,9.56,9.33,20095,19030081.0,2.45,1.6,0.15,0.87
3571,2021-06-11,9.55,9.39,9.65,9.32,24038,22748377.0,3.46,-1.68,-0.16,1.04
3572,2021-06-15,9.35,9.28,9.45,9.27,24094,22571260.0,1.92,-1.17,-0.11,1.04
3573,2021-06-16,9.23,9.18,9.35,9.14,16422,15123048.0,2.26,-1.08,-0.1,0.71
3574,2021-06-17,9.25,9.12,9.25,9.11,10131,9275545.0,1.53,-0.65,-0.06,0.44
3575,2021-06-18,9.12,9.38,9.41,8.93,19844,18326259.0,5.26,2.85,0.26,0.86
3576,2021-06-21,9.4,9.47,9.5,9.28,18985,17924266.0,2.35,0.96,0.09,0.82
3577,2021-06-22,9.53,9.45,9.54,9.4,18176,17236431.0,1.48,-0.21,-0.02,0.79
3578,2021-06-23,9.44,9.85,9.88,9.4,39199,37814079.0,5.08,4.23,0.4,1.7
3579,2021-06-24,9.79,9.73,9.83,9.66,28287,27507763.0,1.73,-1.22,-0.12,1.22
3580,2021-06-25,9.73,9.84,10.5,9.73,58887,59176341.0,7.91,1.13,0.11,2.55
3581,2021-06-28,9.84,10.02,10.1,9.8,36930,36898770.0,3.05,1.83,0.18,1.6
3582,2021-06-29,10.02,10.05,10.16,9.92,32592,32668442.0,2.4,0.3,0.03,1.41
3583,2021-06-30,10.06,9.82,10.07,9.78,33221,32758690.0,2.89,-2.29,-0.23,1.44
3584,2021-07-01,9.86,9.8,9.9,9.7,24744,24264052.0,2.04,-0.2,-0.02,1.07
3585,2021-07-02,9.72,9.61,9.87,9.58,23480,22773923.0,2.96,-1.94,-0.19,1.02
3586,2021-07-05,9.6,10.15,10.15,9.59,47669,47270593.0,5.83,5.62,0.54,2.06
3587,2021-07-06,10.16,10.06,10.17,9.9,34404,34389628.0,2.66,-0.89,-0.09,1.49
3588,2021-07-07,10.0,10.08,10.35,10.0,31305,31841201.0,3.48,0.2,0.02,1.36
3589,2021-07-08,10.1,10.24,10.27,10.03,28144,28596735.0,2.38,1.59,0.16,1.22
3590,2021-07-09,10.23,10.19,10.23,10.04,25764,26034698.0,1.86,-0.49,-0.05,1.12
3591,2021-07-12,10.21,10.14,10.29,10.03,23046,23400118.0,2.55,-0.49,-0.05,1.0
3592,2021-07-13,10.24,10.69,10.87,10.22,80133,84520435.0,6.41,5.42,0.55,3.47
3593,2021-07-14,10.61,10.18,10.65,10.13,57236,59164226.0,4.86,-4.77,-0.51,2.48
3594,2021-07-15,10.15,9.98,10.27,9.8,33508,33449852.0,4.62,-1.96,-0.2,1.45
3595,2021-07-16,9.99,10.2,10.61,9.99,38028,39083919.0,6.21,2.2,0.22,1.65
3596,2021-07-19,10.09,10.19,10.26,9.88,31123,31315230.0,3.73,-0.1,-0.01,1.35
3597,2021-07-20,10.05,9.92,10.1,9.83,23762,23562101.0,2.65,-2.65,-0.27,1.03
3598,2021-07-21,9.92,9.96,10.07,9.88,18560,18463520.0,1.92,0.4,0.04,0.8
3599,2021-07-22,10.01,9.81,10.01,9.7,30130,29494558.0,3.11,-1.51,-0.15,1.3
3600,2021-07-23,9.78,9.66,9.83,9.61,27661,26798989.0,2.24,-1.53,-0.15,1.2
3601,2021-07-26,9.65,9.51,9.73,9.31,28815,27416871.0,4.35,-1.55,-0.15,1.25
3602,2021-07-27,9.51,9.42,9.67,9.33,23233,22064887.0,3.58,-0.95,-0.09,1.01
3603,2021-07-28,9.42,8.99,9.44,8.95,23963,21731556.0,5.2,-4.56,-0.43,1.04
3604,2021-07-29,9.06,9.13,9.19,9.06,12579,11494927.0,1.45,1.56,0.14,0.54
3605,2021-07-30,9.13,9.13,9.29,9.0,21732,19840529.0,3.18,0.0,0.0,0.94
3606,2021-08-02,9.13,9.26,9.36,9.01,23962,22057650.0,3.83,1.42,0.13,1.04
3607,2021-08-03,9.33,9.31,9.42,9.22,20965,19564021.0,2.16,0.54,0.05,0.91
3608,2021-08-04,9.27,9.4,9.44,9.25,15291,14343278.0,2.04,0.97,0.09,0.66
3609,2021-08-05,9.4,9.42,9.49,9.31,13576,12751713.0,1.91,0.21,0.02,0.59
3610,2021-08-06,9.34,9.34,9.43,9.25,13982,13046998.0,1.91,-0.85,-0.08,0.61
3611,2021-08-09,9.38,9.46,9.55,9.33,22181,20995117.0,2.36,1.28,0.12,0.96
3612,2021-08-10,9.45,9.55,9.6,9.45,25177,23978360.0,1.59,0.95,0.09,1.09
3613,2021-08-11,9.56,9.59,9.65,9.51,17554,16829282.0,1.47,0.42,0.04,0.76
3614,2021-08-12,9.56,9.77,9.87,9.54,24900,24240142.0,3.44,1.88,0.18,1.08
3615,2021-08-13,9.8,9.92,9.98,9.73,29255,28877064.0,2.56,1.54,0.15,1.27
3616,2021-08-16,9.93,9.84,10.2,9.8,35638,35512382.0,4.03,-0.81,-0.08,1.54
3617,2021-08-17,9.8,9.6,9.92,9.57,29696,29007803.0,3.56,-2.44,-0.24,1.29
3618,2021-08-18,9.76,9.85,10.02,9.67,26360,25995102.0,3.65,2.6,0.25,1.14
3619,2021-08-19,9.81,9.91,9.96,9.78,22419,22114699.0,1.83,0.61,0.06,0.97
3620,2021-08-20,9.91,9.86,9.91,9.57,21955,21345777.0,3.43,-0.5,-0.05,0.95
3621,2021-08-23,9.86,10.16,10.16,9.82,34174,34445009.0,3.45,3.04,0.3,1.48
3622,2021-08-24,10.17,10.2,10.25,10.07,34055,34644033.0,1.77,0.39,0.04,1.47
3623,2021-08-25,10.23,10.21,10.44,10.13,41883,42926863.0,3.04,0.1,0.01,1.81
3624,2021-08-26,10.22,10.16,10.44,10.13,50070,51535902.0,3.04,-0.49,-0.05,2.17
3625,2021-08-27,10.13,10.33,10.58,10.06,41162,42601914.0,5.12,1.67,0.17,1.78
3626,2021-08-30,10.46,10.24,10.49,10.18,43096,44483324.0,3.0,-0.87,-0.09,1.87
3627,2021-08-31,10.21,10.25,10.39,10.13,30177,31025344.0,2.54,0.1,0.01,1.31
3628,2021-09-01,10.29,10.37,10.46,9.97,51646,53175795.0,4.78,1.17,0.12,2.24
3629,2021-09-02,10.37,10.41,10.46,10.18,45618,47242461.0,2.7,0.39,0.04,1.97
3630,2021-09-03,10.44,10.45,10.57,10.35,52764,55229717.0,2.11,0.38,0.04,2.28
3631,2021-09-06,10.38,10.37,10.54,10.15,44903,46219764.0,3.73,-0.77,-0.08,1.94
3632,2021-09-07,10.37,10.56,10.69,10.27,45618,47898231.0,4.05,1.83,0.19,1.97
3633,2021-09-08,10.56,10.67,10.84,10.56,46653,49967468.0,2.65,1.04,0.11,2.02
3634,2021-09-09,10.66,10.73,10.93,10.61,52431,56426424.0,3.0,0.56,0.06,2.27
3635,2021-09-10,10.68,10.84,10.98,10.68,69371,75281326.0,2.8,1.03,0.11,3.0
3636,2021-09-13,10.89,10.76,11.07,10.66,57037,61506233.0,3.78,-0.74,-0.08,2.47
3637,2021-09-14,10.8,10.68,10.84,10.5,51202,54507734.0,3.16,-0.74,-0.08,2.22
3638,2021-09-15,10.66,10.84,10.88,10.47,58298,62406342.0,3.84,1.5,0.16,2.52
3639,2021-09-16,10.82,10.66,10.95,10.63,41164,44427349.0,2.95,-1.66,-0.18,1.78
3640,2021-09-17,10.7,10.55,10.78,10.24,38937,40935254.0,5.07,-1.03,-0.11,1.69
3641,2021-09-22,10.47,10.69,10.83,10.31,51369,54322450.0,4.93,1.33,0.14,2.22
3642,2021-09-23,10.71,10.34,10.71,10.32,46857,49029930.0,3.65,-3.27,-0.35,2.03
3643,2021-09-24,10.35,9.93,10.45,9.88,44672,44990871.0,5.51,-3.97,-0.41,1.93
3644,2021-09-27,9.84,9.32,9.97,9.16,43179,40828653.0,8.16,-6.14,-0.61,1.87
3645,2021-09-28,9.3,9.31,9.38,9.18,22484,20890154.0,2.15,-0.11,-0.01,0.97
3646,2021-09-29,9.31,9.21,9.37,9.1,21581,19891786.0,2.9,-1.07,-0.1,0.93
3647,2021-09-30,9.22,9.51,9.55,9.12,23171,21755844.0,4.67,3.26,0.3,1.0
3648,2021-10-08,9.51,9.62,9.64,9.49,22220,21260745.0,1.58,1.16,0.11,0.96
3649,2021-10-11,9.66,9.65,9.74,9.52,20312,19570518.0,2.29,0.31,0.03,0.88
3650,2021-10-12,9.77,9.58,9.77,9.43,25337,24299260.0,3.52,-0.73,-0.07,1.1
3651,2021-10-13,9.58,9.55,9.6,9.43,15893,15119756.0,1.77,-0.31,-0.03,0.69
3652,2021-10-14,9.47,9.62,9.72,9.47,21229,20467440.0,2.62,0.73,0.07,0.92
3653,2021-10-15,9.62,9.61,9.69,9.47,19435,18669119.0,2.29,-0.1,-0.01,0.84
3654,2021-10-18,9.63,9.56,9.65,9.4,17683,16829560.0,2.6,-0.52,-0.05,0.77
3655,2021-10-19,9.66,9.56,9.66,9.41,13767,13173652.0,2.62,0.0,0.0,0.6
3656,2021-10-20,9.67,9.38,9.67,9.38,20386,19313473.0,3.03,-1.88,-0.18,0.88
3657,2021-10-21,9.35,9.21,9.38,9.17,30932,28529916.0,2.24,-1.81,-0.17,1.34
3658,2021-10-22,9.45,9.03,9.51,9.01,41015,37848037.0,5.43,-1.95,-0.18,1.78
3659,2021-10-25,9.21,9.05,9.21,8.9,29441,26530410.0,3.43,0.22,0.02,1.27
3660,2021-10-26,8.94,9.2,9.29,8.94,36476,33449826.0,3.87,1.66,0.15,1.58
3661,2021-10-27,9.27,9.02,9.27,8.8,38975,34821612.0,5.11,-1.96,-0.18,1.69
3662,2021-10-28,8.87,8.88,9.03,8.7,19577,17282151.0,3.66,-1.55,-0.14,0.85
3663,2021-10-29,8.85,9.21,9.33,8.81,28655,26151906.0,5.86,3.72,0.33,1.24
3664,2021-11-01,9.13,9.26,9.34,9.13,16802,15592856.0,2.28,0.54,0.05,0.73
3665,2021-11-02,9.26,9.22,9.43,9.09,17882,16442093.0,3.67,-0.43,-0.04,0.77
3666,2021-11-03,9.22,9.16,9.23,9.05,13970,12744653.0,1.95,-0.65,-0.06,0.6
3667,2021-11-04,9.23,9.18,9.23,9.11,16234,14868009.0,1.31,0.22,0.02,0.7
3668,2021-11-05,9.21,9.05,9.21,9.03,14842,13530595.0,1.96,-1.42,-0.13,0.64
3669,2021-11-08,9.06,9.34,9.35,8.8,26360,24316517.0,6.08,3.2,0.29,1.14
3670,2021-11-09,9.26,9.34,9.42,9.26,15713,14717177.0,1.71,0.0,0.0,0.68
3671,2021-11-10,9.34,9.48,9.5,9.3,16722,15724587.0,2.14,1.5,0.14,0.72
3672,2021-11-11,9.38,9.56,9.63,9.38,16137,15466806.0,2.64,0.84,0.08,0.7
3673,2021-11-12,9.62,9.61,9.64,9.49,13611,13031224.0,1.57,0.52,0.05,0.59
3674,2021-11-15,9.61,9.68,9.71,9.54,15322,14798802.0,1.77,0.73,0.07,0.66
3675,2021-11-16,9.63,9.58,9.71,9.47,16607,15890902.0,2.48,-1.03,-0.1,0.72
3676,2021-11-17,9.59,9.67,9.69,9.46,14743,14192466.0,2.4,0.94,0.09,0.64
3677,2021-11-18,9.67,9.7,9.82,9.6,23772,23179126.0,2.28,0.31,0.03,1.03
3678,2021-11-19,9.77,10.06,10.07,9.7,42238,41965828.0,3.81,3.71,0.36,1.83
3679,2021-11-22,10.18,9.96,10.38,9.95,53189,53783084.0,4.27,-0.99,-0.1,2.3
3680,2021-11-23,10.03,9.95,10.06,9.88,23129,23064578.0,1.81,-0.1,-0.01,1.0
3681,2021-11-24,9.94,10.05,10.13,9.89,23219,23304561.0,2.41,1.01,0.1,1.01
3682,2021-11-25,10.06,10.03,10.13,10.0,16570,16649319.0,1.29,-0.2,-0.02,0.72
3683,2021-11-26,10.03,10.1,10.1,9.91,18022,18083328.0,1.89,0.7,0.07,0.78
3684,2021-11-29,10.01,9.96,10.04,9.87,19404,19342113.0,1.68,-1.39,-0.14,0.84
3685,2021-11-30,9.96,10.2,10.24,9.96,31991,32419138.0,2.81,2.41,0.24,1.38
3686,2021-12-01,10.2,10.34,10.35,10.11,24287,24900591.0,2.35,1.37,0.14,1.05
3687,2021-12-02,10.29,10.19,10.45,10.13,22660,23275166.0,3.09,-1.45,-0.15,0.98
3688,2021-12-03,10.16,10.37,10.38,10.1,21123,21742224.0,2.75,1.77,0.18,0.91
3689,2021-12-06,10.36,10.15,10.45,10.02,21880,22416631.0,4.15,-2.12,-0.22,0.95
3690,2021-12-07,10.14,10.05,10.3,9.93,25266,25433025.0,3.65,-0.99,-0.1,1.09
3691,2021-12-08,10.05,10.27,10.41,9.96,24309,24919149.0,4.48,2.19,0.22,1.05
3692,2021-12-09,10.2,10.4,10.45,10.2,30911,32020619.0,2.43,1.27,0.13,1.34
3693,2021-12-10,10.4,10.52,10.55,10.24,37335,38964714.0,2.98,1.15,0.12,1.62
3694,2021-12-13,10.53,10.58,10.65,10.4,35474,37532292.0,2.38,0.57,0.06,1.54
3695,2021-12-14,10.59,10.51,10.59,10.4,25958,27183754.0,1.8,-0.66,-0.07,1.12
3696,2021-12-15,10.51,10.45,10.55,10.4,21557,22560968.0,1.43,-0.57,-0.06,0.93
3697,2021-12-16,10.38,10.42,10.52,10.38,20898,21802411.0,1.34,-0.29,-0.03,0.9
3698,2021-12-17,10.48,10.56,10.57,10.38,29361,30765572.0,1.82,1.34,0.14,1.27
3699,2021-12-20,10.57,10.49,10.77,10.41,31441,33279018.0,3.41,-0.66,-0.07,1.36
3700,2021-12-21,10.57,10.81,10.85,10.48,56110,60346846.0,3.53,3.05,0.32,2.43
3701,2021-12-22,10.71,10.73,10.89,10.67,28366,30483854.0,2.04,-0.74,-0.08,1.23
3702,2021-12-23,10.66,10.63,10.77,10.58,21807,23243946.0,1.77,-0.93,-0.1,0.94
3703,2021-12-24,10.6,10.24,10.65,10.11,41707,42935541.0,5.08,-3.67,-0.39,1.81
3704,2021-12-27,10.2,10.48,10.61,10.15,34059,35547914.0,4.49,2.34,0.24,1.47
3705,2021-12-28,10.4,10.57,10.6,10.38,18201,19116379.0,2.1,0.86,0.09,0.79
3706,2021-12-29,10.52,10.54,10.69,10.36,25864,27289699.0,3.12,-0.28,-0.03,1.12
3707,2021-12-30,10.59,10.76,10.79,10.48,33826,36104516.0,2.94,2.09,0.22,1.46
3708,2021-12-31,10.93,11.08,11.2,10.84,75449,83082247.0,3.35,2.97,0.32,3.27
3709,2022-01-04,11.2,11.34,11.43,10.83,60391,67638840.0,5.42,2.35,0.26,2.61
3710,2022-01-05,11.37,11.38,11.67,11.16,90818,103583910.0,4.5,0.35,0.04,3.93
3711,2022-01-06,11.28,11.58,11.65,11.01,72469,82808943.0,5.62,1.76,0.2,3.14
3712,2022-01-07,11.43,11.09,11.53,11.05,52460,58842217.0,4.15,-4.23,-0.49,2.27
3713,2022-01-10,11.09,11.11,11.23,10.98,30090,33340547.0,2.25,0.18,0.02,1.3
3714,2022-01-11,11.14,11.36,11.52,11.11,55676,63500869.0,3.69,2.25,0.25,2.41
3715,2022-01-12,11.43,11.24,11.46,11.14,36205,40813916.0,2.82,-1.06,-0.12,1.57
3716,2022-01-13,11.2,11.05,11.31,11.01,29824,33238777.0,2.67,-1.69,-0.19,1.29
3717,2022-01-14,11.15,10.77,11.22,10.7,41768,45655696.0,4.71,-2.53,-0.28,1.81
3718,2022-01-17,10.75,10.86,11.03,10.7,27313,29683709.0,3.06,0.84,0.09,1.18
3719,2022-01-18,10.89,10.48,10.91,10.45,41025,43484438.0,4.24,-3.5,-0.38,1.78
3720,2022-01-19,10.47,10.57,10.77,10.47,25707,27210504.0,2.86,0.86,0.09,1.11
3721,2022-01-20,10.61,10.32,10.85,10.28,31233,32608703.0,5.39,-2.37,-0.25,1.35
3722,2022-01-21,10.3,10.28,10.43,10.17,20639,21191605.0,2.52,-0.39,-0.04,0.89
3723,2022-01-24,10.36,10.29,10.37,10.1,20720,21284569.0,2.63,0.1,0.01,0.9
3724,2022-01-25,10.29,9.8,10.37,9.77,34479,34467222.0,5.83,-4.76,-0.49,1.49
3725,2022-01-26,9.84,9.9,10.03,9.77,17287,17104171.0,2.65,1.02,0.1,0.75
3726,2022-01-27,9.81,9.61,9.92,9.6,19991,19421976.0,3.23,-2.93,-0.29,0.87
3727,2022-01-28,9.61,9.9,9.98,9.51,23374,22848641.0,4.89,3.02,0.29,1.01
3728,2022-02-07,10.02,10.21,10.3,9.93,20063,20351281.0,3.74,3.13,0.31,0.87
3729,2022-02-08,10.13,10.54,10.55,10.13,31889,33104849.0,4.11,3.23,0.33,1.38
3730,2022-02-09,10.54,11.05,11.08,10.53,52341,57240277.0,5.22,4.84,0.51,2.27
3731,2022-02-10,11.12,11.13,11.26,10.98,49452,54912727.0,2.53,0.72,0.08,2.14
3732,2022-02-11,11.21,11.23,11.36,11.06,56390,63250232.0,2.7,0.9,0.1,2.44
3733,2022-02-14,11.26,11.05,11.31,11.0,40587,45253479.0,2.76,-1.6,-0.18,1.76
3734,2022-02-15,11.07,10.84,11.12,10.8,37087,40409647.0,2.9,-1.9,-0.21,1.61
3735,2022-02-16,10.91,11.44,11.45,10.85,58318,65875766.0,5.54,5.54,0.6,2.52
3736,2022-02-17,11.41,11.51,11.61,11.3,54041,62019629.0,2.71,0.61,0.07,2.34
3737,2022-02-18,11.55,11.89,12.4,11.33,94244,112441708.0,9.3,3.3,0.38,4.08
3738,2022-02-21,11.85,11.69,11.85,11.59,51484,60097937.0,2.19,-1.68,-0.2,2.23
3739,2022-02-22,11.61,11.48,11.72,11.4,43738,50401360.0,2.74,-1.8,-0.21,1.89
3740,2022-02-23,11.52,11.53,11.62,11.36,32616,37567662.0,2.26,0.44,0.05,1.41
3741,2022-02-24,11.64,11.06,11.64,10.9,62555,69959301.0,6.42,-4.08,-0.47,2.71
3742,2022-02-25,11.15,11.12,11.36,11.05,36117,40388204.0,2.8,0.54,0.06,1.56
3743,2022-02-28,11.1,11.15,11.27,10.97,28849,32007096.0,2.7,0.27,0.03,1.25
3744,2022-03-01,11.25,11.63,11.7,11.21,49544,57071005.0,4.39,4.3,0.48,2.14
3745,2022-03-02,11.52,11.7,11.73,11.4,42504,49292993.0,2.84,0.6,0.07,1.84
3746,2022-03-03,11.94,11.62,11.94,11.55,32768,38359209.0,3.33,-0.68,-0.08,1.42
3747,2022-03-04,11.62,11.45,11.72,11.37,28549,32908321.0,3.01,-1.46,-0.17,1.24
3748,2022-03-07,11.41,11.52,11.8,11.33,38253,44333872.0,4.1,0.61,0.07,1.66
3749,2022-03-08,11.45,11.24,11.63,11.11,30786,34868399.0,4.51,-2.43,-0.28,1.33
3750,2022-03-09,11.32,11.14,11.45,10.69,32275,35711567.0,6.76,-0.89,-0.1,1.4
3751,2022-03-10,11.39,11.51,11.63,11.28,35752,40961803.0,3.14,3.32,0.37,1.55
3752,2022-03-11,11.5,11.44,11.5,11.12,27010,30519414.0,3.3,-0.61,-0.07,1.17
3753,2022-03-14,11.37,10.88,11.43,10.88,34944,38947861.0,4.81,-4.9,-0.56,1.51
3754,2022-03-15,10.66,9.79,10.76,9.79,67528,69360052.0,8.92,-10.02,-1.09,2.92
3755,2022-03-16,9.79,10.1,10.3,9.55,51284,50921488.0,7.66,3.17,0.31,2.22
3756,2022-03-17,10.24,10.07,10.39,9.98,32336,32975731.0,4.06,-0.3,-0.03,1.4
3757,2022-03-18,10.0,10.58,10.6,10.0,41737,43466485.0,5.96,5.06,0.51,1.81
3758,2022-03-21,10.59,10.64,10.72,10.4,30982,32659872.0,3.02,0.57,0.06,1.34
3759,2022-03-22,10.75,10.48,10.75,10.38,19085,20042063.0,3.48,-1.5,-0.16,0.83
3760,2022-03-23,10.48,10.35,10.66,10.34,23828,24875851.0,3.05,-1.24,-0.13,1.03
3761,2022-03-24,10.31,10.2,10.37,10.17,24758,25382176.0,1.93,-1.45,-0.15,1.07
3762,2022-03-25,10.2,10.56,10.58,10.2,43065,45028886.0,3.73,3.53,0.36,1.86
3763,2022-03-28,10.36,10.32,10.51,10.09,30114,31005657.0,3.98,-2.27,-0.24,1.3
3764,2022-03-29,10.32,10.17,10.55,10.1,22111,22732519.0,4.36,-1.45,-0.15,0.96
3765,2022-03-30,10.2,10.25,10.33,10.11,18109,18500586.0,2.16,0.79,0.08,0.78
3766,2022-03-31,10.27,10.26,10.44,10.14,23901,24603636.0,2.93,0.1,0.01,1.03
3767,2022-04-01,10.3,10.11,10.31,10.08,21239,21606407.0,2.24,-1.46,-0.15,0.92
3768,2022-04-06,10.19,10.34,10.5,10.08,38251,39472920.0,4.15,2.27,0.23,1.66
3769,2022-04-07,10.28,10.16,10.54,10.14,35778,36853171.0,3.87,-1.74,-0.18,1.55
3770,2022-04-08,10.2,10.19,10.38,9.93,32020,32441868.0,4.43,0.3,0.03,1.39
3771,2022-04-11,10.2,9.95,10.28,9.85,33581,33859075.0,4.22,-2.36,-0.24,1.45
3772,2022-04-12,9.85,10.23,10.25,9.8,32302,32556246.0,4.52,2.81,0.28,1.4
3773,2022-04-13,10.16,9.96,10.2,9.93,23467,23508487.0,2.64,-2.64,-0.27,1.02
3774,2022-04-14,9.95,9.92,10.05,9.87,18006,17926840.0,1.81,-0.4,-0.04,0.78
3775,2022-04-15,9.94,9.56,9.94,9.47,33550,32329278.0,4.74,-3.63,-0.36,1.45
3776,2022-04-18,9.47,9.68,9.78,9.21,29803,28332144.0,5.96,1.26,0.12,1.29
3777,2022-04-19,9.74,9.76,9.82,9.56,21913,21173554.0,2.69,0.83,0.08,0.95
3778,2022-04-20,9.92,9.85,10.0,9.66,28607,28127299.0,3.48,0.92,0.09,1.24
3779,2022-04-21,9.76,9.79,10.08,9.73,41717,41348317.0,3.55,-0.61,-0.06,1.81
3780,2022-04-22,9.8,9.65,9.82,9.44,30222,28890428.0,3.88,-1.43,-0.14,1.31
3781,2022-04-25,9.53,8.69,9.53,8.69,46980,42167084.0,8.7,-9.95,-0.96,2.03
3782,2022-04-26,8.66,8.23,8.68,7.82,40706,34048766.0,9.9,-5.29,-0.46,1.76
3783,2022-04-27,7.99,8.38,8.4,7.88,35141,28455132.0,6.32,1.82,0.15,1.52
3784,2022-04-28,8.35,8.56,8.79,8.18,33779,28902831.0,7.28,2.15,0.18,1.46
3785,2022-04-29,8.56,8.76,8.86,8.48,26756,23216981.0,4.44,2.34,0.2,1.16
3786,2022-05-05,8.8,9.28,9.4,8.67,30249,27700510.0,8.33,5.94,0.52,1.31
3787,2022-05-06,9.06,8.94,9.2,8.83,22409,20187458.0,3.99,-3.66,-0.34,0.97
3788,2022-05-09,8.98,9.3,9.4,8.95,21206,19725000.0,5.03,4.03,0.36,0.92
3789,2022-05-10,9.16,9.3,9.49,9.07,19217,17826863.0,4.52,0.0,0.0,0.83
3790,2022-05-11,9.41,9.12,9.45,9.12,25698,23830597.0,3.55,-1.94,-0.18,1.11
3791,2022-05-12,9.01,9.22,9.46,9.01,21929,20257966.0,4.93,1.1,0.1,0.95
3792,2022-05-13,9.3,9.24,9.37,9.2,14388,13350432.0,1.84,0.22,0.02,0.62
