,日期,开盘,收盘,最高,最低,成交量,成交额,振幅,涨跌幅,涨跌额,换手率
0,2016-08-18,27.91,33.49,33.49,27.91,74,247268.0,23.99,43.98,10.23,0.03
1,2016-08-19,36.84,36.84,36.84,36.84,5,18420.0,0.0,10.0,3.35,0.0
2,2016-08-22,40.52,40.52,40.52,40.52,29,117508.0,0.0,9.99,3.68,0.01
3,2016-08-23,44.57,44.57,44.57,44.57,11,49027.0,0.0,10.0,4.05,0.0
4,2016-08-24,49.03,49.03,49.03,49.03,46,225538.0,0.0,10.01,4.46,0.02
5,2016-08-25,53.93,53.93,53.93,53.93,72,386139.0,0.0,9.99,4.9,0.03
6,2016-08-26,59.32,59.32,59.32,59.32,55,326260.0,0.0,9.99,5.39,0.02
7,2016-08-29,65.25,65.25,65.25,65.25,140,915653.0,0.0,10.0,5.93,0.06
8,2016-08-30,71.78,71.78,71.78,71.78,151,1085242.0,0.0,10.01,6.53,0.06
9,2016-08-31,78.96,78.96,78.96,78.96,281,2215933.0,0.0,10.0,7.18,0.11
10,2016-09-01,86.86,86.86,86.86,86.86,128,1112850.0,0.0,10.01,7.9,0.05
11,2016-09-02,95.55,95.55,95.55,95.55,693,6622762.0,0.0,10.0,8.69,0.28
12,2016-09-05,105.11,105.11,105.11,105.11,695,7307142.0,0.0,10.01,9.56,0.28
13,2016-09-06,115.62,115.62,115.62,115.62,546,6313777.0,0.0,10.0,10.51,0.22
14,2016-09-07,127.18,127.18,127.18,127.18,1366,17376349.0,0.0,10.0,11.56,0.55
15,2016-09-08,139.9,139.9,139.9,139.9,1745,24410871.0,0.0,10.0,12.72,0.7
16,2016-09-09,153.89,153.89,153.89,153.89,1812,27883637.0,0.0,10.0,13.99,0.72
17,2016-09-12,169.28,169.28,169.28,169.28,48831,826616928.0,0.0,10.0,15.39,19.53
18,2016-09-13,183.79,171.34,183.79,168.33,159508,2822922752.0,9.13,1.22,2.06,63.8
19,2016-09-14,177.08,177.97,188.47,177.01,104110,1887215104.0,6.69,3.87,6.63,41.64
20,2017-03-13,195.77,195.77,195.77,195.77,18119,354712336.0,0.0,10.0,17.8,7.25
21,2017-03-14,215.35,215.35,215.35,215.35,1038,22363021.0,0.0,10.0,19.58,0.42
22,2017-03-15,236.89,236.89,236.89,230.0,55196,1307287936.0,3.2,10.0,21.54,22.08
23,2017-03-16,239.88,245.88,254.87,233.01,89709,2174609312.0,9.23,3.8,8.99,35.88
24,2017-03-17,243.5,224.76,244.53,221.29,72411,1682976496.0,9.45,-8.59,-21.12,28.96
25,2017-03-20,220.12,215.85,227.77,213.71,38826,849272192.0,6.26,-3.96,-8.91,15.53
26,2017-03-21,216.88,217.07,224.44,216.0,32911,721964624.0,3.91,0.57,1.22,13.16
27,2017-03-22,213.0,228.48,230.6,212.0,46761,1049851264.0,8.57,5.26,11.41,18.7
28,2017-03-23,228.5,205.76,230.57,205.63,53918,1160365264.0,10.92,-9.94,-22.72,21.57
29,2017-03-24,203.0,206.42,211.88,203.0,26003,539901216.0,4.32,0.32,0.66,10.4
30,2017-03-27,210.67,215.45,227.0,209.0,33097,720911328.0,8.72,4.37,9.03,13.24
31,2017-03-28,215.45,225.09,231.0,212.36,38363,859548560.0,8.65,4.47,9.64,15.35
32,2017-03-29,220.93,215.2,221.0,208.75,30158,650137376.0,5.44,-4.39,-9.89,12.06
33,2017-03-30,220.0,223.83,227.0,215.88,30841,684035568.0,5.17,4.01,8.63,12.34
34,2017-03-31,220.0,210.1,224.86,207.0,30519,655617968.0,7.98,-6.13,-13.73,12.21
35,2017-04-05,204.89,206.01,209.89,197.01,23288,473886144.0,6.13,-1.95,-4.09,9.32
36,2017-04-06,207.5,209.6,210.8,203.01,16008,332613632.0,3.78,1.74,3.59,6.4
37,2017-04-07,208.0,215.03,222.77,205.0,23972,517083888.0,8.48,2.59,5.43,9.59
38,2017-04-10,211.52,204.06,213.0,197.01,25790,527932720.0,7.44,-5.1,-10.97,10.32
39,2017-04-12,197.0,183.65,199.91,183.65,34418,648172752.0,7.97,-10.0,-20.41,13.77
40,2017-04-13,179.9,179.49,186.7,177.5,15313,279153328.0,5.01,-2.27,-4.16,6.13
41,2017-04-14,179.57,177.9,181.8,176.31,8298,147937034.0,3.06,-0.89,-1.59,3.32
42,2017-04-17,165.0,178.53,179.08,165.0,12460,217375017.0,7.91,0.35,0.63,4.98
43,2017-04-18,178.0,176.56,185.0,175.64,7343,132646213.0,5.24,-1.1,-1.97,2.94
44,2017-04-19,177.99,181.5,182.51,171.33,10861,194274873.0,6.33,2.8,4.94,4.34
45,2017-04-20,181.05,180.09,184.68,177.13,9697,176309666.0,4.16,-0.78,-1.41,3.88
46,2017-04-21,182.98,174.9,182.98,172.88,8258,145637209.0,5.61,-2.88,-5.19,3.3
47,2017-04-24,173.11,174.99,177.5,168.24,6526,112914411.0,5.29,0.05,0.09,2.61
48,2017-04-25,175.0,174.58,177.99,173.44,5848,102675628.0,2.6,-0.23,-0.41,2.34
49,2017-04-26,173.43,191.99,192.04,173.43,19026,352270576.0,10.66,9.97,17.41,7.61
50,2017-04-27,191.11,194.99,198.0,184.18,13527,258467744.0,7.2,1.56,3.0,5.41
51,2017-04-28,203.0,198.06,207.7,197.21,20199,408761312.0,5.38,1.57,3.07,8.08
52,2017-05-02,199.98,198.55,202.5,196.1,9176,182669698.0,3.23,0.25,0.49,3.67
53,2017-05-03,198.02,191.38,201.9,185.02,12851,247491730.0,8.5,-3.61,-7.17,5.14
54,2017-05-04,191.1,189.38,192.01,187.69,6440,122265883.0,2.26,-1.05,-2.0,2.58
55,2017-05-05,189.48,189.99,192.5,186.9,7979,151315428.0,2.96,0.32,0.61,3.19
56,2017-05-08,188.8,193.73,198.98,188.01,11882,231385209.0,5.77,1.97,3.74,4.75
57,2017-05-09,192.21,204.48,206.0,192.21,17489,351449904.0,7.12,5.55,10.75,7.0
58,2017-05-10,203.55,201.65,211.13,199.2,15196,311741824.0,5.83,-1.38,-2.83,6.08
59,2017-05-11,200.0,205.42,206.78,198.0,11596,235332641.0,4.35,1.87,3.77,4.64
60,2017-05-12,205.51,194.66,206.94,189.51,21549,422861424.0,8.49,-5.24,-10.76,8.62
61,2017-05-15,194.0,188.98,194.5,183.33,13516,253539816.0,5.74,-2.92,-5.68,5.41
62,2017-05-16,190.8,198.96,199.37,185.5,11184,215054625.0,7.34,5.28,9.98,4.47
63,2017-05-17,198.0,200.11,210.98,189.9,18255,372495056.0,10.6,0.58,1.15,7.3
64,2017-05-18,198.22,199.32,202.95,196.02,10787,215279771.0,3.46,-0.39,-0.79,4.31
65,2017-05-19,199.99,195.0,199.99,191.1,11638,226571983.0,4.46,-2.17,-4.32,4.66
66,2017-05-22,97.78,94.83,99.79,94.63,10275,99369888.0,2.65,-51.37,-100.17,2.06
67,2017-05-23,91.67,87.78,93.49,87.13,30560,275853552.0,6.71,-7.43,-7.05,6.11
68,2017-05-24,87.0,89.1,90.39,86.41,13040,115692254.0,4.53,1.5,1.32,2.61
69,2017-05-25,89.6,90.82,91.78,88.7,15970,144441002.0,3.46,1.93,1.72,3.19
70,2017-05-26,90.35,88.58,91.0,87.3,13441,119948794.0,4.07,-2.47,-2.24,2.69
71,2017-05-31,91.18,87.77,93.28,87.52,24986,226493915.0,6.5,-0.91,-0.81,5.0
72,2017-06-01,87.47,87.33,90.75,87.0,16071,143461984.0,4.27,-0.5,-0.44,3.21
73,2017-06-02,86.3,89.26,89.91,85.2,16237,143152994.0,5.39,2.21,1.93,3.25
74,2017-06-05,90.3,90.25,93.15,90.0,15527,141855665.0,3.53,1.11,0.99,3.11
75,2017-06-06,89.5,88.87,90.41,87.7,15209,134970380.0,3.0,-1.53,-1.38,3.04
76,2017-06-07,89.18,91.61,92.28,89.18,21267,193699058.0,3.49,3.08,2.74,4.25
77,2017-06-08,91.0,88.23,92.2,87.0,22868,205376136.0,5.68,-3.69,-3.38,4.57
78,2017-06-09,87.88,88.76,89.77,87.08,9074,80469814.0,3.05,0.6,0.53,1.81
79,2017-06-12,87.99,79.88,88.5,79.88,46784,384502848.0,9.71,-10.0,-8.88,9.36
80,2017-06-13,79.0,79.93,80.5,76.0,34332,269890928.0,5.63,0.06,0.05,6.87
81,2017-06-14,79.11,79.22,80.17,77.56,18633,147511961.0,3.27,-0.89,-0.71,3.73
82,2017-06-15,78.28,82.67,83.71,78.28,24110,196881404.0,6.85,4.35,3.45,4.82
83,2017-06-16,82.35,81.69,83.76,81.5,12172,100035353.0,2.73,-1.19,-0.98,2.43
84,2017-06-19,82.6,82.76,83.88,81.92,9836,81549608.0,2.4,1.31,1.07,1.97
85,2017-06-20,83.88,83.8,84.7,82.25,14951,124694227.0,2.96,1.26,1.04,2.99
86,2017-06-21,83.8,83.23,84.2,82.68,9355,77859894.0,1.81,-0.68,-0.57,1.87
87,2017-06-22,83.77,77.26,84.12,75.01,32517,262014207.0,10.95,-7.17,-5.97,6.5
88,2017-06-23,76.86,77.34,77.86,75.18,17562,134464035.0,3.47,0.1,0.08,3.51
89,2017-06-26,76.7,79.45,79.96,76.51,21240,166912303.0,4.46,2.73,2.11,4.25
90,2017-06-27,79.03,78.7,80.0,78.42,13471,106909740.0,1.99,-0.94,-0.75,2.69
91,2017-06-28,78.5,77.83,79.0,77.2,8423,65567338.0,2.29,-1.11,-0.87,1.68
92,2017-06-29,77.99,78.18,79.9,77.62,13332,105285073.0,2.93,0.45,0.35,2.67
93,2017-06-30,77.81,77.81,78.85,77.03,13145,102433345.0,2.33,-0.47,-0.37,2.63
94,2017-07-03,78.0,84.06,85.0,77.65,29532,243386671.0,9.45,8.03,6.25,5.91
95,2017-07-04,84.0,83.11,85.08,82.68,13805,115544305.0,2.86,-1.13,-0.95,2.76
96,2017-07-05,83.5,83.71,84.56,82.51,14905,124338628.0,2.47,0.72,0.6,2.98
97,2017-07-06,83.74,86.22,86.4,82.28,25265,212702380.0,4.92,3.0,2.51,5.05
98,2017-07-07,86.1,91.42,92.58,85.25,45518,407981296.0,8.5,6.03,5.2,9.1
99,2017-07-10,89.5,87.06,91.4,86.9,24139,215061475.0,4.92,-4.77,-4.36,4.83
100,2017-07-11,86.1,86.82,88.23,85.29,16073,139184988.0,3.38,-0.28,-0.24,3.21
101,2017-07-12,87.03,84.23,87.76,80.81,20912,174849446.0,8.01,-2.98,-2.59,4.18
102,2017-07-13,83.57,82.96,85.56,82.25,20617,171537049.0,3.93,-1.51,-1.27,4.12
103,2017-07-14,82.75,81.18,83.85,81.1,17461,143189889.0,3.31,-2.15,-1.78,3.49
104,2017-07-17,79.41,74.77,80.35,74.18,29903,230127327.0,7.6,-7.9,-6.41,5.98
105,2017-07-18,74.47,75.88,76.4,73.22,14467,108604677.0,4.25,1.48,1.11,2.89
106,2017-07-19,74.0,73.44,75.48,68.29,33752,243083271.0,9.48,-3.22,-2.44,6.75
107,2017-07-20,73.29,75.85,76.79,72.0,22345,167035856.0,6.52,3.28,2.41,4.47
108,2017-07-21,76.73,76.73,78.76,75.92,24488,188990297.0,3.74,1.16,0.88,4.9
109,2017-07-24,75.0,73.37,75.39,72.0,23766,174547515.0,4.42,-4.38,-3.36,4.75
110,2017-07-25,73.5,72.11,73.72,70.8,15879,113777332.0,3.98,-1.72,-1.26,3.18
111,2017-07-26,71.24,71.72,72.59,71.24,8903,63973633.0,1.87,-0.54,-0.39,1.78
112,2017-07-27,71.55,73.25,74.36,71.08,24443,178668756.0,4.57,2.13,1.53,4.89
113,2017-07-28,73.15,71.08,73.24,70.86,22024,157702881.0,3.25,-2.96,-2.17,4.4
114,2017-07-31,71.1,71.1,71.36,68.8,22439,156696942.0,3.6,0.03,0.02,4.49
115,2017-08-01,71.1,77.01,77.64,70.65,32034,236165887.0,9.83,8.31,5.91,6.41
116,2017-08-02,76.0,75.64,81.1,75.01,29318,229377769.0,7.91,-1.78,-1.37,5.86
117,2017-08-03,75.71,79.25,80.6,74.91,29674,233650937.0,7.52,4.77,3.61,5.93
118,2017-08-10,71.33,71.33,71.33,71.33,5504,39260032.0,0.0,-9.99,-7.92,1.1
119,2017-08-11,64.28,68.4,72.0,64.28,68656,464448448.0,10.82,-4.11,-2.93,13.73
120,2017-08-14,67.5,70.05,70.65,65.6,26435,177611387.0,7.38,2.41,1.65,5.29
121,2017-08-15,69.5,69.02,69.96,68.7,10385,71881874.0,1.8,-1.47,-1.03,2.08
122,2017-08-16,68.66,69.55,70.78,68.22,11406,79767379.0,3.71,0.77,0.53,2.28
123,2017-08-17,69.24,71.14,73.77,69.07,15284,109927476.0,6.76,2.29,1.59,3.06
124,2017-08-18,70.5,70.14,74.88,69.16,18657,133904660.0,8.04,-1.41,-1.0,1.27
125,2017-08-21,70.14,73.43,74.58,70.05,30647,223878749.0,6.46,4.69,3.29,2.08
126,2017-08-22,73.4,74.86,76.3,73.1,21884,164508849.0,4.36,1.95,1.43,1.49
127,2017-08-23,73.0,70.31,73.92,69.8,35451,254645886.0,5.5,-6.08,-4.55,2.41
128,2017-08-24,71.5,69.86,71.5,69.6,14193,99821566.0,2.7,-0.64,-0.45,0.96
129,2017-08-25,70.01,72.27,73.5,69.86,22797,164198606.0,5.21,3.45,2.41,1.55
130,2017-08-28,75.5,79.5,79.5,75.5,33735,266859284.0,5.53,10.0,7.23,2.29
131,2017-08-29,87.45,87.45,87.45,87.45,21678,189571661.0,0.0,10.0,7.95,1.47
132,2017-08-30,91.0,91.61,92.6,87.01,94465,852397600.0,6.39,4.76,4.16,6.41
133,2017-08-31,91.38,95.6,96.0,89.61,60754,561813584.0,6.98,4.36,3.99,4.12
134,2017-09-01,94.88,98.49,102.32,93.77,61482,605200608.0,8.94,3.02,2.89,4.17
135,2017-09-04,98.01,98.58,99.99,96.7,36602,360213952.0,3.34,0.09,0.09,2.48
136,2017-09-05,98.88,98.68,101.88,97.33,44638,444479392.0,4.62,0.1,0.1,3.03
137,2017-09-06,101.48,102.98,105.48,99.01,54202,554658336.0,6.56,4.36,4.3,3.68
138,2017-09-07,101.93,106.75,111.8,101.89,59678,640481072.0,9.62,3.66,3.77,4.05
139,2017-09-08,108.3,109.11,110.67,105.12,35935,388459328.0,5.2,2.21,2.36,2.44
140,2017-09-11,107.6,109.4,112.88,107.6,36541,401007072.0,4.84,0.27,0.29,2.48
141,2017-09-12,109.8,111.99,112.5,106.0,48957,534570944.0,5.94,2.37,2.59,3.32
142,2017-09-13,112.66,123.19,123.19,110.0,54418,645061200.0,11.78,10.0,11.2,3.69
143,2017-09-14,125.46,124.41,126.88,120.0,52554,646708288.0,5.58,0.99,1.22,3.57
144,2017-09-15,124.22,115.99,124.88,115.0,47274,565099632.0,7.94,-6.77,-8.42,3.21
145,2017-09-18,116.88,127.59,127.59,116.78,56703,700436368.0,9.32,10.0,11.6,3.85
146,2017-09-19,127.0,123.92,128.98,122.78,39105,491742032.0,4.86,-2.88,-3.67,2.65
147,2017-09-20,124.0,131.37,135.28,123.93,50618,659350816.0,9.16,6.01,7.45,3.44
148,2017-09-21,134.0,129.91,134.0,126.82,41958,544252304.0,5.47,-1.11,-1.46,2.85
149,2017-09-22,128.99,132.25,132.49,127.33,29671,387077168.0,3.97,1.8,2.34,2.01
150,2017-09-25,130.15,125.39,131.78,125.0,33537,426005120.0,5.13,-5.19,-6.86,2.28
151,2017-09-26,122.89,123.46,125.88,120.68,33032,405818912.0,4.15,-1.54,-1.93,2.24
152,2017-09-27,124.05,124.83,126.77,121.0,30966,385253152.0,4.67,1.11,1.37,2.1
153,2017-09-28,124.34,127.17,132.08,124.0,32485,418582480.0,6.47,1.87,2.34,2.2
154,2017-09-29,128.99,130.26,132.66,127.0,28091,364896576.0,4.45,2.43,3.09,1.91
155,2017-10-09,133.0,134.91,140.4,131.01,38313,521153152.0,7.21,3.57,4.65,2.6
156,2017-10-10,135.48,135.91,136.58,132.95,23457,315762016.0,2.69,0.74,1.0,1.59
157,2017-10-11,135.2,128.68,135.98,127.6,29911,391522512.0,6.17,-5.32,-7.23,2.03
158,2017-10-12,129.99,129.1,131.47,125.5,19865,255152546.0,4.64,0.33,0.42,1.35
159,2017-10-13,129.5,131.18,132.4,126.62,18521,240493532.0,4.48,1.61,2.08,1.26
160,2017-10-16,130.08,129.11,133.5,127.6,20788,271162416.0,4.5,-1.58,-2.07,1.41
161,2017-10-17,128.5,126.91,129.61,125.5,17897,228235551.0,3.18,-1.7,-2.2,1.21
162,2017-10-18,127.13,126.44,130.51,125.18,17770,227420745.0,4.2,-0.37,-0.47,1.21
163,2017-10-19,125.5,115.78,126.86,115.0,41615,500478368.0,9.38,-8.43,-10.66,2.82
164,2017-10-20,115.78,118.79,120.97,115.01,25729,305265184.0,5.15,2.6,3.01,1.75
165,2017-10-23,119.87,124.57,125.5,119.41,26429,326926736.0,5.13,4.87,5.78,1.79
166,2017-10-24,124.67,123.61,125.26,120.0,20102,246176171.0,4.22,-0.77,-0.96,1.36
167,2017-10-25,121.18,124.41,126.62,120.1,20326,252367528.0,5.27,0.65,0.8,1.38
168,2017-10-26,124.51,134.35,134.9,124.51,35492,468387424.0,8.35,7.99,9.94,2.41
169,2017-10-27,134.2,135.13,136.0,131.8,27153,364143104.0,3.13,0.58,0.78,1.84
170,2017-10-30,148.64,148.64,148.64,148.64,12550,186548402.0,0.0,10.0,13.51,0.85
171,2017-10-31,155.99,163.12,163.5,153.1,76657,1223967840.0,7.0,9.74,14.48,5.2
172,2018-03-02,150.0,151.68,174.44,150.0,145710,2324096192.0,14.98,-7.01,-11.44,9.89
173,2018-03-05,153.01,166.85,166.85,153.0,110771,1804867456.0,9.13,10.0,15.17,7.52
174,2018-03-06,171.14,177.12,183.42,171.0,98206,1731022896.0,7.44,6.16,10.27,6.67
175,2018-03-07,175.31,175.48,181.0,170.51,68827,1209197760.0,5.92,-0.93,-1.64,4.67
176,2018-03-08,176.43,172.8,178.88,170.51,53615,934841280.0,4.77,-1.53,-2.68,3.64
177,2018-03-09,171.3,175.28,181.0,171.08,69357,1223664272.0,5.74,1.44,2.48,4.71
178,2018-03-12,177.0,192.81,192.81,175.5,70975,1322559408.0,9.88,10.0,17.53,4.82
179,2018-03-13,196.0,196.86,207.89,193.0,76875,1530979088.0,7.72,2.1,4.05,5.22
180,2018-03-14,198.88,192.7,202.0,189.0,60304,1177292736.0,6.6,-2.11,-4.16,4.09
181,2018-03-15,191.3,199.66,199.98,191.1,56456,1112855520.0,4.61,3.61,6.96,3.83
182,2018-03-16,201.0,190.01,204.65,185.18,69728,1342114416.0,9.75,-4.83,-9.65,4.73
183,2018-03-19,188.0,204.58,207.5,187.66,72845,1456871584.0,10.44,7.67,14.57,4.94
184,2018-03-20,203.07,202.61,207.5,200.12,38589,784861264.0,3.61,-0.96,-1.97,2.62
185,2018-03-21,203.33,193.56,204.33,191.1,57410,1129912592.0,6.53,-4.47,-9.05,3.9
186,2018-03-22,193.53,182.12,195.29,180.81,68626,1282868544.0,7.48,-5.91,-11.44,4.66
187,2018-03-23,173.0,177.12,184.5,171.01,79045,1403981440.0,7.41,-2.75,-5.0,5.36
188,2018-03-26,182.3,188.94,192.77,180.8,64649,1205734672.0,6.76,6.67,11.82,4.39
189,2018-03-27,191.77,195.9,198.08,186.0,72032,1386975616.0,6.39,3.68,6.96,4.89
190,2018-03-28,192.1,194.84,204.77,192.1,54424,1083396080.0,6.47,-0.54,-1.06,3.69
191,2018-03-29,197.0,190.89,199.9,182.8,53476,1018234528.0,8.78,-2.03,-3.95,3.63
192,2018-03-30,191.08,196.8,198.55,188.5,62450,1209689392.0,5.26,3.1,5.91,4.24
193,2018-04-02,200.0,207.94,215.67,198.59,88467,1821463376.0,8.68,5.66,11.14,6.0
194,2018-04-03,205.0,208.82,211.8,198.68,56839,1165313776.0,6.31,0.42,0.88,3.86
195,2018-04-04,208.0,199.85,209.47,199.4,44850,911755536.0,4.82,-4.3,-8.97,3.04
196,2018-04-09,199.86,195.28,201.88,191.01,37670,738324240.0,5.44,-2.29,-4.57,2.56
197,2018-04-10,193.97,191.19,195.0,184.44,47265,892218288.0,5.41,-2.09,-4.09,3.21
198,2018-04-11,190.97,191.43,197.0,188.96,25880,498989904.0,4.21,0.13,0.24,1.76
199,2018-04-12,190.0,181.0,193.53,180.1,44538,828962144.0,7.02,-5.45,-10.43,3.02
200,2018-04-13,183.02,186.93,190.4,180.68,42562,792463984.0,5.37,3.28,5.93,2.89
201,2018-04-16,184.0,187.7,192.5,180.5,50931,957406928.0,6.42,0.41,0.77,3.46
202,2018-04-17,193.0,178.17,199.19,177.38,79371,1486772928.0,11.62,-5.08,-9.53,5.39
203,2018-04-18,181.0,195.99,195.99,177.91,89128,1669298560.0,10.15,10.0,17.82,6.05
204,2018-04-19,199.0,196.88,206.71,195.5,85892,1725710032.0,5.72,0.45,0.89,5.83
205,2018-04-20,195.0,205.37,209.9,194.76,89250,1821907552.0,7.69,4.31,8.49,6.06
206,2018-04-23,205.01,193.71,205.5,192.21,65914,1304092816.0,6.47,-5.68,-11.66,4.47
207,2018-04-24,191.0,199.15,199.49,185.0,51074,988896832.0,7.48,2.81,5.44,3.47
208,2018-04-25,195.55,189.56,198.0,186.88,57973,1110550128.0,5.58,-4.82,-9.59,3.93
209,2018-04-26,188.68,181.23,193.28,180.4,59117,1097701072.0,6.79,-4.39,-8.33,4.01
210,2018-04-27,185.68,174.59,185.68,169.0,68095,1192514480.0,9.2,-3.66,-6.64,4.62
211,2018-05-02,174.2,174.48,180.35,171.5,43898,770217728.0,5.07,-0.06,-0.11,2.98
212,2018-05-03,167.0,168.11,169.0,157.09,73359,1201160320.0,6.83,-3.65,-6.37,4.98
213,2018-05-04,166.0,173.18,176.45,164.68,49899,861008208.0,7.0,3.02,5.07,3.39
214,2018-05-07,172.2,173.11,176.33,169.88,31107,539890560.0,3.72,-0.04,-0.07,2.11
215,2018-05-08,174.0,172.99,178.17,170.01,30652,531509520.0,4.71,-0.07,-0.12,2.08
216,2018-05-09,171.2,172.72,176.97,171.05,29416,511231536.0,3.42,-0.16,-0.27,2.0
217,2018-05-10,171.95,166.91,172.98,165.13,34750,583212224.0,4.54,-3.36,-5.81,2.36
218,2018-05-11,166.75,165.07,167.8,161.59,29893,492478128.0,3.72,-1.1,-1.84,2.03
219,2018-05-14,162.0,161.71,167.3,160.2,29229,476612672.0,4.3,-2.04,-3.36,1.98
220,2018-05-15,161.9,163.89,164.35,157.51,40734,656782048.0,4.23,1.35,2.18,2.76
221,2018-05-16,163.0,169.29,175.27,162.2,56051,951984880.0,7.97,3.29,5.4,3.8
222,2018-05-17,170.09,170.55,173.47,167.05,27480,466523264.0,3.79,0.74,1.26,1.86
223,2018-05-18,170.5,167.56,171.95,164.5,22562,377539552.0,4.37,-1.75,-2.99,1.53
224,2018-05-21,118.8,131.35,131.35,118.8,69718,894442192.0,7.49,-21.61,-36.21,3.38
225,2018-05-22,129.01,128.87,131.5,127.33,52888,683317344.0,3.17,-1.89,-2.48,2.56
226,2018-05-23,128.6,128.27,131.58,127.8,53406,692382832.0,2.93,-0.47,-0.6,2.59
227,2018-05-24,128.05,123.23,129.0,123.0,45046,563073056.0,4.68,-3.93,-5.04,2.18
228,2018-05-25,123.21,120.65,125.5,120.14,40165,493058176.0,4.35,-2.09,-2.58,1.95
229,2018-05-28,120.32,116.0,121.97,115.8,41942,497741472.0,5.11,-3.85,-4.65,2.03
230,2018-05-29,116.99,113.2,118.33,112.5,46114,530120080.0,5.03,-2.41,-2.8,2.24
231,2018-05-30,111.18,109.71,116.43,108.55,55036,620065152.0,6.96,-3.08,-3.49,2.67
232,2018-05-31,110.69,108.45,111.8,104.61,53632,577660928.0,6.55,-1.15,-1.26,2.6
233,2018-06-01,107.9,104.18,109.99,103.16,57959,613794960.0,6.3,-3.94,-4.27,2.81
234,2018-06-04,105.88,105.93,108.32,103.8,54235,576349904.0,4.34,1.68,1.75,2.63
235,2018-06-05,106.6,111.68,112.5,105.2,58946,641791952.0,6.89,5.43,5.75,2.86
236,2018-06-06,110.99,111.1,112.6,109.68,46394,515632800.0,2.61,-0.52,-0.58,2.25
237,2018-06-07,112.3,108.33,112.5,107.43,34868,380339808.0,4.56,-2.49,-2.77,1.69
238,2018-06-08,107.0,104.7,108.1,103.52,48879,514015504.0,4.23,-3.35,-3.63,2.37
239,2018-06-11,103.88,100.26,103.95,100.0,48518,492679392.0,3.77,-4.24,-4.44,2.35
240,2018-06-12,100.25,100.0,101.5,96.85,59427,587136912.0,4.64,-0.26,-0.26,2.88
241,2018-06-13,100.5,103.83,106.66,99.5,70409,733064048.0,7.16,3.83,3.83,3.41
242,2018-06-14,102.72,103.92,105.96,101.2,46351,483499904.0,4.58,0.09,0.09,2.25
243,2018-06-15,103.74,104.87,105.68,101.0,42416,439849312.0,4.5,0.91,0.95,2.06
244,2018-06-19,103.52,101.19,109.71,95.56,72963,751330336.0,13.49,-3.51,-3.68,3.54
245,2018-06-20,99.5,100.26,103.0,96.5,53304,530679920.0,6.42,-0.92,-0.93,2.58
246,2018-06-21,98.73,90.56,99.98,90.41,65558,624706464.0,9.55,-9.67,-9.7,3.16
247,2018-06-22,89.17,91.92,93.8,88.01,48639,444389712.0,6.39,1.5,1.36,2.35
248,2018-06-25,93.09,90.87,93.8,90.25,35176,324826368.0,3.86,-1.14,-1.05,1.7
249,2018-06-26,89.02,97.64,99.96,88.7,84572,812741280.0,12.39,7.45,6.77,4.08
250,2018-06-27,98.5,101.01,102.93,98.5,87429,881463824.0,4.54,3.45,3.37,4.22
251,2018-06-28,100.98,98.7,103.5,98.5,50091,506238400.0,4.95,-2.29,-2.31,2.42
252,2018-06-29,100.0,108.52,108.57,99.31,87362,915404160.0,9.38,9.95,9.82,4.21
253,2018-07-02,107.9,107.53,109.5,104.91,68524,732804080.0,4.23,-0.91,-0.99,3.3
254,2018-07-03,107.2,113.16,116.5,105.38,95200,1051761120.0,10.34,5.24,5.63,4.59
255,2018-07-04,112.13,109.27,113.98,107.8,74947,833271376.0,5.46,-3.44,-3.89,3.61
256,2018-07-05,107.69,102.55,108.88,102.45,82769,870967248.0,5.88,-6.15,-6.72,3.99
257,2018-07-06,102.07,103.38,108.9,102.07,87826,927359680.0,6.66,0.81,0.83,4.23
258,2018-07-09,103.5,104.59,105.99,102.55,59208,618412976.0,3.33,1.17,1.21,2.85
259,2018-07-10,103.88,102.81,105.6,100.5,62522,642688832.0,4.88,-1.7,-1.78,3.01
260,2018-07-11,100.0,100.95,103.17,98.21,61550,618637520.0,4.82,-1.81,-1.86,2.97
261,2018-07-12,101.6,109.15,111.0,101.5,108903,1169092944.0,9.41,8.12,8.2,5.25
262,2018-07-13,108.06,116.19,118.0,107.5,113688,1278369264.0,9.62,6.45,7.04,5.48
263,2018-07-16,116.6,117.04,119.8,114.14,70410,819850096.0,4.87,0.73,0.85,3.39
264,2018-07-17,118.13,119.58,121.99,115.89,79397,941998960.0,5.21,2.17,2.54,3.83
265,2018-07-18,122.1,116.97,124.99,116.83,74815,905195168.0,6.82,-2.18,-2.61,3.61
266,2018-07-19,115.9,116.02,118.33,114.03,52555,609142480.0,3.68,-0.81,-0.95,2.53
267,2018-07-20,116.9,119.04,121.36,114.12,61750,728104736.0,6.24,2.6,3.02,2.98
268,2018-07-23,120.89,128.24,129.16,120.0,90555,1140732752.0,7.69,7.73,9.2,4.37
269,2018-07-24,125.5,126.39,127.7,123.5,70360,882349536.0,3.28,-1.44,-1.85,3.39
270,2018-07-25,125.1,126.32,129.47,125.1,47517,604581200.0,3.46,-0.06,-0.07,2.29
271,2018-07-26,125.01,117.68,125.6,114.0,87268,1044577504.0,9.18,-6.84,-8.64,4.21
272,2018-07-27,117.0,118.31,119.6,115.5,34463,405515600.0,3.48,0.54,0.63,1.66
273,2018-07-30,118.24,113.55,118.55,112.25,46129,526612128.0,5.32,-4.02,-4.76,2.22
274,2018-07-31,114.25,114.94,115.7,113.0,30209,345519968.0,2.38,1.22,1.39,1.46
275,2018-08-01,116.04,118.68,124.5,116.04,85460,1033306320.0,7.36,3.25,3.74,4.12
276,2018-08-02,119.0,120.5,122.38,114.38,68918,818902304.0,6.74,1.53,1.82,3.32
277,2018-08-03,115.53,108.69,117.7,108.6,78512,884803232.0,7.55,-9.8,-11.81,3.79
278,2018-08-06,106.0,104.69,108.13,102.9,44750,470946176.0,4.81,-3.68,-4.0,2.16
279,2018-08-07,105.06,107.07,107.33,100.01,58597,609125440.0,6.99,2.27,2.38,2.83
280,2018-08-08,105.9,99.42,106.9,98.48,48916,501509408.0,7.86,-7.14,-7.65,2.36
281,2018-08-09,98.72,106.79,108.11,98.17,72493,761062224.0,10.0,7.41,7.37,3.5
282,2018-08-10,106.7,111.17,112.5,106.04,61559,674537872.0,6.05,4.1,4.38,2.97
283,2018-08-13,109.66,114.64,115.28,108.68,61479,690438064.0,5.94,3.12,3.47,2.96
284,2018-08-14,113.33,108.96,114.2,106.85,64964,713478160.0,6.41,-4.95,-5.68,3.13
285,2018-08-15,108.12,104.9,109.93,104.0,53104,565808064.0,5.44,-3.73,-4.06,2.56
286,2018-08-16,101.98,102.87,106.89,100.51,48999,509033200.0,6.08,-1.94,-2.03,2.36
287,2018-08-17,104.9,102.79,105.85,101.13,36492,377574544.0,4.59,-0.08,-0.08,1.76
288,2018-08-20,101.88,104.96,104.96,99.62,41075,420369936.0,5.2,2.11,2.17,1.98
289,2018-08-21,104.49,105.9,107.18,102.3,44782,470133792.0,4.65,0.9,0.94,2.16
290,2018-08-22,104.88,103.57,106.8,102.59,36531,381826672.0,3.98,-2.2,-2.33,1.76
291,2018-08-23,103.0,107.72,108.4,102.63,63506,678122208.0,5.57,4.01,4.15,3.06
292,2018-08-24,106.8,112.1,113.68,106.8,78476,873107568.0,6.39,4.07,4.38,3.78
293,2018-08-27,110.0,114.0,116.99,110.0,76858,880000288.0,6.24,1.69,1.9,3.71
294,2018-08-28,114.2,114.76,116.21,113.29,35850,410696880.0,2.56,0.67,0.76,1.73
295,2018-08-29,114.2,114.95,115.5,113.25,33275,380519616.0,1.96,0.17,0.19,1.6
296,2018-08-30,115.0,110.5,115.47,110.1,47525,532365648.0,4.67,-3.87,-4.45,2.29
297,2018-08-31,110.62,109.32,111.73,109.31,31149,343698512.0,2.19,-1.07,-1.18,1.5
298,2018-09-03,108.9,110.0,110.32,103.9,44440,474586464.0,5.87,0.62,0.68,2.14
299,2018-09-04,110.07,112.1,113.47,108.05,50046,554390256.0,4.93,1.91,2.1,2.41
300,2018-09-05,111.11,107.6,112.36,107.58,42405,465025584.0,4.26,-4.01,-4.5,2.04
301,2018-09-06,106.79,107.71,110.09,105.3,37821,408650560.0,4.45,0.1,0.11,1.82
302,2018-09-07,107.25,102.58,109.64,99.99,68346,714226208.0,8.96,-4.76,-5.13,3.3
303,2018-09-10,101.66,94.16,101.66,92.92,89899,869634656.0,8.52,-8.21,-8.42,4.33
304,2018-09-11,94.98,92.78,95.5,90.88,62814,585273440.0,4.91,-1.47,-1.38,3.03
305,2018-09-12,92.77,93.3,94.99,91.5,40832,381175680.0,3.76,0.56,0.52,1.97
306,2018-09-13,94.8,89.91,95.15,85.48,80224,723055888.0,10.36,-3.63,-3.39,3.87
307,2018-09-14,90.9,87.81,91.1,87.0,45967,406249920.0,4.56,-2.34,-2.1,2.22
308,2018-09-17,87.07,84.95,87.87,84.8,42671,366507536.0,3.5,-3.26,-2.86,2.06
309,2018-09-18,84.47,87.2,87.31,84.4,43272,373181088.0,3.43,2.65,2.25,2.09
310,2018-09-19,86.88,90.36,92.85,85.44,74440,665180624.0,8.5,3.62,3.16,3.59
311,2018-09-20,89.99,88.96,91.0,88.61,36163,323770176.0,2.64,-1.55,-1.4,1.74
312,2018-09-21,89.49,88.7,89.58,84.5,69890,607994672.0,5.71,-0.29,-0.26,3.37
313,2018-09-25,87.51,89.5,91.17,86.87,48382,433666848.0,4.85,0.9,0.8,2.33
314,2018-09-26,89.05,90.87,92.5,88.58,48601,439503120.0,4.38,1.53,1.37,2.34
315,2018-09-27,90.61,88.5,91.78,88.15,39065,350559632.0,3.99,-2.61,-2.37,1.88
316,2018-09-28,88.77,88.73,89.32,86.5,37351,328478000.0,3.19,0.26,0.23,1.8
317,2018-10-08,85.0,79.86,85.0,79.86,50653,412041616.0,5.79,-10.0,-8.87,2.44
318,2018-10-09,77.11,74.45,78.75,72.39,91681,687769312.0,7.96,-6.77,-5.41,4.42
319,2018-10-10,74.05,75.23,77.65,73.0,57379,431567808.0,6.25,1.05,0.78,2.77
320,2018-10-11,70.0,69.0,73.3,67.78,72268,510664096.0,7.34,-8.28,-6.23,3.48
321,2018-10-12,69.14,71.65,72.6,67.12,66602,465304080.0,7.94,3.84,2.65,3.21
322,2018-10-15,71.2,72.07,74.3,71.14,47901,348527824.0,4.41,0.59,0.42,2.31
323,2018-10-16,71.95,69.3,73.9,68.32,47402,336618976.0,7.74,-3.84,-2.77,2.29
324,2018-10-17,72.0,71.48,72.5,68.51,60218,428151360.0,5.76,3.15,2.18,2.9
325,2018-10-18,71.47,69.24,71.5,68.14,37877,265281970.0,4.7,-3.13,-2.24,1.83
326,2018-10-19,67.26,70.6,71.3,65.49,78164,535532656.0,8.39,1.96,1.36,3.77
327,2018-10-22,71.3,76.04,77.18,70.85,78597,584137568.0,8.97,7.71,5.44,3.79
328,2018-10-23,75.2,71.39,75.44,70.58,63519,464677856.0,6.39,-6.12,-4.65,3.06
329,2018-10-24,71.75,68.94,72.39,68.4,60519,422031696.0,5.59,-3.43,-2.45,2.92
330,2018-11-01,71.0,67.47,71.5,63.45,117148,795656400.0,11.68,-2.13,-1.47,5.65
331,2018-11-02,69.69,73.18,74.0,68.79,113248,803328896.0,7.72,8.46,5.71,5.46
332,2018-11-05,72.14,71.27,73.51,69.68,85540,613174464.0,5.23,-2.61,-1.91,4.12
333,2018-11-06,70.38,68.26,70.7,65.85,93848,635757744.0,6.81,-4.22,-3.01,4.53
334,2018-11-07,68.0,68.63,70.5,67.54,80119,554946960.0,4.34,0.54,0.37,3.86
335,2018-11-08,69.8,66.87,69.9,66.58,59106,400184848.0,4.84,-2.56,-1.76,2.85
336,2018-11-09,65.91,66.11,67.83,65.58,45926,306187040.0,3.36,-1.14,-0.76,2.21
337,2018-11-12,66.11,68.1,68.4,66.05,53995,363752640.0,3.55,3.01,1.99,2.6
338,2018-11-13,67.0,67.88,68.45,66.6,69112,466495168.0,2.72,-0.32,-0.22,3.33
339,2018-11-14,68.96,73.99,74.67,68.5,172169,1250458768.0,9.09,9.0,6.11,8.3
340,2018-11-15,74.0,74.66,76.01,73.0,120851,899573824.0,4.07,0.91,0.67,5.83
341,2018-11-16,75.5,78.86,80.39,75.0,124423,972031984.0,7.22,5.63,4.2,6.0
342,2018-11-19,76.23,80.05,83.77,76.0,109747,879082176.0,9.85,1.51,1.19,5.29
343,2018-11-20,79.33,76.83,79.55,76.37,98831,768484736.0,3.97,-4.02,-3.22,4.77
344,2018-11-21,74.1,76.96,76.99,74.1,64964,492226896.0,3.76,0.17,0.13,3.13
345,2018-11-22,78.13,75.04,78.78,74.65,73062,556224512.0,5.37,-2.49,-1.92,3.52
346,2018-11-23,75.51,72.82,76.6,72.66,74011,548596352.0,5.25,-2.96,-2.22,3.57
347,2018-11-26,73.0,72.08,74.26,71.58,42292,306925696.0,3.68,-1.02,-0.74,2.04
348,2018-11-27,73.15,73.96,74.45,72.38,52177,383871104.0,2.87,2.61,1.88,2.52
349,2018-11-28,73.96,75.46,76.3,73.5,58251,436742128.0,3.79,2.03,1.5,2.81
350,2018-11-29,76.82,73.9,78.33,73.88,73060,558640848.0,5.9,-2.07,-1.56,3.52
351,2018-11-30,73.0,75.34,76.17,72.39,54159,400763792.0,5.12,1.95,1.44,2.61
352,2018-12-03,78.5,79.46,80.69,77.22,90083,711596352.0,4.61,5.47,4.12,4.34
353,2018-12-04,79.0,78.84,80.25,78.55,45472,360011824.0,2.14,-0.78,-0.62,2.19
354,2018-12-05,76.67,77.43,78.48,76.11,43578,336779792.0,3.01,-1.79,-1.41,2.1
355,2018-12-06,76.58,75.2,76.58,74.68,54394,410712576.0,2.45,-2.88,-2.23,2.62
356,2018-12-07,76.0,76.51,77.56,75.8,39639,304065120.0,2.34,1.74,1.31,1.91
357,2018-12-10,76.08,76.69,77.27,75.68,26134,199713948.0,2.08,0.24,0.18,1.26
358,2018-12-11,76.69,77.13,77.67,76.63,24390,187935187.0,1.36,0.57,0.44,1.18
359,2018-12-12,77.77,72.02,77.99,72.0,77530,574972256.0,7.77,-6.63,-5.11,3.74
360,2018-12-13,72.51,72.82,73.4,71.83,49242,358387200.0,2.18,1.11,0.8,2.37
361,2018-12-14,72.9,70.52,73.43,70.18,51277,369449376.0,4.46,-3.16,-2.3,2.47
362,2018-12-17,70.82,69.25,71.24,67.48,47418,326311152.0,5.33,-1.8,-1.27,2.29
363,2018-12-18,68.72,68.5,70.18,67.68,32588,224257901.0,3.61,-1.08,-0.75,1.57
364,2018-12-19,68.69,67.68,69.19,67.31,27741,189176641.0,2.74,-1.2,-0.82,1.34
365,2018-12-20,68.0,68.11,68.5,67.3,26363,179005776.0,1.77,0.64,0.43,1.27
366,2018-12-21,67.95,66.97,68.06,65.47,37150,247670154.0,3.8,-1.67,-1.14,1.79
367,2018-12-24,66.5,67.61,67.9,66.07,25661,172662734.0,2.73,0.96,0.64,1.24
368,2018-12-25,66.64,66.8,66.98,64.22,41495,272528368.0,4.08,-1.2,-0.81,2.0
369,2018-12-26,66.8,65.0,67.68,64.9,45374,299199904.0,4.16,-2.69,-1.8,2.19
370,2018-12-27,66.41,62.3,66.6,62.0,57671,370673872.0,7.08,-4.15,-2.7,2.78
371,2018-12-28,62.3,62.32,63.02,60.52,47706,294226224.0,4.01,0.03,0.02,2.3
372,2019-01-02,62.49,59.8,62.58,59.69,42417,257682033.0,4.64,-4.04,-2.52,2.05
373,2019-01-03,59.79,59.2,60.98,59.02,37396,224237190.0,3.28,-1.0,-0.6,1.8
374,2019-01-04,58.13,60.73,61.35,57.55,48285,289201600.0,6.42,2.58,1.53,2.33
375,2019-01-07,61.2,62.9,63.8,60.9,56520,354243520.0,4.78,3.57,2.17,2.73
376,2019-01-08,62.51,61.2,62.52,60.95,37074,228363233.0,2.5,-2.7,-1.7,1.79
377,2019-01-09,61.5,62.12,63.91,61.01,57187,357674560.0,4.74,1.5,0.92,2.76
378,2019-01-10,62.13,61.12,62.5,61.09,32077,197833527.0,2.27,-1.61,-1.0,1.55
379,2019-01-11,61.2,61.23,61.78,61.0,24551,150560747.0,1.28,0.18,0.11,1.18
380,2019-01-14,61.23,58.48,61.75,58.2,48115,285681184.0,5.8,-4.49,-2.75,2.32
381,2019-01-15,58.47,60.1,60.18,58.05,40846,243198797.0,3.64,2.77,1.62,1.97
382,2019-01-16,60.2,60.8,62.49,60.2,49010,300271200.0,3.81,1.16,0.7,2.36
383,2019-01-17,61.04,60.24,61.61,59.88,32712,198805817.0,2.85,-0.92,-0.56,1.58
384,2019-01-18,60.6,61.32,61.56,59.87,41405,251952370.0,2.81,1.79,1.08,2.0
385,2019-01-21,62.1,67.45,67.45,61.32,132756,860145632.0,10.0,10.0,6.13,6.4
386,2019-01-22,67.4,66.0,67.4,65.16,74564,493331152.0,3.32,-2.15,-1.45,3.6
387,2019-01-23,65.65,65.0,65.75,63.84,52377,338560464.0,2.89,-1.52,-1.0,2.53
388,2019-01-24,64.43,68.2,70.87,64.43,107893,733455696.0,9.91,4.92,3.2,5.2
389,2019-01-25,68.06,69.72,71.4,67.64,98178,689434896.0,5.51,2.23,1.52,4.73
390,2019-01-28,71.0,69.9,72.88,69.58,78876,561194336.0,4.73,0.26,0.18,3.8
391,2019-01-29,68.27,69.2,70.09,66.88,63242,431905632.0,4.59,-1.0,-0.7,3.05
392,2019-01-30,68.98,67.12,69.58,66.8,42796,291088720.0,4.02,-3.01,-2.08,2.06
393,2019-01-31,67.18,67.69,69.9,67.18,47666,326639088.0,4.05,0.85,0.57,2.3
394,2019-02-01,68.47,71.06,71.3,68.13,51731,364134592.0,4.68,4.98,3.37,2.49
395,2019-02-11,71.04,75.22,75.6,70.75,63791,473328272.0,6.83,5.85,4.16,3.08
396,2019-02-12,74.9,74.14,75.3,73.55,55432,411684368.0,2.33,-1.44,-1.08,2.67
397,2019-02-13,74.53,75.35,78.69,74.53,82199,630077856.0,5.61,1.63,1.21,3.96
398,2019-02-14,75.27,77.1,77.88,73.88,57923,440984528.0,5.31,2.32,1.75,2.79
399,2019-02-15,76.16,74.7,77.5,74.66,52997,401911584.0,3.68,-3.11,-2.4,2.56
400,2019-02-18,76.1,78.6,78.7,74.48,79230,612292224.0,5.65,5.22,3.9,3.82
401,2019-02-19,79.5,78.39,80.78,77.03,70830,559510144.0,4.77,-0.27,-0.21,3.42
402,2019-02-20,78.0,76.5,78.29,75.18,60262,461551296.0,3.97,-2.41,-1.89,2.91
403,2019-02-21,76.15,77.11,79.89,76.15,75167,589196592.0,4.89,0.8,0.61,3.62
404,2019-02-22,76.45,81.21,81.22,75.18,113219,876794384.0,7.83,5.32,4.1,5.46
405,2019-02-25,86.66,89.33,89.33,85.5,117449,1034045264.0,4.72,10.0,8.12,5.66
406,2019-02-26,89.36,93.11,98.25,89.36,121162,1133896880.0,9.95,4.23,3.78,5.84
407,2019-02-27,92.7,92.6,95.58,90.5,74067,685248912.0,5.46,-0.55,-0.51,3.57
408,2019-02-28,91.22,92.0,94.88,91.18,49615,461513184.0,4.0,-0.65,-0.6,2.39
409,2019-03-01,93.5,92.21,94.25,89.86,50849,465450432.0,4.77,0.23,0.21,2.45
410,2019-03-04,96.2,96.71,101.4,95.6,96740,944626432.0,6.29,4.88,4.5,4.66
411,2019-03-05,97.0,106.38,106.38,95.8,96327,993704960.0,10.94,10.0,9.67,4.64
412,2019-03-06,110.0,106.95,110.0,103.56,87112,930198000.0,6.05,0.54,0.57,4.2
413,2019-03-07,104.1,104.5,105.5,100.7,103035,1061284576.0,4.49,-2.29,-2.45,4.97
414,2019-03-08,102.0,105.9,114.95,98.5,135081,1479760368.0,15.74,1.34,1.4,6.51
415,2019-03-11,107.53,108.11,113.88,104.98,107946,1175591728.0,8.4,2.09,2.21,5.2
416,2019-03-12,110.99,114.0,117.5,108.88,96520,1094139168.0,7.97,5.45,5.89,4.65
417,2019-03-13,112.08,104.5,114.9,102.6,105092,1134554080.0,10.79,-8.33,-9.5,5.07
418,2019-03-14,101.0,100.5,102.5,95.21,99812,988861728.0,6.98,-3.83,-4.0,4.81
419,2019-03-15,100.7,98.0,104.0,97.39,70064,707621424.0,6.58,-2.49,-2.5,3.38
420,2019-03-18,99.75,101.79,101.98,96.83,52370,522284864.0,5.26,3.87,3.79,2.53
421,2019-03-19,101.78,104.59,109.0,100.79,73082,769628736.0,8.07,2.75,2.8,3.52
422,2019-03-20,102.03,101.38,105.65,99.1,50610,513710320.0,6.26,-3.07,-3.21,2.44
423,2019-03-21,101.35,102.19,104.2,100.13,55480,568568592.0,4.01,0.8,0.81,2.68
424,2019-03-22,107.0,104.0,107.0,102.6,68610,718994320.0,4.31,1.77,1.81,3.31
425,2019-03-25,100.2,102.9,105.96,99.05,55607,574789232.0,6.64,-1.06,-1.1,2.68
426,2019-03-26,103.3,100.0,105.5,99.51,50743,519894752.0,5.82,-2.82,-2.9,2.45
427,2019-03-27,101.69,98.1,101.95,95.31,56530,555820128.0,6.64,-1.9,-1.9,2.73
428,2019-03-28,98.05,98.3,102.76,97.23,59405,593139056.0,5.64,0.2,0.2,2.86
429,2019-03-29,98.52,101.59,101.99,94.81,78029,769930832.0,7.3,3.35,3.29,3.76
430,2019-04-01,102.6,104.2,106.3,102.53,79126,826158880.0,3.71,2.57,2.61,3.82
431,2019-04-02,105.15,108.21,110.73,103.45,89214,957232000.0,6.99,3.85,4.01,4.3
432,2019-04-04,115.0,119.03,119.03,111.0,132340,1545206208.0,7.42,10.0,10.82,6.38
433,2019-04-08,118.0,112.27,118.39,109.31,87311,988730880.0,7.63,-5.68,-6.76,4.21
434,2019-04-09,111.13,110.35,114.78,109.2,45951,510338528.0,4.97,-1.71,-1.92,2.22
435,2019-04-10,109.51,107.8,109.84,105.6,45504,487677760.0,3.84,-2.31,-2.55,2.19
436,2019-04-11,108.1,103.95,109.11,102.6,44912,471015456.0,6.04,-3.57,-3.85,2.17
437,2019-04-12,103.71,102.0,104.88,100.57,37291,381757264.0,4.15,-1.88,-1.95,1.8
438,2019-04-15,105.0,99.34,105.77,99.01,40077,410160592.0,6.63,-2.61,-2.66,1.93
439,2019-04-16,99.5,103.3,104.0,96.3,66524,666693200.0,7.75,3.99,3.96,3.21
440,2019-04-17,102.81,102.22,105.51,101.69,41982,433707024.0,3.7,-1.05,-1.08,2.02
441,2019-04-18,101.82,99.57,101.82,97.3,46976,466081216.0,4.42,-2.59,-2.65,2.27
442,2019-04-19,99.56,99.1,100.5,97.58,29388,290017904.0,2.93,-0.47,-0.47,1.42
443,2019-04-22,99.51,100.11,103.3,98.59,53848,545161904.0,4.75,1.02,1.01,2.6
444,2019-04-23,100.0,100.3,103.25,99.23,40941,415721632.0,4.02,0.19,0.19,1.97
445,2019-04-24,100.5,105.03,105.05,100.3,51358,529084112.0,4.74,4.72,4.73,2.48
446,2019-04-25,103.75,99.67,105.97,99.13,40529,415956912.0,6.51,-5.1,-5.36,1.95
447,2019-04-26,99.67,96.7,101.22,96.5,39037,385898736.0,4.74,-2.98,-2.97,1.88
448,2019-04-29,96.84,87.14,97.63,87.03,78071,702898816.0,10.96,-9.89,-9.56,3.76
449,2019-04-30,80.0,82.98,84.51,79.0,83282,679017152.0,6.32,-4.77,-4.16,4.02
450,2019-05-06,79.5,74.68,80.27,74.68,54644,422421904.0,6.74,-10.0,-8.3,2.63
451,2019-05-07,73.66,75.34,76.54,73.66,52842,396578784.0,3.86,0.88,0.66,2.55
452,2019-05-08,73.88,78.9,82.15,72.89,68695,540902480.0,12.29,4.73,3.56,3.31
453,2019-05-09,81.32,79.65,81.9,78.79,49387,395753104.0,3.94,0.95,0.75,2.38
454,2019-05-10,80.8,85.26,85.75,76.73,74407,615958928.0,11.32,7.04,5.61,3.59
455,2019-05-13,83.5,82.4,85.2,81.25,44113,366766240.0,4.63,-3.35,-2.86,2.13
456,2019-05-14,81.07,79.87,83.26,79.87,41434,336975344.0,4.11,-3.07,-2.53,2.0
457,2019-05-15,81.73,81.2,81.91,80.13,32123,260209403.0,2.23,1.67,1.33,1.55
458,2019-05-16,81.5,79.79,81.8,78.81,36255,290073008.0,3.68,-1.74,-1.41,1.75
459,2019-05-17,82.04,78.32,84.5,77.98,73210,598199296.0,8.17,-1.84,-1.47,3.53
460,2019-05-20,81.0,81.48,82.55,79.51,68980,559607680.0,3.88,4.03,3.16,3.33
461,2019-05-21,81.99,80.87,82.36,78.0,53887,433819472.0,5.35,-0.75,-0.61,2.6
462,2019-05-22,80.72,87.15,87.18,80.01,112579,954111136.0,8.87,7.77,6.28,5.43
463,2019-05-23,87.88,84.85,88.84,83.51,86979,747268576.0,6.12,-2.64,-2.3,4.19
464,2019-05-24,83.39,81.52,84.85,81.0,52469,432164832.0,4.54,-3.92,-3.33,2.53
465,2019-05-27,81.88,85.04,86.36,81.0,71559,604280416.0,6.58,4.32,3.52,3.45
466,2019-05-28,85.8,83.82,86.46,83.45,54738,462815696.0,3.54,-1.43,-1.22,2.64
467,2019-05-29,83.0,84.39,86.4,82.66,44585,376782864.0,4.46,0.68,0.57,2.15
468,2019-05-30,80.0,78.89,80.55,76.0,89772,705467232.0,5.39,-6.52,-5.5,4.33
469,2019-05-31,78.89,77.01,80.08,76.61,51207,398778480.0,4.4,-2.38,-1.88,2.47
470,2019-06-03,77.87,75.1,78.5,75.0,46170,351789648.0,4.54,-2.48,-1.91,2.23
471,2019-06-04,75.5,75.48,76.26,73.7,26746,201086865.0,3.41,0.51,0.38,1.29
472,2019-06-05,76.41,75.18,76.53,74.3,26893,202655851.0,2.95,-0.4,-0.3,1.3
473,2019-06-06,75.39,74.4,75.39,74.05,23059,172118034.0,1.78,-1.04,-0.78,1.11
474,2019-06-10,74.6,76.03,76.4,74.4,30128,227693019.0,2.69,2.19,1.63,1.45
475,2019-06-11,76.07,78.3,78.38,74.3,59107,452533440.0,5.37,2.99,2.27,2.85
476,2019-06-12,77.68,77.93,78.85,77.36,36229,282026832.0,1.9,-0.47,-0.37,1.75
477,2019-06-13,77.89,77.86,78.28,77.29,28070,218368721.0,1.27,-0.09,-0.07,1.35
478,2019-06-14,78.16,79.01,81.49,78.16,63918,510606784.0,4.28,1.48,1.15,3.08
479,2019-06-17,77.21,77.12,79.61,76.8,27529,214344446.0,3.56,-2.39,-1.89,1.33
480,2019-06-18,77.45,76.27,77.45,76.1,16783,128524606.0,1.75,-1.1,-0.85,0.81
481,2019-06-19,79.0,80.56,81.39,78.91,62713,502533520.0,3.25,5.62,4.29,3.02
482,2019-06-20,80.39,83.9,85.4,80.1,61516,513957376.0,6.58,4.15,3.34,2.97
483,2019-06-21,84.44,86.45,87.5,84.36,64415,556711856.0,3.74,3.04,2.55,3.09
484,2019-06-24,85.17,84.58,86.8,83.21,47628,403201392.0,4.15,-2.16,-1.87,2.28
485,2019-06-25,84.0,81.15,84.16,80.21,52325,425920352.0,4.67,-4.06,-3.43,2.51
486,2019-06-26,81.01,85.93,86.78,80.96,74380,629881584.0,7.17,5.89,4.78,3.57
487,2019-06-27,85.9,86.37,89.8,85.65,68847,600915536.0,4.83,0.51,0.44,3.3
488,2019-06-28,87.49,86.7,87.5,85.06,30401,261706314.0,2.83,0.38,0.33,1.46
489,2019-07-01,90.1,91.32,92.15,89.5,62927,573132016.0,3.06,5.33,4.62,3.02
490,2019-07-02,91.0,90.9,93.4,90.0,48204,441810368.0,3.72,-0.46,-0.42,2.31
491,2019-07-03,90.6,92.18,92.88,89.1,42924,391565552.0,4.16,1.41,1.28,2.06
492,2019-07-04,92.43,93.45,95.68,91.0,49496,463386256.0,5.08,1.38,1.27,2.37
493,2019-07-05,93.76,93.15,94.3,90.8,34995,323609568.0,3.75,-0.32,-0.3,1.68
494,2019-07-08,92.25,87.7,92.25,87.55,48700,434255296.0,5.05,-5.85,-5.45,2.34
495,2019-07-09,89.63,88.49,90.38,87.8,30701,273331296.0,2.94,0.9,0.79,1.47
496,2019-07-10,89.93,92.98,94.58,89.77,59051,543278208.0,5.44,5.07,4.49,2.83
497,2019-07-11,95.0,93.0,95.56,91.77,53207,497860592.0,4.08,0.02,0.02,2.55
498,2019-07-12,93.77,91.82,93.81,91.8,26535,245960501.0,2.16,-1.27,-1.18,1.27
499,2019-07-15,91.5,98.6,99.68,88.36,80186,770424960.0,12.33,7.38,6.78,3.85
500,2019-07-16,98.02,101.78,104.5,97.6,67729,686489712.0,7.0,3.23,3.18,3.25
501,2019-07-17,101.48,100.48,104.2,99.6,62760,639826208.0,4.52,-1.28,-1.3,3.01
502,2019-07-18,100.0,96.85,100.75,95.9,50892,496076928.0,4.83,-3.61,-3.63,2.44
503,2019-07-19,98.09,97.93,99.85,96.81,39395,386294864.0,3.14,1.12,1.08,1.89
504,2019-07-22,99.3,95.77,100.0,92.51,45413,442398704.0,7.65,-2.21,-2.16,2.18
505,2019-07-23,96.8,100.9,100.94,95.2,48214,478616864.0,5.99,5.36,5.13,2.31
506,2019-07-24,100.12,100.27,103.35,98.8,53850,542811424.0,4.51,-0.62,-0.63,2.58
507,2019-07-25,99.8,102.95,103.05,99.8,51952,530429920.0,3.24,2.67,2.68,2.49
508,2019-07-26,102.0,102.1,104.21,101.03,44236,453758736.0,3.09,-0.83,-0.85,2.12
509,2019-07-29,102.02,101.6,104.0,100.66,27193,277834704.0,3.27,-0.49,-0.5,1.3
510,2019-07-30,101.7,98.06,102.45,97.5,54674,541659856.0,4.87,-3.48,-3.54,2.62
511,2019-07-31,98.39,97.8,98.74,96.89,28599,280163456.0,1.89,-0.27,-0.26,1.37
512,2019-08-01,97.06,92.3,97.06,91.46,77226,722345088.0,5.73,-5.62,-5.5,3.7
513,2019-08-02,88.14,93.1,94.68,88.08,56106,518646672.0,7.15,0.87,0.8,2.69
514,2019-08-05,92.77,90.14,93.83,89.52,42999,393239184.0,4.63,-3.18,-2.96,2.06
515,2019-08-06,88.01,87.87,89.4,84.79,61203,531012928.0,5.11,-2.52,-2.27,2.94
516,2019-08-07,88.28,87.43,89.18,86.04,41397,363012112.0,3.57,-0.5,-0.44,1.99
517,2019-08-08,88.01,88.68,89.16,86.6,32221,284366032.0,2.93,1.43,1.25,1.55
518,2019-08-09,90.0,86.2,90.6,85.1,44733,392197760.0,6.2,-2.8,-2.48,2.15
519,2019-08-12,86.41,87.0,87.55,84.68,60583,519281824.0,3.33,0.93,0.8,2.91
520,2019-08-13,85.76,87.2,88.5,83.12,57188,493916240.0,6.18,0.23,0.2,2.74
521,2019-08-14,88.89,91.81,95.65,88.89,96944,900201696.0,7.75,5.29,4.61,4.65
522,2019-08-15,84.37,90.59,91.67,84.37,94679,832255568.0,7.95,-1.33,-1.22,4.54
523,2019-08-16,90.97,96.33,97.01,90.58,90299,858881888.0,7.1,6.34,5.74,4.33
524,2019-08-19,100.2,101.23,103.5,98.06,101541,1024083296.0,5.65,5.09,4.9,3.6
525,2019-08-20,103.0,102.82,104.84,102.0,69822,721635680.0,2.81,1.57,1.59,2.47
526,2019-08-21,102.35,110.79,112.83,102.3,97666,1060872128.0,10.24,7.75,7.97,3.46
527,2019-08-22,110.63,112.5,117.0,108.8,89898,1011378064.0,7.4,1.54,1.71,3.19
528,2019-08-23,113.01,114.8,116.32,110.0,65132,738784880.0,5.62,2.04,2.3,2.31
529,2019-08-26,112.5,113.85,116.12,111.81,54353,617160208.0,3.75,-0.83,-0.95,1.93
530,2019-08-27,117.2,121.5,125.24,116.2,103074,1255303744.0,7.94,6.72,7.65,3.65
531,2019-08-28,123.7,120.0,124.89,119.88,114218,1397864032.0,4.12,-1.23,-1.5,4.05
532,2019-08-29,121.6,123.09,125.24,115.66,83329,1013029200.0,7.98,2.58,3.09,2.95
533,2019-08-30,125.0,131.55,135.4,124.9,142968,1866533696.0,8.53,6.87,8.46,5.07
534,2019-09-02,130.24,137.28,138.0,125.51,99636,1310435904.0,9.49,4.36,5.73,3.53
535,2019-09-03,137.28,143.95,150.5,135.98,95672,1376808384.0,10.58,4.86,6.67,3.39
536,2019-09-04,144.07,144.77,145.82,138.7,72234,1027167744.0,4.95,0.57,0.82,2.56
537,2019-09-05,146.3,141.9,149.25,141.63,78154,1128568400.0,5.26,-1.98,-2.87,2.77
538,2019-09-06,141.64,141.0,148.9,140.0,83938,1205055744.0,6.27,-0.63,-0.9,2.97
539,2019-09-09,147.88,155.1,155.1,145.56,130793,1967381360.0,6.77,10.0,14.1,4.63
540,2019-09-10,158.0,153.99,159.6,150.0,99821,1544753216.0,6.19,-0.72,-1.11,3.53
541,2019-09-11,152.88,150.72,158.43,148.01,71516,1090875664.0,6.77,-2.12,-3.27,2.53
542,2019-09-12,151.69,151.2,154.41,147.6,50517,761570752.0,4.52,0.32,0.48,1.79
543,2019-09-16,151.0,149.96,152.4,148.6,54597,821256384.0,2.51,-0.82,-1.24,1.93
544,2019-09-17,150.8,144.02,151.08,142.0,106401,1549966960.0,6.05,-3.96,-5.94,3.77
545,2019-09-18,145.99,147.4,150.8,143.7,91378,1345556224.0,4.93,2.35,3.38,3.23
546,2019-09-19,146.6,150.3,150.5,145.58,78973,1169003536.0,3.34,1.97,2.9,2.8
547,2019-09-20,151.16,163.9,165.33,151.16,159758,2549658480.0,9.43,9.05,13.6,5.66
548,2019-09-23,167.0,180.29,180.29,162.79,135786,2332093344.0,10.68,10.0,16.39,4.81
549,2019-09-24,176.0,172.88,181.87,172.8,127785,2258870032.0,5.03,-4.11,-7.41,4.52
550,2019-09-25,171.0,158.38,173.98,156.26,165771,2705770816.0,10.25,-8.39,-14.5,5.87
551,2019-09-26,161.0,148.51,161.32,146.0,134062,2048445152.0,9.67,-6.23,-9.87,4.74
552,2019-09-27,149.63,148.02,152.66,146.8,100028,1493164688.0,3.95,-0.33,-0.49,3.53
553,2019-09-30,147.85,145.38,149.0,141.5,82557,1205051824.0,5.07,-1.78,-2.64,2.92
554,2019-10-08,146.21,140.35,147.87,135.98,89807,1272315168.0,8.18,-3.46,-5.03,3.17
555,2019-10-09,139.77,142.66,143.6,137.32,69953,989395744.0,4.47,1.65,2.31,2.47
556,2019-10-10,142.61,146.51,147.8,142.0,80635,1170215472.0,4.07,2.7,3.85,2.85
557,2019-10-11,147.0,141.2,148.43,139.18,73876,1052797664.0,6.31,-3.62,-5.31,2.61
558,2019-10-14,143.09,146.8,148.5,142.85,83027,1210996192.0,4.0,3.97,5.6,2.93
559,2019-10-15,145.44,138.5,146.2,137.16,91539,1277961664.0,6.16,-5.65,-8.3,3.23
560,2019-10-16,139.28,137.3,141.44,136.1,60712,840231120.0,3.86,-0.87,-1.2,2.14
561,2019-10-17,138.28,137.72,139.1,135.44,38642,531915008.0,2.67,0.31,0.42,1.37
562,2019-10-18,137.54,132.0,139.5,129.48,93284,1245536896.0,7.28,-4.15,-5.72,3.3
563,2019-10-21,132.4,135.49,136.66,129.57,73338,983440864.0,5.37,2.64,3.49,2.59
564,2019-10-22,137.09,141.45,145.0,135.0,104469,1476437280.0,7.38,4.4,5.96,3.69
565,2019-10-23,142.0,141.0,144.45,139.11,53793,763164576.0,3.78,-0.32,-0.45,1.9
566,2019-10-24,139.58,136.59,140.59,134.11,55186,754443040.0,4.6,-3.13,-4.41,1.95
567,2019-10-25,138.08,142.2,143.5,136.48,51893,725943968.0,5.14,4.11,5.61,1.83
568,2019-10-28,145.16,149.26,149.87,142.8,77322,1137294608.0,4.97,4.96,7.06,2.73
569,2019-10-29,150.01,144.5,150.87,143.68,63956,938221808.0,4.82,-3.19,-4.76,2.26
570,2019-10-30,150.2,158.6,158.95,150.2,158578,2481074656.0,6.06,9.76,14.1,5.6
571,2019-10-31,158.5,153.93,160.97,153.0,94666,1489471264.0,5.03,-2.94,-4.67,3.34
572,2019-11-01,154.0,159.84,162.22,151.22,75121,1182184688.0,7.15,3.84,5.91,2.65
573,2019-11-04,159.8,165.12,168.3,158.0,86029,1413762336.0,6.44,3.3,5.28,3.04
574,2019-11-05,165.15,173.8,179.3,163.5,96239,1649435776.0,9.57,5.26,8.68,3.4
575,2019-11-06,173.8,169.52,178.6,166.73,84515,1451258848.0,6.83,-2.46,-4.28,2.99
576,2019-11-07,169.5,167.4,169.51,163.3,70724,1176494400.0,3.66,-1.25,-2.12,2.5
577,2019-11-08,168.9,166.99,170.8,163.23,74960,1258435568.0,4.52,-0.24,-0.41,2.65
578,2019-11-11,165.0,166.93,170.46,162.8,68726,1147717920.0,4.59,-0.04,-0.06,2.43
579,2019-11-12,165.02,163.6,167.5,155.57,73441,1187901232.0,7.15,-1.99,-3.33,2.59
580,2019-11-13,163.98,175.75,177.0,161.0,97440,1666225824.0,9.78,7.43,12.15,3.44
581,2019-11-14,173.95,180.88,180.88,171.74,90075,1583479328.0,5.2,2.92,5.13,3.18
582,2019-11-15,180.32,171.9,184.48,171.5,85152,1526372736.0,7.18,-4.96,-8.98,3.01
583,2019-11-18,172.11,172.6,174.9,167.5,66703,1143537584.0,4.3,0.41,0.7,2.36
584,2019-11-19,170.09,178.9,180.27,169.37,59972,1051062160.0,6.32,3.65,6.3,2.12
585,2019-11-20,177.05,170.38,180.2,169.21,65961,1144327632.0,6.14,-4.76,-8.52,2.33
586,2019-11-21,167.9,169.3,172.9,167.01,47861,812983168.0,3.46,-0.63,-1.08,1.69
587,2019-11-22,170.5,161.9,177.99,159.5,124759,2074290240.0,10.92,-4.37,-7.4,4.41
588,2019-11-25,161.0,157.51,163.09,156.88,76339,1217597456.0,3.84,-2.71,-4.39,2.7
589,2019-11-26,158.92,162.87,163.2,158.92,73000,1178198512.0,2.72,3.4,5.36,2.58
590,2019-11-27,161.5,166.25,171.0,158.5,91922,1519670384.0,7.67,2.08,3.38,3.25
591,2019-11-28,165.94,166.79,170.9,163.9,53512,898467968.0,4.21,0.32,0.54,1.89
592,2019-11-29,165.97,165.4,168.67,159.53,69550,1139955552.0,5.48,-0.83,-1.39,2.46
593,2019-12-02,164.5,171.6,171.9,163.86,67907,1149981712.0,4.86,3.75,6.2,2.4
594,2019-12-03,169.01,179.55,180.8,168.14,93389,1637173104.0,7.38,4.63,7.95,3.3
595,2019-12-04,177.3,181.7,184.67,175.26,81002,1462520336.0,5.24,1.2,2.15,2.86
596,2019-12-05,180.26,188.5,196.56,179.36,97082,1831253600.0,9.47,3.74,6.8,3.43
597,2019-12-06,188.0,194.05,195.99,186.0,70313,1343305888.0,5.3,2.94,5.55,2.48
598,2019-12-09,194.95,196.85,199.98,190.87,80402,1575531648.0,4.69,1.44,2.8,2.84
599,2019-12-10,194.85,199.11,202.7,191.0,70738,1395199200.0,5.94,1.15,2.26,2.5
600,2019-12-11,197.0,200.0,202.6,193.46,60824,1208355888.0,4.59,0.45,0.89,2.15
601,2019-12-12,201.44,210.0,212.99,199.59,75760,1568265568.0,6.7,5.0,10.0,2.68
602,2019-12-13,210.0,203.33,210.0,198.5,86370,1753827232.0,5.48,-3.18,-6.67,3.05
603,2019-12-16,202.0,204.99,208.4,196.77,82742,1673577568.0,5.72,0.82,1.66,2.92
604,2019-12-17,204.19,203.55,206.43,201.0,52147,1061504288.0,2.65,-0.7,-1.44,1.84
605,2019-12-18,202.52,205.97,210.58,202.0,61680,1272339184.0,4.22,1.19,2.42,2.18
606,2019-12-19,201.91,195.97,202.0,192.22,86044,1692778896.0,4.75,-4.86,-10.0,3.04
607,2019-12-20,197.9,195.3,199.88,194.0,48447,954184000.0,3.0,-0.34,-0.67,1.71
608,2019-12-23,183.99,182.3,187.16,179.0,113483,2079560128.0,4.18,-6.66,-13.0,4.01
609,2019-12-24,186.24,195.38,199.8,182.81,85863,1638218928.0,9.32,7.17,13.08,3.03
610,2019-12-25,199.0,214.92,214.92,197.92,82946,1747207440.0,8.7,10.0,19.54,2.93
611,2019-12-26,216.1,210.33,218.64,205.18,73775,1555413728.0,6.26,-2.14,-4.59,2.61
612,2019-12-27,210.0,200.0,212.0,199.4,73891,1514537808.0,5.99,-4.91,-10.33,2.61
613,2019-12-30,200.0,207.38,209.1,194.0,64937,1324806864.0,7.55,3.69,7.38,2.29
614,2019-12-31,207.64,204.89,210.15,201.06,52478,1082163008.0,4.38,-1.2,-2.49,1.85
615,2020-01-02,207.01,219.53,224.86,206.1,99547,2167567312.0,9.16,7.15,14.64,3.52
616,2020-01-03,224.0,220.4,224.4,214.66,70564,1545268896.0,4.44,0.4,0.87,2.49
617,2020-01-06,215.5,226.0,229.8,215.5,64697,1450349024.0,6.49,2.54,5.6,2.29
618,2020-01-07,223.0,212.78,226.88,209.0,92439,1987585680.0,7.91,-5.85,-13.22,3.27
619,2020-01-08,212.43,213.5,217.0,210.39,50610,1080656128.0,3.11,0.34,0.72,1.79
620,2020-01-09,215.4,225.8,227.89,211.67,80107,1769473264.0,7.6,5.76,12.3,2.83
621,2020-01-10,223.0,245.0,248.38,223.0,86485,2058410992.0,11.24,8.5,19.2,3.06
622,2020-01-13,245.03,261.8,264.88,239.2,91996,2293768544.0,10.48,6.86,16.8,3.25
623,2020-01-14,256.2,253.99,261.12,249.58,70576,1794191616.0,4.41,-2.98,-7.81,2.49
624,2020-01-15,250.11,256.18,260.78,248.28,58920,1497958160.0,4.92,0.86,2.19,2.08
625,2020-01-16,255.51,252.2,262.22,250.0,46249,1173776912.0,4.77,-1.55,-3.98,1.63
626,2020-01-17,254.65,253.01,256.66,249.05,44686,1129924368.0,3.02,0.32,0.81,1.58
627,2020-01-20,254.37,276.0,276.18,254.37,70614,1881473872.0,8.62,9.09,22.99,2.49
628,2020-01-21,261.5,271.42,277.77,259.0,95119,2546471680.0,6.8,-1.66,-4.58,3.36
629,2020-01-22,268.33,289.6,292.04,263.01,69818,1953000384.0,10.7,6.7,18.18,2.47
630,2020-01-23,280.0,283.0,305.0,262.55,103076,2924347792.0,14.66,-2.28,-6.6,3.64
631,2020-02-03,254.7,254.7,258.0,254.7,46339,1180697360.0,1.17,-10.0,-28.3,1.64
632,2020-02-04,254.8,278.9,279.17,254.7,89219,2413598688.0,9.61,9.5,24.2,3.15
633,2020-02-05,280.17,281.49,293.5,275.82,90440,2555335904.0,6.34,0.93,2.59,3.2
634,2020-02-06,272.25,283.12,284.08,272.0,72071,2010430608.0,4.29,0.58,1.63,2.55
635,2020-02-07,280.82,294.48,298.76,277.31,77178,2234333776.0,7.58,4.01,11.36,2.73
636,2020-02-10,295.8,281.6,295.91,275.0,80424,2266772208.0,7.1,-4.37,-12.88,2.84
637,2020-02-11,278.5,282.9,289.3,278.5,50619,1442405360.0,3.84,0.46,1.3,1.79
638,2020-02-12,277.23,291.66,295.53,277.0,60129,1725910384.0,6.55,3.1,8.76,2.12
639,2020-02-13,296.58,317.96,320.83,296.0,115731,3633693632.0,8.51,9.02,26.3,4.09
640,2020-02-14,313.0,311.41,325.0,301.58,79160,2485757632.0,7.37,-2.06,-6.55,2.8
641,2020-02-17,309.0,318.0,322.8,309.0,50583,1611570896.0,4.43,2.12,6.59,1.79
642,2020-02-18,318.88,327.07,327.65,315.51,54889,1768996096.0,3.82,2.85,9.07,1.94
643,2020-02-19,325.01,341.13,356.44,321.11,75331,2564606032.0,10.8,4.3,14.06,2.66
644,2020-02-20,341.0,375.24,375.24,339.0,75904,2728007664.0,10.62,10.0,34.11,2.68
645,2020-02-21,373.39,394.48,397.88,370.0,82190,3175535776.0,7.43,5.13,19.24,2.9
646,2020-02-24,398.5,402.0,407.74,381.33,85438,3369827680.0,6.69,1.91,7.52,3.02
647,2020-02-25,392.0,426.16,428.18,390.0,112515,4666930688.0,9.5,6.01,24.16,3.97
648,2020-02-26,420.0,385.0,428.0,383.54,104844,4235850784.0,10.43,-9.66,-41.16,3.7
649,2020-02-27,395.0,355.08,398.0,348.0,151737,5545046784.0,12.99,-7.77,-29.92,5.36
650,2020-02-28,344.41,363.04,384.7,327.5,160303,5640634624.0,16.11,2.24,7.96,5.66
651,2020-03-02,373.0,352.34,380.0,341.0,135934,4830110208.0,10.74,-2.95,-10.7,4.8
652,2020-03-03,356.0,350.3,374.8,345.0,124638,4484585216.0,8.46,-0.58,-2.04,4.4
653,2020-03-04,340.0,321.79,344.03,315.27,176429,5696808960.0,8.21,-8.14,-28.51,6.23
654,2020-03-05,324.0,325.9,330.0,307.8,151035,4832094720.0,6.9,1.28,4.11,5.34
655,2020-03-06,317.03,321.88,328.0,314.9,78770,2537137648.0,4.02,-1.23,-4.02,2.78
656,2020-03-09,314.5,295.92,315.0,292.22,116048,3526189440.0,7.08,-8.07,-25.96,4.1
657,2020-03-10,303.09,314.61,315.0,297.0,130724,4018060000.0,6.08,6.32,18.69,4.62
658,2020-03-11,312.48,293.42,313.6,292.51,117211,3547165648.0,6.7,-6.74,-21.19,4.14
659,2020-03-12,288.25,300.2,303.88,286.74,108861,3232645888.0,5.84,2.31,6.78,3.85
660,2020-03-13,285.19,310.62,318.2,285.0,141104,4296163328.0,11.06,3.47,10.42,4.98
661,2020-03-16,306.9,279.56,306.9,279.56,129268,3771996064.0,8.8,-10.0,-31.06,4.57
662,2020-03-17,288.0,283.11,290.0,266.0,89108,2494452960.0,8.58,1.27,3.55,3.15
663,2020-03-18,285.1,273.58,291.4,269.73,99169,2788225680.0,7.65,-3.37,-9.53,3.5
664,2020-03-19,275.0,275.99,278.99,261.58,96881,2645706192.0,6.36,0.88,2.41,3.42
665,2020-03-20,280.64,273.8,282.0,254.0,106533,2853217184.0,10.15,-0.79,-2.19,3.76
666,2020-03-23,261.0,246.42,262.0,246.42,112128,2845233200.0,5.69,-10.0,-27.38,3.96
667,2020-03-24,253.0,244.11,253.77,231.32,120727,2938344800.0,9.11,-0.94,-2.31,4.26
668,2020-03-25,253.0,251.3,259.85,246.02,113210,2862070560.0,5.67,2.95,7.19,4.0
669,2020-03-26,247.66,246.3,257.58,245.3,83451,2087182336.0,4.89,-1.99,-5.0,2.95
670,2020-03-27,252.5,250.07,258.2,248.0,99770,2520455200.0,4.14,1.53,3.77,3.52
671,2020-03-30,244.01,252.59,257.6,236.86,115572,2855059312.0,8.29,1.01,2.52,4.08
672,2020-03-31,256.0,242.01,256.8,242.01,101188,2506584480.0,5.86,-4.19,-10.58,3.57
673,2020-04-01,237.0,242.29,252.1,236.0,95974,2365877296.0,6.65,0.12,0.28,3.39
674,2020-04-02,242.55,266.52,266.52,242.42,156493,3986157712.0,9.95,10.0,24.23,5.53
675,2020-04-03,262.67,257.78,266.0,256.0,109759,2860226912.0,3.75,-3.28,-8.74,3.88
676,2020-04-07,270.0,264.5,272.0,262.29,99634,2662565472.0,3.77,2.61,6.72,3.52
677,2020-04-08,263.5,268.65,271.93,261.11,79146,2121391696.0,4.09,1.57,4.15,2.79
678,2020-04-09,272.0,262.15,273.65,259.4,68036,1794420240.0,5.3,-2.42,-6.5,2.4
679,2020-04-10,262.0,246.93,262.0,245.0,77963,1957418688.0,6.48,-5.81,-15.22,2.75
680,2020-04-13,242.95,236.2,247.58,232.0,66636,1592254448.0,6.31,-4.35,-10.73,2.35
681,2020-04-14,239.93,245.32,247.0,236.66,72537,1745426624.0,4.38,3.86,9.12,2.56
682,2020-04-15,246.82,255.13,265.32,243.11,106023,2705496240.0,9.05,4.0,9.81,3.74
683,2020-04-16,253.16,258.05,261.0,248.05,66832,1711725392.0,5.08,1.14,2.92,2.36
684,2020-04-17,265.05,269.0,279.0,265.05,142837,3884732848.0,5.41,4.24,10.95,5.04
685,2020-04-20,269.0,267.1,272.46,258.6,86995,2300516592.0,5.15,-0.71,-1.9,3.07
686,2020-04-21,261.94,257.02,263.5,249.2,87956,2254278944.0,5.35,-3.77,-10.08,3.11
687,2020-04-22,251.01,255.99,256.28,250.0,57125,1447441520.0,2.44,-0.4,-1.03,2.02
688,2020-04-23,256.8,251.7,258.8,251.48,54741,1391420592.0,2.86,-1.68,-4.29,1.93
689,2020-04-24,251.0,246.09,255.5,244.84,48061,1193345392.0,4.24,-2.23,-5.61,1.7
690,2020-04-27,246.04,246.0,247.9,237.6,50751,1232359392.0,4.19,-0.04,-0.09,1.79
691,2020-04-28,247.41,259.3,259.78,241.5,99719,2530240368.0,7.43,5.41,13.3,3.52
692,2020-04-29,262.96,252.56,262.97,251.0,71373,1828996016.0,4.62,-2.6,-6.74,2.52
693,2020-04-30,260.0,277.82,277.82,257.5,123861,3367841696.0,8.05,10.0,25.26,4.37
694,2020-05-06,284.99,305.6,305.6,280.11,122624,3618222416.0,9.18,10.0,27.78,4.33
695,2020-05-07,226.73,226.0,231.77,220.0,179316,4047632496.0,3.85,-26.05,-79.6,4.52
696,2020-05-08,225.01,221.01,228.58,218.01,186036,4134251376.0,4.68,-2.21,-4.99,4.69
697,2020-05-11,223.0,220.38,226.67,218.39,131250,2912914352.0,3.75,-0.29,-0.63,3.31
698,2020-05-12,221.0,217.89,221.0,209.35,154692,3327076016.0,5.29,-1.13,-2.49,3.9
699,2020-05-13,214.21,219.0,220.5,213.3,109536,2376469632.0,3.3,0.51,1.11,2.76
700,2020-05-14,217.5,214.73,220.0,214.53,109815,2378616816.0,2.5,-1.95,-4.27,2.77
701,2020-05-15,216.2,230.0,236.2,214.8,245054,5596530432.0,9.97,7.11,15.27,6.18
702,2020-05-18,231.93,216.0,238.98,215.0,265334,5984450048.0,10.43,-6.09,-14.0,6.69
703,2020-05-19,218.1,221.92,222.0,212.29,200465,4367127808.0,4.5,2.74,5.92,5.06
704,2020-05-20,218.8,216.66,224.98,214.95,142988,3132218144.0,4.52,-2.37,-5.26,3.61
705,2020-05-21,218.0,215.0,225.8,213.88,153637,3373253568.0,5.5,-0.77,-1.66,3.88
706,2020-05-22,213.0,205.0,217.01,202.0,152773,3173795280.0,6.98,-4.65,-10.0,3.85
707,2020-05-25,201.64,199.0,206.49,195.48,114777,2295538336.0,5.37,-2.93,-6.0,2.89
708,2020-05-26,200.3,202.95,206.77,200.3,96041,1957352752.0,3.25,1.98,3.95,2.42
709,2020-05-27,201.8,195.0,202.7,193.9,101148,1989721008.0,4.34,-3.92,-7.95,2.55
710,2020-05-28,195.0,196.49,198.89,191.15,92845,1808160448.0,3.97,0.76,1.49,2.34
711,2020-05-29,194.0,193.39,196.49,191.27,78409,1519276960.0,2.66,-1.58,-3.1,1.98
712,2020-06-01,197.01,206.3,209.45,196.0,145853,2960344480.0,6.95,6.68,12.91,3.68
713,2020-06-02,207.1,207.6,208.77,204.18,86643,1789178656.0,2.22,0.63,1.3,2.18
714,2020-06-03,207.6,207.6,214.5,203.03,119598,2494046320.0,5.53,0.0,0.0,3.02
715,2020-06-04,208.0,205.66,210.0,205.0,58687,1212822208.0,2.41,-0.93,-1.94,1.48
716,2020-06-05,218.0,226.23,226.23,216.0,238050,5301265152.0,4.97,10.0,20.57,6.0
717,2020-06-08,226.23,223.51,229.3,222.66,161631,3657879440.0,2.94,-1.2,-2.72,4.08
718,2020-06-09,225.0,226.98,229.91,222.11,110619,2513571840.0,3.49,1.55,3.47,2.79
719,2020-06-10,225.75,234.29,237.88,224.43,134733,3121742368.0,5.93,3.22,7.31,3.4
720,2020-06-11,234.97,227.9,236.5,225.52,140744,3247670080.0,4.69,-2.73,-6.39,3.55
721,2020-06-12,220.99,230.03,233.39,219.3,149659,3397943440.0,6.18,0.93,2.13,3.77
722,2020-06-15,220.0,215.21,221.96,215.01,167338,3651692672.0,3.02,-6.44,-14.82,4.22
723,2020-06-16,218.29,217.52,219.5,214.12,91516,1985914304.0,2.5,1.07,2.31,2.31
724,2020-06-17,217.0,215.2,217.6,212.45,71146,1526523040.0,2.37,-1.07,-2.32,1.79
725,2020-06-18,214.3,221.31,223.0,213.5,117697,2584407440.0,4.41,2.84,6.11,2.97
726,2020-06-19,222.1,226.3,232.1,219.03,121292,2741262976.0,5.91,2.25,4.99,3.06
727,2020-06-22,229.8,236.45,241.6,229.6,159858,3748986624.0,5.3,4.49,10.15,4.01
728,2020-06-23,237.0,237.28,239.59,230.8,122137,2878675664.0,3.72,0.35,0.83,3.06
729,2020-06-24,238.01,244.07,247.0,236.0,135192,3270036096.0,4.64,2.86,6.79,3.39
730,2020-06-29,240.9,233.78,242.5,230.2,146673,3450274304.0,5.04,-4.22,-10.29,3.68
731,2020-06-30,234.89,235.91,238.64,233.5,114263,2699172672.0,2.2,0.91,2.13,2.87
732,2020-07-01,235.5,237.12,244.42,231.2,128602,3067773792.0,5.6,0.51,1.21,3.23
733,2020-07-02,237.0,238.35,241.88,232.8,120309,2857048112.0,3.83,0.52,1.23,3.02
734,2020-07-03,238.3,234.41,238.88,230.33,141349,3304280144.0,3.59,-1.65,-3.94,3.55
735,2020-07-06,234.4,257.85,257.85,234.35,218392,5472891904.0,10.03,10.0,23.44,5.48
736,2020-07-07,266.1,266.12,282.0,266.1,220617,6014457344.0,6.17,3.21,8.27,5.53
737,2020-07-08,266.0,268.5,270.0,257.89,179081,4749422336.0,4.55,0.89,2.38,4.49
738,2020-07-09,267.0,276.91,281.83,265.0,179889,4952219648.0,6.27,3.13,8.41,4.51
739,2020-07-10,272.13,273.8,281.0,270.0,143922,3944837888.0,3.97,-1.12,-3.11,3.61
740,2020-07-13,272.02,274.0,277.25,263.89,183720,4956273920.0,4.88,0.07,0.2,4.61
741,2020-07-14,273.49,288.9,295.0,272.9,237714,6763309568.0,8.07,5.44,14.9,5.96
742,2020-07-15,287.9,270.0,288.8,266.81,218213,5980219392.0,7.61,-6.54,-18.9,5.47
743,2020-07-16,267.0,243.0,269.99,243.0,202151,5109736192.0,10.0,-10.0,-27.0,5.07
744,2020-07-17,239.89,232.9,245.05,230.01,162812,3829262192.0,6.19,-4.16,-10.1,4.08
745,2020-07-20,237.0,240.19,240.25,224.7,127488,2979272992.0,6.68,3.13,7.29,3.2
746,2020-07-21,238.0,241.3,242.9,235.71,104935,2513253328.0,2.99,0.46,1.11,2.63
747,2020-07-22,241.02,242.53,249.3,238.1,99364,2432731136.0,4.64,0.51,1.23,2.49
748,2020-07-23,238.68,239.89,242.0,232.07,100887,2403956704.0,4.09,-1.09,-2.64,2.53
749,2020-07-24,237.32,225.59,244.8,225.03,118969,2782247312.0,8.24,-5.96,-14.3,2.98
750,2020-07-27,227.84,224.68,232.49,220.0,98603,2235266448.0,5.54,-0.4,-0.91,2.47
751,2020-07-28,228.0,225.01,228.99,224.46,68487,1551022224.0,2.02,0.15,0.33,1.72
752,2020-07-29,227.7,233.96,234.42,225.42,104480,2412115248.0,4.0,3.98,8.95,2.62
753,2020-07-30,238.0,229.66,238.96,228.5,86595,2001940608.0,4.47,-1.84,-4.3,2.17
754,2020-07-31,228.0,231.5,235.36,226.88,107232,2476065968.0,3.69,0.8,1.84,2.69
755,2020-08-03,234.11,232.55,234.98,226.01,156370,3596482864.0,3.87,0.45,1.05,3.92
756,2020-08-04,233.0,233.9,238.32,230.09,126155,2954594880.0,3.54,0.58,1.35,3.17
757,2020-08-05,246.99,236.3,247.0,236.3,138382,3327229744.0,4.57,1.03,2.4,3.47
758,2020-08-06,233.5,230.15,235.0,229.01,97028,2242546944.0,2.53,-2.6,-6.15,2.43
759,2020-08-07,228.96,220.89,231.0,215.88,112597,2508567280.0,6.57,-4.02,-9.26,2.7
760,2020-08-10,218.0,218.04,220.4,213.0,96576,2094251632.0,3.35,-1.29,-2.85,2.32
761,2020-08-11,221.0,215.66,225.0,215.0,72021,1585720960.0,4.59,-1.09,-2.38,1.73
762,2020-08-12,215.6,211.5,217.0,205.59,103674,2180287104.0,5.29,-1.93,-4.16,2.49
763,2020-08-13,213.63,210.63,214.2,209.0,51631,1089570592.0,2.46,-0.41,-0.87,1.24
764,2020-08-14,210.62,212.1,212.68,208.46,45765,965291760.0,2.0,0.7,1.47,1.1
765,2020-08-17,212.7,214.99,215.0,210.0,78564,1668791152.0,2.36,1.36,2.89,1.89
766,2020-08-18,215.0,213.98,216.36,210.5,73699,1572073360.0,2.73,-0.47,-1.01,1.77
767,2020-08-19,212.76,206.85,212.8,206.51,61263,1282062272.0,2.94,-3.33,-7.13,1.47
768,2020-08-20,204.82,205.9,208.86,203.0,49060,1008980000.0,2.83,-0.46,-0.95,1.18
769,2020-08-21,208.56,205.8,209.88,202.5,65583,1345817936.0,3.58,-0.05,-0.1,1.57
770,2020-08-24,205.19,205.89,207.08,198.8,70733,1441622208.0,4.02,0.04,0.09,1.7
771,2020-08-25,207.0,205.8,208.7,203.28,59307,1220192848.0,2.63,-0.04,-0.09,1.42
772,2020-08-26,202.0,191.27,202.0,191.22,147808,2886328416.0,5.24,-7.06,-14.53,3.55
773,2020-08-27,189.9,192.89,195.1,186.05,93024,1777184528.0,4.73,0.85,1.62,2.23
774,2020-08-28,192.9,196.92,197.5,190.45,74614,1448577488.0,3.65,2.09,4.03,1.79
775,2020-08-31,199.0,199.53,207.77,199.0,104613,2124430976.0,4.45,1.33,2.61,2.51
776,2020-09-01,200.05,199.83,201.0,196.22,48551,964651888.0,2.4,0.15,0.3,1.17
777,2020-09-02,199.95,196.92,200.16,196.54,45452,897912912.0,1.81,-1.46,-2.91,1.09
778,2020-09-03,196.59,202.47,202.8,193.22,82509,1641684464.0,4.86,2.82,5.55,1.98
779,2020-09-04,199.0,204.06,206.59,198.35,99367,2026159488.0,4.07,0.79,1.59,2.38
780,2020-09-07,197.99,185.51,197.99,183.77,164871,3141317424.0,6.97,-9.09,-18.55,3.95
781,2020-09-08,184.44,185.78,186.91,182.1,57692,1067104032.0,2.59,0.15,0.27,1.38
782,2020-09-09,183.4,176.0,183.49,175.55,90396,1615171408.0,4.27,-5.26,-9.78,2.17
783,2020-09-10,178.87,174.5,181.01,173.76,61653,1095896816.0,4.12,-0.85,-1.5,1.48
784,2020-09-11,175.99,178.9,179.59,174.4,59666,1059771856.0,2.97,2.52,4.4,1.43
785,2020-09-14,180.5,178.03,182.2,176.8,56010,1003911968.0,3.02,-0.49,-0.87,1.34
786,2020-09-15,176.88,180.5,184.6,174.4,81268,1456973744.0,5.73,1.39,2.47,1.95
787,2020-09-16,179.88,178.78,182.74,178.1,51786,933625488.0,2.57,-0.95,-1.72,1.24
788,2020-09-17,178.5,180.75,183.2,175.0,77929,1400727216.0,4.59,1.1,1.97,1.87
789,2020-09-18,180.06,182.8,183.33,178.79,62130,1126338368.0,2.51,1.13,2.05,1.49
790,2020-09-21,184.0,179.32,184.88,179.12,54391,988635056.0,3.15,-1.9,-3.48,1.3
791,2020-09-22,176.71,177.0,180.8,176.22,40281,717891728.0,2.55,-1.29,-2.32,0.96
792,2020-09-23,178.0,182.7,183.0,177.88,79873,1450973360.0,2.89,3.22,5.7,1.91
793,2020-09-24,180.5,180.4,182.5,179.42,48159,871336928.0,1.69,-1.26,-2.3,1.15
794,2020-09-25,182.49,178.5,182.5,177.49,40151,719132784.0,2.78,-1.05,-1.9,0.96
795,2020-09-28,177.0,174.0,177.5,173.5,53723,938452448.0,2.24,-2.52,-4.5,1.29
796,2020-09-29,174.95,174.25,177.18,173.9,44110,773652528.0,1.89,0.14,0.25,1.06
797,2020-09-30,175.0,173.11,175.5,173.05,35911,625301280.0,1.41,-0.65,-1.14,0.86
798,2020-10-09,176.0,179.82,179.99,175.3,65512,1166228160.0,2.71,3.88,6.71,1.57
799,2020-10-12,181.7,187.47,187.58,180.5,93434,1722134640.0,3.94,4.25,7.65,2.24
800,2020-10-13,187.95,185.96,187.98,184.11,58572,1087448368.0,2.06,-0.81,-1.51,1.4
801,2020-10-14,185.33,184.24,185.66,182.28,46081,847378784.0,1.82,-0.92,-1.72,1.1
802,2020-10-15,184.69,185.57,191.88,184.6,84130,1579401312.0,3.95,0.72,1.33,2.01
803,2020-10-16,187.0,183.53,188.0,182.0,46348,852813360.0,3.23,-1.1,-2.04,1.11
804,2020-10-19,184.0,181.29,184.88,181.07,33959,621516256.0,2.08,-1.22,-2.24,0.81
805,2020-10-20,181.0,181.71,181.95,177.81,33821,608923440.0,2.28,0.23,0.42,0.81
806,2020-10-21,182.0,177.65,182.0,177.5,37200,665005536.0,2.48,-2.23,-4.06,0.89
807,2020-10-22,177.61,180.32,181.5,175.63,37563,674671952.0,3.3,1.5,2.67,0.9
808,2020-10-23,179.9,177.04,180.8,177.0,30641,547104320.0,2.11,-1.82,-3.28,0.73
809,2020-10-26,175.0,174.98,177.99,174.1,28498,500730688.0,2.2,-1.16,-2.06,0.68
810,2020-10-27,174.0,177.64,177.99,173.52,27646,487614944.0,2.55,1.52,2.66,0.66
811,2020-10-28,178.64,181.15,181.78,175.06,40475,725180720.0,3.78,1.98,3.51,0.97
812,2020-10-29,178.12,177.0,179.85,175.0,43307,766954128.0,2.68,-2.29,-4.15,1.04
813,2020-10-30,181.0,194.7,194.7,181.0,236364,4532121600.0,7.74,10.0,17.7,5.66
814,2020-11-02,197.0,205.6,207.67,192.0,227854,4545932288.0,8.05,5.6,10.9,5.45
815,2020-11-03,206.0,203.3,207.38,200.22,139190,2834822304.0,3.48,-1.12,-2.3,3.33
816,2020-11-04,204.0,205.0,208.8,202.03,102629,2104717568.0,3.33,0.84,1.7,2.46
817,2020-11-05,209.18,206.8,210.05,202.68,94249,1940653184.0,3.6,0.88,1.8,2.26
818,2020-11-06,208.0,212.16,212.2,202.0,126017,2611087616.0,4.93,2.59,5.36,3.02
819,2020-11-09,216.0,225.09,233.37,216.0,211920,4774863104.0,8.19,6.09,12.93,5.07
820,2020-11-10,222.0,216.44,223.48,215.06,114560,2511785824.0,3.74,-3.84,-8.65,2.74
821,2020-11-11,213.0,202.01,214.88,201.12,128431,2655407184.0,6.36,-6.67,-14.43,3.07
822,2020-11-12,206.31,203.4,206.44,200.92,56191,1145081664.0,2.73,0.69,1.39,1.34
823,2020-11-13,201.02,207.15,209.3,200.35,75712,1560513296.0,4.4,1.84,3.75,1.81
824,2020-11-16,205.25,200.5,206.99,197.73,89200,1803586112.0,4.47,-3.21,-6.65,2.13
825,2020-11-17,200.0,214.64,215.85,194.0,153372,3130975312.0,10.9,7.05,14.14,3.67
826,2020-11-18,211.0,210.8,215.77,208.8,122902,2606856176.0,3.25,-1.79,-3.84,2.94
827,2020-11-19,209.0,212.0,218.28,208.72,103904,2223630448.0,4.54,0.57,1.2,2.49
828,2020-11-20,211.42,207.6,213.58,206.66,79810,1672798256.0,3.26,-2.08,-4.4,1.91
829,2020-11-23,207.0,210.61,214.5,206.18,95960,2022031376.0,4.01,1.45,3.01,2.3
830,2020-11-24,212.0,210.6,215.0,209.0,93762,1990913232.0,2.85,0.0,-0.01,2.24
831,2020-11-25,210.0,205.8,210.88,204.5,79418,1648425168.0,3.03,-2.28,-4.8,1.9
832,2020-11-26,205.8,201.76,207.55,201.49,57958,1186318608.0,2.94,-1.96,-4.04,1.39
833,2020-11-27,201.01,203.59,205.0,198.89,56140,1138876608.0,3.03,0.91,1.83,1.34
834,2020-11-30,205.1,206.59,211.58,201.05,106232,2205689968.0,5.17,1.47,3.0,2.54
835,2020-12-01,206.49,207.07,208.48,204.57,66434,1368525872.0,1.89,0.23,0.48,1.59
836,2020-12-02,209.28,215.09,217.75,209.2,185701,3984964272.0,4.13,3.87,8.02,4.44
837,2020-12-03,214.97,212.98,217.5,211.03,99942,2140040768.0,3.01,-0.98,-2.11,2.28
838,2020-12-04,215.01,216.5,217.49,213.01,86797,1872580544.0,2.1,1.65,3.52,1.98
839,2020-12-07,224.03,214.0,225.3,213.48,122061,2660244480.0,5.46,-1.15,-2.5,2.78
840,2020-12-08,213.0,213.5,215.88,211.52,57434,1230886624.0,2.04,-0.23,-0.5,1.31
841,2020-12-09,212.8,207.26,214.29,206.68,73850,1554380400.0,3.56,-2.92,-6.24,1.68
842,2020-12-10,206.6,209.9,212.0,204.1,84484,1765943904.0,3.81,1.27,2.64,1.92
843,2020-12-11,210.53,200.5,210.53,200.1,154346,3130747520.0,4.97,-4.48,-9.4,3.51
844,2020-12-14,201.2,205.59,205.76,199.51,89474,1817387120.0,3.12,2.54,5.09,2.04
845,2020-12-15,205.6,204.9,207.57,202.0,66423,1360052752.0,2.71,-0.34,-0.69,1.51
846,2020-12-16,203.8,203.01,206.23,202.0,46132,938003648.0,2.06,-0.92,-1.89,1.05
847,2020-12-17,202.49,205.31,206.5,201.02,50582,1031634560.0,2.7,1.13,2.3,1.15
848,2020-12-18,208.4,201.9,209.5,201.0,77880,1589617280.0,4.14,-1.66,-3.41,1.77
849,2020-12-21,196.98,200.19,201.93,190.0,104450,2055974880.0,5.91,-0.85,-1.71,2.38
850,2020-12-22,196.1,193.5,199.8,193.5,78422,1536970560.0,3.15,-3.34,-6.69,1.79
851,2020-12-23,193.5,194.49,195.99,190.97,84865,1639297344.0,2.59,0.51,0.99,1.93
852,2020-12-24,194.5,189.0,196.88,185.5,100301,1906952608.0,5.85,-2.82,-5.49,2.28
853,2020-12-25,188.15,183.13,188.2,182.5,87944,1622280032.0,3.02,-3.11,-5.87,2.0
854,2020-12-28,183.01,184.25,186.68,180.51,65468,1203506816.0,3.37,0.61,1.12,1.49
855,2020-12-29,185.55,193.81,199.8,185.15,143991,2802131696.0,7.95,5.19,9.56,3.28
856,2020-12-30,191.88,195.22,196.61,188.13,101169,1943508032.0,4.38,0.73,1.41,2.3
857,2020-12-31,197.48,197.5,199.5,194.6,82932,1637645760.0,2.51,1.17,2.28,1.89
858,2021-01-04,197.99,198.62,200.98,194.6,90191,1783610464.0,3.23,0.57,1.12,2.05
859,2021-01-05,195.45,208.9,209.63,195.0,165508,3378792592.0,7.37,5.18,10.28,3.77
860,2021-01-06,211.33,203.72,212.2,201.05,128545,2635813360.0,5.34,-2.48,-5.18,2.93
861,2021-01-07,202.5,200.55,203.51,196.6,103619,2067657216.0,3.39,-1.56,-3.17,2.36
862,2021-01-08,200.8,202.56,204.18,196.72,94136,1889970592.0,3.72,1.0,2.01,2.14
863,2021-01-11,208.0,204.19,214.2,203.01,160179,3348726000.0,5.52,0.8,1.63,3.65
864,2021-01-12,201.55,206.14,206.48,196.41,131986,2668396592.0,4.93,0.95,1.95,3.01
865,2021-01-13,207.97,215.13,215.2,204.24,233915,4946431232.0,5.32,4.36,8.99,5.33
866,2021-01-14,217.91,219.42,223.1,210.4,277179,6045610752.0,5.9,1.99,4.29,6.31
867,2021-01-15,217.6,214.8,221.47,209.28,165420,3559529152.0,5.56,-2.11,-4.62,3.77
868,2021-01-18,212.12,224.63,228.5,208.12,220017,4857506304.0,9.49,4.58,9.83,5.01
869,2021-01-19,224.89,225.0,229.5,221.13,154155,3472744784.0,3.73,0.16,0.37,3.51
870,2021-01-20,225.08,225.5,227.59,223.1,109272,2461157392.0,2.0,0.22,0.5,2.49
871,2021-01-21,227.0,218.05,227.0,216.21,150883,3322048576.0,4.78,-3.3,-7.45,3.44
872,2021-01-22,217.0,209.68,218.0,207.58,190509,4023867856.0,4.78,-3.84,-8.37,4.34
873,2021-01-25,198.97,202.07,206.57,193.33,219741,4405140224.0,6.31,-3.63,-7.61,5.0
874,2021-01-26,200.1,195.71,205.2,195.63,104485,2083068864.0,4.74,-3.15,-6.36,2.38
875,2021-01-27,197.0,190.68,197.2,188.16,113042,2170521520.0,4.62,-2.57,-5.03,2.57
876,2021-01-28,188.0,186.3,192.93,185.77,80241,1509923808.0,3.75,-2.3,-4.38,1.83
877,2021-01-29,187.39,182.0,188.5,180.6,96537,1777024368.0,4.24,-2.31,-4.3,2.2
878,2021-02-01,181.0,184.36,184.97,180.7,58085,1065677648.0,2.35,1.3,2.36,1.32
879,2021-02-02,185.0,189.55,191.65,184.98,74304,1402913760.0,3.62,2.82,5.19,1.69
880,2021-02-03,188.29,182.0,189.35,182.0,78530,1456916864.0,3.88,-3.98,-7.55,1.79
881,2021-02-04,180.01,185.97,187.5,169.0,157699,2791349776.0,10.16,2.18,3.97,3.59
882,2021-02-05,183.0,175.7,183.89,175.0,87970,1583222208.0,4.78,-5.52,-10.27,2.0
883,2021-02-08,175.7,179.07,182.22,175.66,62653,1125575344.0,3.73,1.92,3.37,1.43
884,2021-02-09,180.18,183.66,183.77,178.0,59910,1090666208.0,3.22,2.56,4.59,1.36
885,2021-02-10,184.8,183.82,184.8,181.68,48575,892208832.0,1.7,0.09,0.16,1.11
886,2021-02-18,187.6,189.07,193.48,185.95,91185,1731918064.0,4.1,2.86,5.25,2.08
887,2021-02-19,188.8,195.91,196.58,187.05,104555,2035806672.0,5.04,3.62,6.84,2.38
888,2021-02-22,193.01,188.0,195.4,188.0,82565,1579426976.0,3.78,-4.04,-7.91,1.88
889,2021-02-23,186.0,183.2,186.3,180.68,58969,1083769888.0,2.99,-2.55,-4.8,1.34
890,2021-02-24,184.0,194.33,200.0,183.5,172626,3367385840.0,9.01,6.08,11.13,3.93
891,2021-02-25,195.88,196.41,199.85,192.47,100700,1981982512.0,3.8,1.07,2.08,2.29
892,2021-02-26,192.42,192.5,200.49,189.32,100893,1971334496.0,5.69,-1.99,-3.91,2.3
893,2021-03-01,196.0,202.8,204.48,193.5,128747,2572147424.0,5.7,5.35,10.3,2.93
894,2021-03-02,204.52,204.66,206.37,200.52,123075,2502063056.0,2.88,0.92,1.86,2.8
895,2021-03-03,202.98,199.0,202.98,195.11,94016,1860299152.0,3.85,-2.77,-5.66,2.14
896,2021-03-04,197.15,194.01,200.71,192.52,61634,1205115360.0,4.12,-2.51,-4.99,1.4
897,2021-03-05,191.0,194.78,197.49,190.12,53006,1031591632.0,3.8,0.4,0.77,1.21
898,2021-03-08,195.0,181.0,195.5,181.0,82447,1549282720.0,7.44,-7.07,-13.78,1.88
899,2021-03-09,178.8,173.42,180.98,171.01,91614,1607165600.0,5.51,-4.19,-7.58,2.09
900,2021-03-10,175.5,171.06,176.58,170.9,52385,905960688.0,3.28,-1.36,-2.36,1.19
901,2021-03-11,171.07,173.74,178.0,168.38,70355,1219410464.0,5.62,1.57,2.68,1.6
902,2021-03-12,173.95,169.0,174.0,168.61,57117,974135120.0,3.1,-2.73,-4.74,1.3
903,2021-03-15,168.0,153.37,168.0,152.1,132166,2075104352.0,9.41,-9.25,-15.63,3.01
904,2021-03-16,155.0,155.52,157.09,147.03,96949,1482431056.0,6.56,1.4,2.15,2.21
905,2021-03-17,155.52,168.88,170.05,153.53,113409,1855048256.0,10.62,8.59,13.36,2.58
906,2021-03-18,169.99,166.8,170.48,165.22,51322,857564688.0,3.11,-1.23,-2.08,1.17
907,2021-03-19,163.18,170.0,175.7,160.79,86883,1476825136.0,8.94,1.92,3.2,1.98
908,2021-03-22,170.0,169.52,172.63,166.71,40546,686148864.0,3.48,-0.28,-0.48,0.92
909,2021-03-23,170.66,168.2,174.6,167.58,48237,822072592.0,4.14,-0.78,-1.32,1.1
910,2021-03-24,167.0,166.96,169.6,164.46,41668,693001408.0,3.06,-0.74,-1.24,0.95
911,2021-03-25,165.0,169.74,173.43,164.5,46576,794033712.0,5.35,1.67,2.78,1.06
912,2021-03-26,169.72,170.93,173.3,167.3,55973,954949056.0,3.53,0.7,1.19,1.27
913,2021-03-29,172.12,172.35,176.69,170.7,68352,1184436080.0,3.5,0.83,1.42,1.56
914,2021-03-30,172.0,169.11,173.5,168.2,56478,960759472.0,3.08,-1.88,-3.24,1.29
915,2021-03-31,169.6,170.88,171.38,167.52,42515,723183312.0,2.28,1.05,1.77,0.97
916,2021-04-01,171.5,175.03,176.64,170.88,69045,1207182912.0,3.37,2.43,4.15,1.57
917,2021-04-02,177.88,182.51,184.77,177.88,96140,1754913680.0,3.94,4.27,7.48,2.19
918,2021-04-06,184.61,180.05,184.99,180.0,45457,826840064.0,2.73,-1.35,-2.46,1.04
919,2021-04-07,178.86,182.22,182.43,175.12,62060,1112832784.0,4.06,1.21,2.17,1.41
920,2021-04-08,180.33,182.2,183.94,179.42,41391,752163024.0,2.48,-0.01,-0.02,0.94
921,2021-04-09,182.2,182.0,185.22,181.4,44972,822099312.0,2.1,-0.11,-0.2,1.02
922,2021-04-12,178.68,183.9,187.07,176.22,75211,1379430768.0,5.96,1.04,1.9,1.71
923,2021-04-13,183.29,180.3,185.98,179.33,49624,906183824.0,3.62,-1.96,-3.6,1.13
924,2021-04-14,179.0,182.71,185.48,178.85,41372,757657840.0,3.68,1.34,2.41,0.94
925,2021-04-15,182.2,181.1,183.6,176.75,45099,810582976.0,3.75,-0.88,-1.61,1.03
926,2021-04-16,181.13,174.0,182.48,173.98,61823,1090649008.0,4.69,-3.92,-7.1,1.41
927,2021-04-19,167.5,170.6,173.5,159.5,140934,2368471536.0,8.05,-1.95,-3.4,3.21
928,2021-04-20,170.0,171.8,175.6,169.05,78918,1359401888.0,3.84,0.7,1.2,1.8
929,2021-04-21,170.66,170.36,172.82,168.75,48918,833088000.0,2.37,-0.84,-1.44,1.11
930,2021-04-22,170.4,170.7,173.36,169.5,45271,774390784.0,2.27,0.2,0.34,1.03
931,2021-04-23,172.0,175.07,175.36,171.0,54772,950795376.0,2.55,2.56,4.37,1.25
932,2021-04-26,176.88,184.05,189.5,176.0,102763,1891281040.0,7.71,5.13,8.98,2.34
933,2021-04-27,184.5,185.99,186.61,180.99,61595,1134151600.0,3.05,1.05,1.94,1.4
934,2021-04-28,193.0,195.77,196.48,184.2,128415,2475951088.0,6.6,5.26,9.78,2.92
935,2021-04-29,196.5,193.8,202.18,193.4,82823,1627033008.0,4.48,-1.01,-1.97,1.89
936,2021-04-30,193.8,193.23,197.0,193.01,55172,1074913936.0,2.06,-0.29,-0.57,1.26
937,2021-05-06,192.35,187.38,194.87,187.0,64574,1227498304.0,4.07,-3.03,-5.85,1.47
938,2021-05-07,189.57,177.95,191.58,177.8,85796,1576990544.0,7.35,-5.03,-9.43,1.95
939,2021-05-10,177.95,169.46,177.95,168.06,100435,1728216752.0,5.56,-4.77,-8.49,2.29
940,2021-05-11,169.45,166.05,170.19,164.02,73710,1224862880.0,3.64,-2.01,-3.41,1.68
941,2021-05-12,165.8,170.01,170.01,165.0,82313,1376585424.0,3.02,2.38,3.96,1.87
942,2021-05-13,167.5,167.4,169.92,166.01,57338,961077552.0,2.3,-1.54,-2.61,1.31
943,2021-05-14,169.0,171.89,172.5,163.41,82960,1402684544.0,5.43,2.68,4.49,1.89
944,2021-05-17,173.0,174.1,176.77,171.96,72848,1271455376.0,2.8,1.29,2.21,1.66
945,2021-05-18,172.06,172.96,173.23,170.13,42726,734166672.0,1.78,-0.65,-1.14,0.97
946,2021-05-19,172.34,175.2,176.09,171.96,49728,868351072.0,2.39,1.3,2.24,1.13
947,2021-05-20,175.0,173.96,175.03,170.3,74424,1284579216.0,2.7,-0.71,-1.24,1.69
948,2021-05-21,123.87,121.8,128.0,121.1,84184,1039716048.0,3.97,-29.98,-52.16,1.37
949,2021-05-24,119.03,119.72,120.33,115.05,148225,1739150528.0,4.33,-1.71,-2.08,2.41
950,2021-05-25,120.47,130.35,131.15,120.47,227813,2909162608.0,8.92,8.88,10.63,3.7
951,2021-05-26,131.9,129.6,131.9,129.04,109400,1423317312.0,2.19,-0.58,-0.75,1.78
952,2021-05-27,130.25,133.88,136.56,129.99,182662,2440215168.0,5.07,3.3,4.28,2.97
953,2021-05-28,133.31,133.5,137.07,131.0,159603,2149748560.0,4.53,-0.28,-0.38,2.59
954,2021-05-31,136.1,135.27,140.91,133.79,166036,2274628976.0,5.33,1.33,1.77,2.7
955,2021-06-01,135.27,136.08,138.66,131.21,141092,1913235456.0,5.51,0.6,0.81,2.29
956,2021-06-02,139.6,138.33,142.0,137.72,186072,2598105376.0,3.15,1.65,2.25,3.03
957,2021-06-03,137.82,138.0,139.85,132.72,142432,1945049600.0,5.15,-0.24,-0.33,2.32
958,2021-06-04,137.98,142.62,143.89,137.01,188499,2681689216.0,4.99,3.35,4.62,3.06
959,2021-06-07,145.74,143.89,146.88,142.25,206976,2993133024.0,3.25,0.89,1.27,3.37
960,2021-06-08,144.88,140.19,144.98,139.41,129188,1830388208.0,3.87,-2.57,-3.7,2.1
961,2021-06-09,139.41,140.69,142.66,138.95,97426,1371762064.0,2.65,0.36,0.5,1.58
962,2021-06-10,140.39,141.6,142.1,139.5,108998,1536079680.0,1.85,0.65,0.91,1.77
963,2021-06-11,142.2,141.0,142.8,140.0,113197,1600760624.0,1.98,-0.42,-0.6,1.84
964,2021-06-15,141.0,137.87,145.25,137.0,153919,2172712528.0,5.85,-2.22,-3.13,2.5
965,2021-06-16,139.37,135.27,143.56,134.98,179991,2512973680.0,6.22,-1.89,-2.6,2.93
966,2021-06-17,136.35,148.8,148.8,136.33,254915,3687783408.0,9.22,10.0,13.53,4.14
967,2021-06-18,153.0,158.0,159.98,152.62,376808,5906923008.0,4.95,6.18,9.2,6.13
968,2021-06-21,158.0,158.88,161.88,154.9,218855,3467787728.0,4.42,0.56,0.88,3.56
969,2021-06-22,159.99,165.26,167.0,156.39,256650,4181929504.0,6.68,4.02,6.38,4.17
970,2021-06-23,163.09,173.15,179.5,162.03,328876,5637711360.0,10.57,4.77,7.89,5.35
971,2021-06-24,171.5,172.94,174.89,168.15,184935,3172958144.0,3.89,-0.12,-0.21,3.01
972,2021-06-25,172.0,171.0,174.5,165.01,183341,3104244064.0,5.49,-1.12,-1.94,2.98
973,2021-06-28,171.0,178.58,182.9,170.87,199823,3544923616.0,7.04,4.43,7.58,3.25
974,2021-06-29,179.0,174.75,180.0,172.9,141281,2477956368.0,3.98,-2.14,-3.83,2.3
975,2021-06-30,177.3,187.9,188.43,177.01,225236,4150653744.0,6.54,7.53,13.15,3.66
976,2021-07-01,186.95,184.68,191.74,183.17,179191,3348386512.0,4.56,-1.71,-3.22,2.91
977,2021-07-02,180.53,178.29,184.66,176.8,208713,3758178912.0,4.26,-3.46,-6.39,3.39
978,2021-07-05,181.86,191.28,192.55,180.0,233741,4382840576.0,7.04,7.29,12.99,3.8
979,2021-07-06,190.0,178.8,190.0,173.0,288463,5213186048.0,8.89,-6.52,-12.48,4.69
980,2021-07-07,174.4,182.9,184.34,170.99,217123,3880827008.0,7.47,2.29,4.1,3.53
981,2021-07-08,183.0,191.19,195.64,182.55,227413,4323217920.0,7.16,4.53,8.29,3.7
982,2021-07-09,190.0,189.0,193.99,183.65,153031,2876226464.0,5.41,-1.15,-2.19,2.49
983,2021-07-12,193.2,192.0,195.7,186.36,202501,3878642720.0,4.94,1.59,3.0,3.29
984,2021-07-13,190.0,178.69,192.4,175.0,251374,4553826048.0,9.06,-6.93,-13.31,4.09
985,2021-07-14,178.6,174.9,181.58,174.0,148450,2627656496.0,4.24,-2.12,-3.79,2.41
986,2021-07-15,175.01,173.83,175.8,167.0,164890,2826148320.0,5.03,-0.61,-1.07,2.68
987,2021-07-16,173.95,167.55,180.32,166.88,183390,3157184160.0,7.73,-3.61,-6.28,2.98
988,2021-07-19,165.0,171.18,172.87,164.0,124030,2105297744.0,5.29,2.17,3.63,2.02
989,2021-07-20,169.87,172.8,174.67,167.0,110048,1889720352.0,4.48,0.95,1.62,1.79
990,2021-07-21,174.0,184.04,185.93,172.06,234316,4250964400.0,8.03,6.5,11.24,3.81
991,2021-07-22,183.98,189.69,192.88,180.38,187591,3499809344.0,6.79,3.07,5.65,3.05
992,2021-07-23,188.98,196.01,200.5,188.0,206101,4042972896.0,6.59,3.33,6.32,3.35
993,2021-07-26,196.23,200.56,204.5,191.75,248686,4922162944.0,6.5,2.32,4.55,4.04
994,2021-07-27,205.0,205.62,220.62,204.07,404149,8595105024.0,8.25,2.52,5.06,6.57
995,2021-07-28,201.88,201.89,212.01,189.98,284032,5711972352.0,10.71,-1.81,-3.73,4.62
996,2021-07-29,207.5,214.91,220.0,202.0,265776,5647293184.0,8.92,6.45,13.02,4.32
997,2021-07-30,212.1,230.05,235.13,210.2,272195,6133918208.0,11.6,7.04,15.14,4.42
998,2021-08-02,228.0,220.0,228.7,208.99,268079,5875047936.0,8.57,-4.37,-10.05,4.36
999,2021-08-03,215.0,198.0,215.0,198.0,216506,4428622336.0,7.73,-10.0,-22.0,3.52
1000,2021-08-04,197.0,201.35,204.99,192.01,310349,6168513024.0,6.56,1.69,3.35,5.04
1001,2021-08-05,199.0,198.56,206.0,195.01,185863,3728151872.0,5.46,-1.39,-2.79,3.02
1002,2021-08-06,202.37,196.0,206.74,191.01,195676,3846655104.0,7.92,-1.29,-2.56,3.18
1003,2021-08-09,192.01,189.74,192.01,180.5,203342,3787248112.0,5.87,-3.19,-6.26,3.31
1004,2021-08-10,189.75,182.89,191.15,178.01,234413,4293110512.0,6.93,-3.61,-6.85,3.81
1005,2021-08-11,183.3,186.01,187.97,181.51,166402,3078351136.0,3.53,1.71,3.12,2.7
1006,2021-08-12,184.51,188.27,194.5,183.89,168971,3205513872.0,5.7,1.21,2.26,2.75
1007,2021-08-13,182.5,172.41,183.99,171.48,330271,5795320320.0,6.64,-8.42,-15.86,5.37
1008,2021-08-16,172.0,174.5,179.63,167.83,260084,4528396544.0,6.84,1.21,2.09,4.23
1009,2021-08-17,174.51,163.72,175.54,163.23,252562,4231440928.0,7.05,-6.18,-10.78,4.11
1010,2021-08-18,167.46,166.8,168.0,163.0,146534,2430719728.0,3.05,1.88,3.08,2.38
1011,2021-08-19,166.8,167.02,170.7,164.0,151745,2548541840.0,4.02,0.13,0.22,2.47
1012,2021-08-20,168.0,168.09,171.18,163.15,154480,2589019824.0,4.81,0.64,1.07,2.51
1013,2021-08-23,169.9,165.75,171.1,164.73,189755,3176950464.0,3.79,-1.39,-2.34,3.08
1014,2021-08-24,166.78,178.58,179.45,165.95,253354,4421556992.0,8.14,7.74,12.83,4.12
1015,2021-08-25,178.58,171.35,178.68,166.5,248274,4220490160.0,6.82,-4.05,-7.23,4.04
1016,2021-08-26,169.0,168.0,176.39,167.07,168923,2887304960.0,5.44,-1.96,-3.35,2.75
1017,2021-08-27,167.9,175.5,176.5,166.66,176596,3050992192.0,5.86,4.46,7.5,2.87
1018,2021-08-30,183.0,170.06,183.2,168.68,265184,4692891904.0,8.27,-3.1,-5.44,4.31
1019,2021-08-31,153.05,153.05,158.99,153.05,329879,5073385216.0,3.49,-10.0,-17.01,5.36
1020,2021-09-01,151.65,153.65,154.99,145.81,322929,4839068160.0,6.0,0.39,0.6,5.25
1021,2021-09-02,151.5,146.49,154.2,145.88,241180,3569001120.0,5.41,-4.66,-7.16,3.92
1022,2021-09-03,148.0,147.87,151.44,146.1,150648,2239744032.0,3.65,0.94,1.38,2.45
1023,2021-09-06,147.88,152.56,155.2,146.36,159981,2434399728.0,5.98,3.17,4.69,2.6
1024,2021-09-07,152.62,156.0,157.53,152.62,113759,1774500640.0,3.22,2.25,3.44,1.85
1025,2021-09-08,156.07,156.0,159.03,155.0,96664,1515737888.0,2.58,0.0,0.0,1.57
1026,2021-09-09,156.0,154.25,157.0,152.56,99042,1527027280.0,2.85,-1.12,-1.75,1.61
1027,2021-09-10,155.0,159.9,162.58,153.68,171333,2720060368.0,5.77,3.66,5.65,2.78
1028,2021-09-13,159.9,155.3,161.0,152.0,149707,2331084752.0,5.63,-2.88,-4.6,2.43
1029,2021-09-14,154.08,154.64,159.1,152.8,106630,1664649952.0,4.06,-0.42,-0.66,1.73
1030,2021-09-15,153.99,151.55,155.46,150.5,110944,1687494496.0,3.21,-2.0,-3.09,1.8
1031,2021-09-16,151.4,147.9,153.44,147.3,147555,2215395760.0,4.05,-2.41,-3.65,2.4
1032,2021-09-17,149.19,151.25,152.1,149.15,80223,1208581248.0,1.99,2.27,3.35,1.3
1033,2021-09-22,148.36,149.29,151.8,148.0,76268,1142412432.0,2.51,-1.3,-1.96,1.24
1034,2021-09-23,149.0,150.61,153.99,146.46,126372,1906747856.0,5.04,0.88,1.32,2.05
1035,2021-09-24,150.0,150.2,153.3,148.0,92183,1389500928.0,3.52,-0.27,-0.41,1.5
1036,2021-09-27,152.54,145.19,152.88,145.0,158844,2345043968.0,5.25,-3.34,-5.01,2.58
1037,2021-09-28,143.0,152.91,157.25,142.85,197192,3009071792.0,9.92,5.32,7.72,3.2
1038,2021-09-29,152.0,147.04,152.0,144.3,171789,2518179936.0,5.04,-3.84,-5.87,2.79
1039,2021-09-30,146.99,144.99,148.91,144.4,125426,1833616160.0,3.07,-1.39,-2.05,2.04
1040,2021-10-08,147.94,149.7,155.9,146.48,166629,2517616208.0,6.5,3.25,4.71,2.71
1041,2021-10-11,149.0,147.35,152.4,147.0,121754,1819111920.0,3.61,-1.57,-2.35,1.98
1042,2021-10-12,146.0,142.15,148.35,141.0,144927,2083616928.0,4.99,-3.53,-5.2,2.35
1043,2021-10-13,142.96,145.26,145.89,140.74,86952,1248980704.0,3.62,2.19,3.11,1.41
1044,2021-10-14,145.0,146.12,147.99,144.2,70156,1025986928.0,2.61,0.59,0.86,1.14
1045,2021-10-15,146.0,155.54,155.86,145.0,242289,3708057792.0,7.43,6.45,9.42,3.93
1046,2021-10-18,151.0,149.31,152.2,148.03,224150,3350360944.0,2.68,-4.01,-6.23,3.64
1047,2021-10-19,148.2,148.45,150.3,146.34,115337,1708137088.0,2.65,-0.58,-0.86,1.87
1048,2021-10-20,147.71,146.84,150.66,146.44,109014,1614413152.0,2.84,-1.08,-1.61,1.77
1049,2021-10-21,145.11,146.69,148.8,144.84,95019,1395579696.0,2.7,-0.1,-0.15,1.54
1050,2021-10-22,148.0,154.4,155.69,147.06,216083,3306882736.0,5.88,5.26,7.71,3.51
1051,2021-10-25,156.36,152.6,156.77,150.17,139451,2120103408.0,4.27,-1.17,-1.8,2.26
1052,2021-10-26,151.95,158.01,160.68,151.53,200579,3138040160.0,6.0,3.55,5.41,3.26
1053,2021-10-27,158.03,157.56,158.07,153.5,151005,2352151600.0,2.89,-0.28,-0.45,2.45
1054,2021-10-28,172.0,164.3,172.0,161.6,411542,6844366592.0,6.6,4.28,6.74,6.68
1055,2021-10-29,165.9,169.51,176.95,164.31,319704,5470248448.0,7.69,3.17,5.21,5.19
1056,2021-11-01,169.0,171.09,174.43,166.96,213102,3641497088.0,4.41,0.93,1.58,3.46
1057,2021-11-02,172.0,172.0,174.88,169.02,208356,3580353392.0,3.43,0.53,0.91,3.38
1058,2021-11-03,173.15,168.8,174.5,167.93,175810,2999012752.0,3.82,-1.86,-3.2,2.85
1059,2021-11-04,170.0,167.0,171.6,165.5,156548,2629732000.0,3.61,-1.07,-1.8,2.54
1060,2021-11-05,169.2,167.31,170.31,165.7,136725,2299709088.0,2.76,0.19,0.31,2.22
1061,2021-11-08,165.0,161.99,165.99,159.54,167623,2712244544.0,3.86,-3.18,-5.32,2.72
1062,2021-11-09,162.2,164.3,166.62,159.6,162004,2642450304.0,4.33,1.43,2.31,2.63
1063,2021-11-10,163.0,166.2,166.53,160.09,129473,2123112400.0,3.92,1.16,1.9,2.1
1064,2021-11-11,164.8,164.56,169.18,161.13,196084,3233436752.0,4.84,-0.99,-1.64,3.18
1065,2021-11-12,162.44,162.77,164.8,161.47,130583,2125818128.0,2.02,-1.09,-1.79,2.12
1066,2021-11-15,163.01,166.78,168.98,163.0,190361,3164767248.0,3.67,2.46,4.01,3.08
1067,2021-11-16,165.5,163.18,167.11,163.02,120690,1988307904.0,2.45,-2.16,-3.6,1.95
1068,2021-11-17,162.91,161.92,163.47,158.94,144930,2335467120.0,2.78,-0.77,-1.26,2.35
1069,2021-11-18,161.21,158.59,162.99,158.58,108988,1745678880.0,2.72,-2.06,-3.33,1.77
1070,2021-11-19,158.65,159.3,160.3,157.03,115571,1831289088.0,2.06,0.45,0.71,1.87
1071,2021-11-22,159.0,165.46,165.88,157.66,204785,3345633120.0,5.16,3.87,6.16,3.32
1072,2021-11-23,165.0,162.16,166.6,161.75,147115,2410820080.0,2.93,-1.99,-3.3,2.38
1073,2021-11-24,161.59,156.02,163.63,156.0,196003,3128062384.0,4.71,-3.79,-6.14,3.17
1074,2021-11-25,156.01,156.33,157.01,152.85,143005,2221856416.0,2.67,0.2,0.31,2.32
1075,2021-11-26,156.34,151.99,157.0,150.79,143994,2198586720.0,3.97,-2.78,-4.34,2.33
1076,2021-11-29,149.71,150.23,152.88,149.22,109425,1647653648.0,2.41,-1.16,-1.76,1.77
1077,2021-11-30,151.77,150.6,153.34,149.66,103537,1566124864.0,2.45,0.25,0.37,1.68
1078,2021-12-01,153.5,165.66,165.66,153.5,228694,3718123136.0,8.07,10.0,15.06,3.7
1079,2021-12-02,170.0,169.79,172.12,166.67,362392,6155421440.0,3.29,2.49,4.13,5.87
1080,2021-12-03,170.98,176.49,181.41,170.71,302296,5358911232.0,6.3,3.95,6.7,4.9
1081,2021-12-06,180.72,172.62,180.85,172.62,180038,3169669984.0,4.66,-2.19,-3.87,2.92
1082,2021-12-07,176.93,171.0,178.16,169.69,146001,2520935168.0,4.91,-0.94,-1.62,2.36
1083,2021-12-08,175.0,180.55,185.67,175.0,266396,4819074816.0,6.24,5.58,9.55,4.32
1084,2021-12-09,180.0,180.11,181.49,177.13,138858,2492093072.0,2.41,-0.24,-0.44,2.25
1085,2021-12-10,179.01,174.88,179.01,174.3,150919,2648828528.0,2.62,-2.9,-5.23,2.44
1086,2021-12-13,174.88,174.4,176.3,173.14,105657,1848873360.0,1.81,-0.27,-0.48,1.71
1087,2021-12-14,173.5,172.55,176.14,172.0,93077,1614716192.0,2.37,-1.06,-1.85,1.51
1088,2021-12-15,173.1,170.47,174.5,170.3,75513,1300010736.0,2.43,-1.21,-2.08,1.22
1089,2021-12-16,172.49,170.92,176.59,170.43,130913,2264072768.0,3.61,0.26,0.45,2.12
1090,2021-12-17,170.15,167.14,171.5,167.0,115495,1947388032.0,2.63,-2.21,-3.78,1.87
1091,2021-12-20,166.0,163.48,170.5,163.01,106340,1770738448.0,4.48,-2.19,-3.66,1.72
1092,2021-12-21,165.69,166.23,169.7,165.0,104519,1744251440.0,2.87,1.68,2.75,1.69
1093,2021-12-22,167.98,171.08,175.0,167.98,158622,2725391296.0,4.22,2.92,4.85,2.57
1094,2021-12-23,170.97,171.51,173.14,169.48,82789,1419611440.0,2.14,0.25,0.43,1.34
1095,2021-12-24,172.3,173.89,176.3,171.55,99938,1738559920.0,2.77,1.39,2.38,1.62
1096,2021-12-27,174.47,167.7,174.88,166.34,114190,1930929856.0,4.91,-3.56,-6.19,1.85
1097,2021-12-28,169.0,171.02,171.75,166.55,109594,1851440032.0,3.1,1.98,3.32,1.78
1098,2021-12-29,170.0,165.0,170.8,162.8,120860,1997595888.0,4.68,-3.52,-6.02,1.96
1099,2021-12-30,164.94,176.47,181.08,164.38,228364,3987206608.0,10.12,6.95,11.47,3.7
1100,2021-12-31,178.26,175.85,178.26,172.17,112161,1964312416.0,3.45,-0.35,-0.62,1.82
1101,2022-01-04,176.56,175.88,178.9,171.01,108742,1900824352.0,4.49,0.02,0.03,1.76
1102,2022-01-05,174.77,158.3,174.77,158.29,256635,4158864704.0,9.37,-10.0,-17.58,4.16
1103,2022-01-06,155.0,162.96,167.8,154.6,164935,2658078304.0,8.34,2.94,4.66,2.67
1104,2022-01-07,161.01,157.0,163.98,156.63,144879,2315062080.0,4.51,-3.66,-5.96,2.35
1105,2022-01-10,155.58,156.5,158.0,151.33,99948,1550603840.0,4.25,-0.32,-0.5,1.62
1106,2022-01-11,156.04,152.19,156.47,151.0,98049,1500381360.0,3.5,-2.75,-4.31,1.59
1107,2022-01-12,153.54,154.97,155.59,151.35,109901,1687304640.0,2.79,1.83,2.78,1.78
1108,2022-01-13,154.8,155.14,159.6,152.41,103485,1610197040.0,4.64,0.11,0.17,1.68
1109,2022-01-14,153.0,157.4,160.0,152.55,105397,1662107824.0,4.8,1.46,2.26,1.71
1110,2022-01-17,157.54,161.71,163.05,156.0,100853,1622283984.0,4.48,2.74,4.31,1.63
1111,2022-01-18,161.19,161.37,163.85,160.08,80917,1310081312.0,2.33,-0.21,-0.34,1.31
1112,2022-01-19,159.58,157.9,161.5,156.68,79474,1259309808.0,2.99,-2.15,-3.47,1.29
1113,2022-01-20,157.88,158.8,163.8,156.6,72490,1160450256.0,4.56,0.57,0.9,1.17
1114,2022-01-21,156.48,153.0,158.52,152.79,82797,1282094528.0,3.61,-3.65,-5.8,1.34
1115,2022-01-24,152.5,155.5,155.82,152.18,66347,1023591104.0,2.38,1.63,2.5,1.07
1116,2022-01-25,160.1,148.41,161.0,146.1,185366,2798801392.0,9.58,-4.56,-7.09,3.0
1117,2022-01-26,148.41,149.92,154.2,147.6,112495,1691318512.0,4.45,1.02,1.51,1.82
1118,2022-01-27,149.01,146.61,151.88,144.0,110469,1626213344.0,5.26,-2.21,-3.31,1.79
1119,2022-01-28,147.0,139.1,148.33,138.88,146853,2088351216.0,6.45,-5.12,-7.51,2.38
1120,2022-02-07,142.95,143.83,149.81,141.3,126304,1838419872.0,6.12,3.4,4.73,2.05
1121,2022-02-08,144.11,140.96,144.74,137.15,99538,1390997152.0,5.28,-2.0,-2.87,1.61
1122,2022-02-09,140.9,143.27,144.43,138.3,80843,1146504528.0,4.35,1.64,2.31,1.31
1123,2022-02-10,144.3,145.04,146.94,142.4,83295,1208828976.0,3.17,1.24,1.77,1.35
1124,2022-02-11,143.5,141.3,145.88,140.69,69089,987316080.0,3.58,-2.58,-3.74,1.12
1125,2022-02-14,138.88,139.54,141.96,137.2,67836,944504400.0,3.37,-1.25,-1.76,1.1
1126,2022-02-15,141.03,145.31,145.66,140.41,101602,1459088512.0,3.76,4.14,5.77,1.65
1127,2022-02-16,147.03,145.8,149.03,145.2,73433,1078131680.0,2.64,0.34,0.49,1.19
1128,2022-02-17,145.8,149.31,152.3,144.34,96848,1446048848.0,5.46,2.41,3.51,1.57
1129,2022-02-18,147.9,145.99,148.5,145.56,65812,964289248.0,1.97,-2.22,-3.32,1.07
1130,2022-02-21,146.0,144.4,146.64,143.67,66089,956090816.0,2.03,-1.09,-1.59,1.07
1131,2022-02-22,143.0,146.18,147.59,141.0,80113,1157006528.0,4.56,1.23,1.78,1.3
1132,2022-02-23,146.21,153.9,155.0,146.2,135510,2066271936.0,6.02,5.28,7.72,2.19
1133,2022-02-24,152.95,151.73,156.72,149.27,133237,2034439040.0,4.84,-1.41,-2.17,2.16
1134,2022-02-25,154.5,154.7,157.08,152.39,106952,1660370176.0,3.09,1.96,2.97,1.73
1135,2022-02-28,154.25,153.31,155.97,152.78,74903,1153496384.0,2.06,-0.9,-1.39,1.21
1136,2022-03-01,153.42,153.14,154.97,151.55,62716,959413376.0,2.23,-0.11,-0.17,1.02
1137,2022-03-02,152.01,150.5,152.01,147.33,108102,1613482928.0,3.06,-1.72,-2.64,1.75
1138,2022-03-03,151.0,148.32,153.3,148.0,75455,1128921632.0,3.52,-1.45,-2.18,1.22
1139,2022-03-04,150.0,154.77,158.58,148.28,188769,2927440256.0,6.94,4.35,6.45,3.06
1140,2022-03-07,154.79,150.0,156.3,148.54,130658,1967923696.0,5.01,-3.08,-4.77,2.12
1141,2022-03-08,149.99,150.6,154.51,145.18,150142,2261464448.0,6.22,0.4,0.6,2.43
1142,2022-03-09,152.0,154.29,155.05,146.0,168219,2559444576.0,6.01,2.45,3.69,2.72
1143,2022-03-10,160.0,159.23,164.0,155.63,211704,3375648336.0,5.42,3.2,4.94,3.43
1144,2022-03-11,155.0,157.82,159.37,153.35,141730,2203087904.0,3.78,-0.89,-1.41,2.3
1145,2022-03-14,155.02,154.33,160.58,154.0,106756,1684405792.0,4.17,-2.21,-3.49,1.73
1146,2022-03-15,152.03,146.85,156.05,146.5,139746,2109305968.0,6.19,-4.85,-7.48,2.26
1147,2022-03-16,151.17,160.52,161.0,149.43,235411,3641761264.0,7.88,9.31,13.67,3.81
1148,2022-03-17,165.35,162.8,167.0,161.68,197594,3251650640.0,3.31,1.42,2.28,3.2
1149,2022-03-18,162.77,161.54,163.99,160.0,87736,1418295264.0,2.45,-0.77,-1.26,1.42
1150,2022-03-21,161.5,159.25,162.67,156.01,110679,1764992400.0,4.12,-1.42,-2.29,1.79
1151,2022-03-22,160.5,159.78,163.58,159.1,90676,1461024160.0,2.81,0.33,0.53,1.47
1152,2022-03-23,160.6,157.9,161.47,155.78,96889,1525266560.0,3.56,-1.18,-1.88,1.57
1153,2022-03-24,156.19,154.41,157.0,154.0,73203,1134352816.0,1.9,-2.21,-3.49,1.19
1154,2022-03-25,157.0,153.03,159.0,152.84,106597,1662031648.0,3.99,-0.89,-1.38,1.73
1155,2022-03-28,151.65,149.82,152.84,149.01,69474,1043900912.0,2.5,-2.1,-3.21,1.13
1156,2022-03-29,151.0,141.87,151.68,139.24,152713,2198190208.0,8.3,-5.31,-7.95,2.47
1157,2022-03-30,142.68,146.59,146.97,142.5,110535,1597585552.0,3.15,3.33,4.72,1.79
1158,2022-03-31,145.0,141.03,145.81,138.5,117162,1659580544.0,4.99,-3.79,-5.56,1.9
1159,2022-04-01,139.95,140.44,142.0,138.8,75519,1058888896.0,2.27,-0.42,-0.59,1.22
1160,2022-04-06,139.74,134.8,139.8,133.14,118346,1598760240.0,4.74,-4.02,-5.64,1.92
1161,2022-04-07,134.0,132.98,135.68,132.98,62254,833468256.0,2.0,-1.35,-1.82,1.01
1162,2022-04-08,133.42,134.37,136.49,131.3,74042,991180000.0,3.9,1.05,1.39,1.2
1163,2022-04-11,131.71,123.58,132.74,123.26,129585,1644585296.0,7.06,-8.03,-10.79,2.1
1164,2022-04-12,123.26,127.09,127.7,121.99,93556,1168271392.0,4.62,2.84,3.51,1.52
1165,2022-04-13,126.0,123.3,128.88,123.2,89978,1131634912.0,4.47,-2.98,-3.79,1.46
1166,2022-04-14,124.8,130.6,133.1,124.27,130456,1681137792.0,7.16,5.92,7.3,2.11
1167,2022-04-15,129.98,132.4,135.0,128.5,119166,1577742848.0,4.98,1.38,1.8,1.93
1168,2022-04-18,131.9,139.8,140.4,129.98,121018,1657986944.0,7.87,5.59,7.4,1.96
1169,2022-04-19,138.08,135.27,139.0,135.01,73472,999754752.0,2.85,-3.24,-4.53,1.19
1170,2022-04-20,136.5,133.5,137.37,133.22,77274,1041590544.0,3.07,-1.31,-1.77,1.25
1171,2022-04-21,131.46,132.72,136.0,131.22,71902,959943776.0,3.58,-0.58,-0.78,1.16
1172,2022-04-22,131.59,130.0,135.14,128.51,68657,904036512.0,5.0,-2.05,-2.72,1.11
1173,2022-04-25,126.35,123.0,128.0,122.61,100444,1257193040.0,4.15,-5.38,-7.0,1.63
1174,2022-04-26,123.28,115.96,124.65,115.01,110651,1321642896.0,7.84,-5.72,-7.04,1.79
1175,2022-04-27,113.0,125.0,125.3,112.5,127864,1534475376.0,11.04,7.8,9.04,2.07
1176,2022-04-28,124.0,118.56,124.0,116.0,149920,1793834000.0,6.4,-5.15,-6.44,2.43
1177,2022-04-29,120.5,124.81,126.72,119.56,131267,1613894176.0,6.04,5.27,6.25,2.13
1178,2022-05-05,124.7,124.97,127.94,123.6,94024,1182749584.0,3.48,0.13,0.16,1.52
1179,2022-05-06,120.98,119.3,122.0,119.11,71887,863736544.0,2.31,-4.54,-5.67,1.16
1180,2022-05-09,119.0,117.13,119.64,115.63,70191,820889392.0,3.36,-1.82,-2.17,1.14
1181,2022-05-10,114.0,122.4,122.98,113.5,125189,1508492736.0,8.09,4.5,5.27,2.03
1182,2022-05-11,121.6,129.35,133.18,121.0,174613,2254486528.0,9.95,5.68,6.95,2.83
1183,2022-05-12,127.0,128.6,130.03,126.69,79763,1023735264.0,2.58,-0.58,-0.75,1.29
1184,2022-05-13,129.0,126.41,130.8,126.0,74403,945210144.0,3.73,-1.7,-2.19,1.2
