,日期,开盘,收盘,最高,最低,成交量,成交额,振幅,涨跌幅,涨跌额,换手率
0,1996-07-19,5.28,6.19,6.36,5.28,616341,366654768.0,25.96,48.8,2.03,114.14
1,1996-07-26,6.38,6.35,6.79,6.1,403803,257983050.0,11.15,2.58,0.16,74.78
2,1996-08-02,6.5,6.6,7.48,6.4,428698,300923552.0,17.01,3.94,0.25,79.39
3,1996-08-09,6.58,7.5,7.69,6.3,303651,217468209.0,21.06,13.64,0.9,56.23
4,1996-08-16,7.64,7.15,7.94,6.82,262333,196746728.0,14.93,-4.67,-0.35,48.58
5,1996-08-23,7.18,6.38,7.26,6.2,103728,69806223.0,14.83,-10.77,-0.77,19.21
6,1996-08-30,6.29,6.94,7.0,6.1,119788,79182561.5,14.11,8.78,0.56,22.18
7,1996-09-06,7.0,6.66,7.68,6.5,222475,158468487.0,17.0,-4.03,-0.28,41.2
8,1996-09-13,6.67,6.29,6.75,6.1,64049,40920057.0,9.76,-5.56,-0.37,11.86
9,1996-09-20,6.32,6.3,6.65,6.0,78671,49742635.0,10.33,0.16,0.01,14.57
10,1996-09-27,6.3,6.89,6.98,6.2,155331,103340330.5,12.38,9.37,0.59,28.77
11,1996-10-04,6.97,6.83,7.15,6.65,83970,58073954.0,7.26,-0.87,-0.06,15.55
12,1996-10-11,6.9,7.28,7.46,6.8,276258,198213114.0,9.66,6.59,0.45,51.16
13,1996-10-18,7.3,10.06,13.0,7.3,800720,750679852.0,78.3,38.19,2.78,148.28
14,1996-10-25,9.5,9.14,10.5,8.48,269950,257455640.0,20.08,-9.15,-0.92,49.99
15,1996-11-01,9.01,9.5,10.32,8.75,269229,260074240.0,17.18,3.94,0.36,49.86
16,1996-11-08,9.39,9.35,10.31,9.15,261443,254906884.0,12.21,-1.58,-0.15,48.42
17,1996-11-15,9.36,10.76,10.85,9.35,402852,417730622.0,16.04,15.08,1.41,74.6
18,1996-11-22,11.0,12.34,13.8,10.61,527374,635532752.0,29.65,14.68,1.58,97.66
19,1996-11-29,12.5,12.24,13.0,11.78,276022,343418844.0,9.89,-0.81,-0.1,51.12
20,1996-12-06,12.48,12.9,13.45,11.7,237077,302476530.0,14.3,5.39,0.66,43.9
21,1996-12-13,13.1,12.8,14.5,12.68,349007,473591756.0,14.11,-0.78,-0.1,64.63
22,1996-12-20,11.45,8.48,11.45,8.48,52441,51364231.0,23.2,-33.75,-4.32,9.71
23,1996-12-27,8.4,8.26,8.88,6.35,157367,121003163.0,29.83,-2.59,-0.22,29.14
24,1997-01-03,8.48,8.38,9.3,8.3,150341,131872106.0,12.11,1.45,0.12,27.84
25,1997-01-10,8.18,8.1,8.28,7.25,74654,59522080.0,12.29,-3.34,-0.28,13.82
26,1997-01-17,8.15,8.15,8.52,7.9,57285,46944795.0,7.65,0.62,0.05,10.61
27,1997-01-24,8.08,8.8,8.82,8.0,96595,80829034.0,10.06,7.98,0.65,17.89
28,1997-01-31,8.85,8.87,9.06,8.61,107389,94949714.0,5.11,0.8,0.07,19.89
29,1997-02-21,8.88,8.28,8.93,7.48,107343,87358709.0,16.35,-6.65,-0.59,19.88
30,1997-02-28,8.3,8.85,9.18,8.16,121788,106412622.0,12.32,6.88,0.57,22.55
31,1997-03-07,8.85,10.0,10.5,8.85,335145,331585092.0,18.64,12.99,1.15,62.06
32,1997-03-14,10.02,10.18,10.5,9.9,120513,122551190.0,6.0,1.8,0.18,22.32
33,1997-03-21,10.2,10.29,10.8,9.9,161941,167293078.0,8.84,1.08,0.11,29.99
34,1997-03-28,10.38,10.51,11.25,10.18,207705,221369542.0,10.4,2.14,0.22,38.46
35,1997-04-04,10.6,10.71,11.44,10.6,160756,176249926.0,7.99,1.9,0.2,29.77
36,1997-04-11,10.65,10.69,10.9,10.0,146028,152353156.0,8.4,-0.19,-0.02,27.04
37,1997-04-18,10.91,11.83,12.1,10.7,256421,288451634.0,13.1,10.66,1.14,47.49
38,1997-04-25,12.09,12.47,13.35,11.6,339253,425202844.0,14.79,5.41,0.64,62.82
39,1997-04-30,12.6,12.7,13.1,12.2,106645,135330988.0,7.22,1.84,0.23,19.75
40,1997-05-09,12.82,12.7,13.45,12.25,218370,283570812.0,9.45,0.0,0.0,40.44
41,1997-05-16,12.75,11.78,13.92,11.78,185324,242376740.0,16.85,-7.24,-0.92,34.32
42,1997-05-23,11.85,10.48,12.3,10.0,54208,61574523.0,19.52,-11.04,-1.3,10.04
43,1997-05-30,10.66,11.04,11.09,9.8,37206,39880314.5,12.31,5.34,0.56,6.89
44,1997-06-06,11.04,11.23,12.66,10.95,102726,122161389.0,15.49,1.72,0.19,19.02
45,1997-06-13,11.25,10.69,11.5,9.5,41052,43594024.5,17.81,-4.81,-0.54,7.6
46,1997-06-20,10.8,11.26,11.4,10.58,37474,41027466.5,7.67,5.33,0.57,6.94
47,1997-06-27,11.45,11.03,11.8,10.7,57950,66127429.0,9.77,-2.04,-0.23,10.73
48,1997-07-04,10.49,10.06,10.5,9.5,14271,14285504.75,9.07,-8.79,-0.97,2.64
49,1997-07-11,9.9,9.02,9.98,8.25,22546,19991017.75,17.2,-10.34,-1.04,4.18
50,1997-07-18,9.1,9.33,9.48,8.7,27906,25462204.0,8.65,3.44,0.31,5.17
51,1997-07-25,9.2,8.95,9.65,8.81,26110,24144611.5,9.0,-4.07,-0.38,4.84
52,1997-08-01,8.9,9.18,9.2,8.52,15562,13863713.5,7.6,2.57,0.23,2.88
53,1997-08-08,9.5,6.91,9.68,6.86,35328,31753477.5,30.72,-24.73,-2.27,5.03
54,1997-08-15,6.95,6.23,6.98,6.2,19548,12754756.75,11.29,-9.84,-0.68,2.78
55,1997-08-22,6.23,6.38,6.5,5.95,16492,10200648.75,8.83,2.41,0.15,2.35
56,1997-08-29,6.3,6.55,6.75,6.13,32578,20940374.75,9.72,2.66,0.17,4.64
57,1997-09-05,6.35,6.31,6.4,5.99,50428,31327062.0,6.26,-3.66,-0.24,7.18
58,1997-09-12,6.29,6.34,6.99,6.26,90230,59785436.0,11.57,0.48,0.03,12.85
59,1997-09-19,6.3,6.4,6.43,6.11,18506,11615706.38,5.05,0.95,0.06,2.64
60,1997-09-26,6.48,5.5,6.48,5.27,31154,17408680.0,18.91,-14.06,-0.9,4.44
61,1997-09-30,5.45,5.33,5.46,5.25,6235,3324807.88,3.82,-3.09,-0.17,0.89
62,1997-10-10,5.4,5.68,5.8,5.22,17943,9991774.31,10.88,6.57,0.35,2.56
63,1997-10-17,5.7,5.8,5.85,5.46,28008,15778593.25,6.87,2.11,0.12,3.99
64,1997-10-24,5.8,5.8,6.27,5.6,57665,33927789.5,11.55,0.0,0.0,8.21
65,1997-10-31,5.9,5.68,6.0,5.36,56580,31920490.5,11.03,-2.07,-0.12,8.06
66,1997-11-07,5.7,5.94,6.1,5.6,71021,42085007.0,8.8,4.58,0.26,10.12
67,1997-11-14,6.0,5.9,6.48,5.78,95190,58280311.0,11.78,-0.67,-0.04,13.56
68,1997-11-21,5.95,5.48,5.97,5.43,28311,15990731.25,9.15,-7.12,-0.42,4.03
69,1997-11-28,5.45,5.38,5.5,5.21,15681,8374110.0,5.29,-1.82,-0.1,2.23
70,1997-12-05,5.31,5.12,5.37,4.96,15370,7944400.0,7.62,-4.83,-0.26,2.19
71,1997-12-12,5.13,5.13,5.25,5.0,15745,8028486.0,4.88,0.2,0.01,2.24
72,1997-12-19,5.12,4.88,5.17,4.7,19462,9650581.25,9.16,-4.87,-0.25,2.77
73,1997-12-26,4.9,5.0,5.1,4.68,25200,12367501.75,8.61,2.46,0.12,3.59
74,1997-12-31,5.03,5.22,5.55,4.97,39194,20817817.0,11.6,4.4,0.22,5.58
75,1998-01-09,5.1,5.24,5.45,5.05,37900,19884431.0,7.66,0.38,0.02,5.4
76,1998-01-16,5.24,5.17,5.7,4.64,64867,33936856.5,20.23,-1.34,-0.07,9.24
77,1998-01-23,5.17,5.11,5.4,4.98,18920,9749852.5,8.12,-1.16,-0.06,2.7
78,1998-02-13,5.37,5.48,5.78,5.18,55868,30863575.62,11.74,7.24,0.37,7.96
79,1998-02-20,5.7,5.72,5.87,5.45,73935,42138754.0,7.66,4.38,0.24,10.53
80,1998-02-27,5.66,5.39,5.84,5.36,47422,26531196.5,8.39,-5.77,-0.33,6.76
81,1998-03-06,5.3,5.11,5.36,5.0,33810,17507030.12,6.68,-5.19,-0.28,3.91
82,1998-03-13,5.15,5.02,5.15,4.9,15209,7652673.38,4.89,-1.76,-0.09,1.76
83,1998-03-20,5.01,5.1,5.17,4.9,32476,16288233.5,5.38,1.59,0.08,3.76
84,1998-03-27,5.08,5.19,5.25,4.92,24772,12521801.75,6.47,1.76,0.09,2.87
85,1998-04-03,5.23,5.45,5.5,5.1,45561,24207155.75,7.71,5.01,0.26,5.27
86,1998-04-10,5.53,5.59,5.96,5.45,93397,53216722.5,9.36,2.57,0.14,10.81
87,1998-04-17,5.6,6.16,6.56,5.4,137386,82793096.0,20.75,10.2,0.57,15.9
88,1998-04-24,6.1,5.95,6.5,5.9,82397,50895264.0,9.74,-3.41,-0.21,9.54
89,1998-04-30,5.9,5.89,6.05,5.65,42814,24978306.75,6.72,-1.01,-0.06,4.96
90,1998-05-08,5.95,6.18,6.35,5.78,74093,45023662.5,9.68,4.92,0.29,8.58
91,1998-05-15,6.3,6.33,6.75,6.12,139698,90149291.0,10.19,2.43,0.15,16.17
92,1998-05-22,6.3,6.31,6.5,6.09,47406,29645663.75,6.48,-0.32,-0.02,5.49
93,1998-05-29,6.33,6.63,7.13,6.22,98630,65869657.0,14.42,5.07,0.32,11.42
94,1998-06-05,6.7,6.97,7.24,6.58,109565,76282060.5,9.95,5.13,0.34,12.68
95,1998-06-12,7.1,6.65,7.2,6.15,61419,40755908.0,15.06,-4.59,-0.32,7.11
96,1998-06-19,6.68,6.72,6.8,6.22,34871,22925258.75,8.72,1.05,0.07,4.04
97,1998-06-26,6.7,6.57,7.09,6.48,44811,30593718.5,9.08,-2.23,-0.15,5.19
98,1998-07-03,6.54,6.32,6.6,6.14,29976,19104156.25,7.0,-3.81,-0.25,3.47
99,1998-07-10,6.28,6.28,6.32,5.85,40491,24862365.0,7.44,-0.63,-0.04,4.69
100,1998-07-17,6.1,5.99,6.31,5.9,32300,19832403.0,6.53,-4.62,-0.29,3.74
101,1998-07-24,6.01,6.65,6.8,5.8,69868,45222706.25,16.69,11.02,0.66,8.09
102,1998-07-31,6.66,6.71,6.95,6.5,51347,34455120.5,6.77,0.9,0.06,5.94
103,1998-08-07,6.78,6.59,7.05,6.5,89328,61416771.5,8.2,-1.79,-0.12,10.34
104,1998-08-14,6.5,6.15,6.64,6.1,36579,23241377.75,8.19,-6.68,-0.44,4.23
105,1998-08-21,6.1,5.7,6.1,5.07,38708,21634106.0,16.75,-7.32,-0.45,4.48
106,1998-08-28,5.7,5.46,5.91,5.2,28302,16011576.25,12.46,-4.21,-0.24,3.28
107,1998-09-04,5.4,5.49,5.6,5.12,17598,9532865.12,8.79,0.55,0.03,2.04
108,1998-09-11,5.51,5.68,5.85,5.41,37913,21297110.75,8.01,3.46,0.19,4.39
109,1998-09-18,5.6,5.43,6.0,5.41,39256,22409223.25,10.39,-4.4,-0.25,4.54
110,1998-09-25,5.38,5.48,5.69,5.3,28584,15689213.75,7.18,0.92,0.05,3.31
111,1998-09-30,5.51,5.61,5.65,5.4,15757,8744841.5,4.56,2.37,0.13,1.82
112,1998-10-09,5.65,5.61,5.8,5.4,40494,22713455.75,7.13,0.0,0.0,4.69
113,1998-10-16,5.62,5.99,6.18,5.6,62482,36774217.25,10.34,6.77,0.38,7.23
114,1998-10-23,6.08,5.83,6.17,5.65,55395,32969524.25,8.68,-2.67,-0.16,6.41
115,1998-10-30,5.8,5.9,6.15,5.68,34571,20560964.75,8.06,1.2,0.07,4.0
116,1998-11-06,5.9,5.75,6.05,5.65,39344,22783137.25,6.78,-2.54,-0.15,4.55
117,1998-11-13,5.76,6.33,6.48,5.63,103875,64153501.5,14.78,10.09,0.58,12.02
118,1998-11-20,6.38,6.25,6.52,6.1,53269,33483282.75,6.64,-1.26,-0.08,6.17
119,1998-11-27,6.25,5.78,6.25,5.78,29279,17597228.75,7.52,-7.52,-0.47,3.39
120,1998-12-04,5.75,5.7,5.92,5.65,21397,12331860.12,4.67,-1.38,-0.08,2.48
121,1998-12-11,5.86,5.55,5.86,5.45,10881,6098227.69,7.19,-2.63,-0.15,1.26
122,1998-12-18,5.58,5.2,5.58,5.04,11356,5960623.38,9.73,-6.31,-0.35,1.31
123,1998-12-25,5.2,5.29,5.45,5.1,8918,4725344.0,6.73,1.73,0.09,1.03
124,1998-12-31,5.34,5.47,5.5,5.04,12980,6809079.56,8.7,3.4,0.18,1.5
125,1999-01-08,5.4,5.49,5.58,5.1,15958,8557728.25,8.78,0.37,0.02,1.85
126,1999-01-15,5.5,5.14,5.53,5.11,12422,6581617.38,7.65,-6.38,-0.35,1.44
127,1999-01-22,5.14,5.12,5.22,4.96,17498,8908948.44,5.06,-0.39,-0.02,2.03
128,1999-01-29,5.12,5.31,5.44,4.68,29597,15314198.5,14.84,3.71,0.19,3.43
129,1999-02-05,5.3,4.84,5.49,4.81,28252,14687752.88,12.81,-8.85,-0.47,3.27
130,1999-02-09,4.8,4.9,4.92,4.76,4667,2255456.62,3.31,1.24,0.06,0.54
131,1999-03-05,4.87,5.2,5.36,4.87,15216,7846919.5,10.0,6.12,0.3,1.76
132,1999-03-12,5.28,5.7,5.81,5.09,48201,26257699.25,13.85,9.62,0.5,5.58
133,1999-03-19,5.68,5.93,6.33,5.53,126927,75636975.0,14.04,4.04,0.23,14.69
134,1999-03-26,5.98,5.62,6.02,5.52,37722,21784257.0,8.43,-5.23,-0.31,4.37
135,1999-04-02,5.63,5.9,6.0,5.51,41856,24201204.25,8.72,4.98,0.28,4.84
136,1999-04-09,5.9,5.73,6.07,5.65,46945,27663228.25,7.12,-2.88,-0.17,5.43
137,1999-04-16,5.74,5.74,6.41,5.66,144810,88311683.5,13.09,0.17,0.01,16.76
138,1999-04-23,5.7,8.02,8.02,5.55,637913,451507733.0,43.03,39.72,2.28,73.83
139,1999-04-30,8.06,7.99,8.78,6.63,710170,561941576.0,26.81,-0.37,-0.03,82.2
140,1999-05-07,7.94,8.27,8.7,7.66,392396,322891840.0,13.02,3.5,0.28,45.42
141,1999-05-14,8.0,6.97,8.3,6.88,256983,195920378.0,17.17,-15.72,-1.3,29.74
142,1999-05-21,6.82,7.57,7.96,6.55,313376,231470862.0,20.23,8.61,0.6,36.27
143,1999-05-27,7.5,7.58,7.9,6.82,383003,286094092.0,14.27,0.13,0.01,44.33
144,1999-06-04,7.76,8.06,9.4,7.65,642837,544772540.0,23.09,6.33,0.48,74.4
145,1999-06-11,8.1,8.27,8.51,7.9,236692,194921230.0,7.57,2.61,0.21,27.39
146,1999-06-18,8.25,8.2,8.8,7.78,308902,259048808.0,12.33,-0.85,-0.07,35.75
147,1999-06-25,8.21,8.82,9.99,8.2,528329,489441480.0,21.83,7.56,0.62,61.15
148,1999-07-02,8.8,8.24,9.9,7.6,412960,365794624.0,26.08,-6.58,-0.58,30.51
149,1999-07-09,8.25,7.9,8.55,7.48,154485,123846316.0,12.99,-4.13,-0.34,11.41
150,1999-07-16,8.26,7.08,8.26,7.08,109621,83810479.0,14.94,-10.38,-0.82,8.1
151,1999-07-23,7.0,7.5,7.58,6.6,123738,88595502.0,13.84,5.93,0.42,9.14
152,1999-07-30,7.52,7.64,8.16,7.5,107730,84077397.0,8.8,1.87,0.14,7.96
153,1999-08-06,7.63,8.11,8.5,7.55,140423,114412848.0,12.43,6.15,0.47,10.37
154,1999-08-13,8.15,8.36,8.89,8.02,269996,232254694.0,10.73,3.08,0.25,19.95
155,1999-08-20,8.36,8.47,8.77,7.91,113634,94258114.0,10.29,1.32,0.11,8.4
156,1999-08-27,8.5,8.37,8.75,8.28,73437,62394417.0,5.55,-1.18,-0.1,5.43
157,1999-09-03,8.36,7.94,8.5,7.89,60748,49461933.5,7.29,-5.14,-0.43,4.49
158,1999-09-10,7.9,8.15,8.43,7.6,49786,40098242.75,10.45,2.64,0.21,3.68
159,1999-09-17,8.05,8.01,8.4,7.9,47552,38734837.5,6.13,-1.72,-0.14,3.51
160,1999-09-24,8.0,7.8,8.08,7.68,21893,17145853.75,4.99,-2.62,-0.21,1.62
161,1999-09-30,7.8,7.51,7.88,7.5,20787,15831011.5,4.87,-3.72,-0.29,1.54
162,1999-10-08,7.52,7.24,7.55,7.2,3639,2647349.5,4.66,-3.6,-0.27,0.27
163,1999-10-15,7.25,7.27,7.45,7.0,16962,12270885.5,6.22,0.41,0.03,1.25
164,1999-10-22,7.32,6.73,7.32,6.47,21970,15006803.0,11.69,-7.43,-0.54,1.62
165,1999-10-29,6.84,6.95,7.2,6.61,32612,22732426.25,8.77,3.27,0.22,2.41
166,1999-11-05,6.83,6.64,6.98,6.49,24135,16095273.62,7.05,-4.46,-0.31,1.78
167,1999-11-12,6.64,6.22,6.74,6.15,25073,16043633.25,8.89,-6.33,-0.42,1.85
168,1999-11-19,6.23,6.71,6.96,6.0,81818,53990954.0,15.43,7.88,0.49,6.04
169,1999-11-26,6.7,6.46,6.88,6.37,29773,19645748.0,7.6,-3.73,-0.25,2.2
170,1999-12-03,6.45,6.7,6.74,6.39,22159,14534066.62,5.42,3.72,0.24,1.64
171,1999-12-10,6.78,6.42,6.78,6.34,18391,12005985.88,6.57,-4.18,-0.28,1.36
172,1999-12-17,6.43,6.26,6.56,6.23,20510,13052761.0,5.14,-2.49,-0.16,1.52
173,1999-12-24,6.21,5.82,6.21,5.81,16281,9834974.62,6.39,-7.03,-0.44,1.2
174,1999-12-30,5.78,5.75,5.84,5.52,12939,7338382.25,5.5,-1.2,-0.07,0.96
175,2000-01-07,5.75,6.4,6.5,5.75,54347,33883387.0,13.04,11.3,0.65,4.02
176,2000-01-14,6.51,5.97,6.74,5.94,93492,59605378.0,12.5,-6.72,-0.43,6.91
177,2000-01-21,5.94,5.94,6.3,5.71,53040,31796892.5,9.88,-0.5,-0.03,3.92
178,2000-01-28,5.75,6.09,6.2,5.6,120567,70855212.25,10.1,2.53,0.15,8.91
179,2000-02-18,6.11,6.61,7.1,6.11,254985,169507286.0,16.26,8.54,0.52,18.84
180,2000-02-25,6.62,6.07,6.78,6.01,107696,68192194.0,11.65,-8.17,-0.54,7.96
181,2000-03-03,6.04,6.68,6.88,6.02,177173,115976917.0,14.17,10.05,0.61,13.09
182,2000-03-10,6.66,6.41,7.08,6.35,124647,82811909.0,10.93,-4.04,-0.27,9.21
183,2000-03-17,6.45,6.76,7.28,6.3,247922,170686911.0,15.29,5.46,0.35,18.32
184,2000-03-24,6.7,7.25,7.6,6.6,259160,187370032.0,14.79,7.25,0.49,19.15
185,2000-03-31,7.3,7.42,7.85,7.26,232722,176157728.0,8.14,2.34,0.17,17.19
186,2000-04-07,7.41,7.31,7.5,7.02,116307,84298845.0,6.47,-1.48,-0.11,8.59
187,2000-04-14,7.39,7.22,7.62,7.1,96768,71093675.0,7.11,-1.23,-0.09,7.15
188,2000-04-21,7.22,7.22,7.44,6.8,71224,49983918.0,8.86,0.0,0.0,5.26
189,2000-04-28,7.25,6.89,7.44,6.76,69216,49209859.5,9.42,-4.57,-0.33,5.11
190,2000-05-12,6.9,6.28,7.0,6.24,44267,29157589.5,11.03,-8.85,-0.61,3.27
191,2000-05-19,6.28,6.45,6.46,6.1,32344,20302075.75,5.73,2.71,0.17,2.39
192,2000-05-26,6.46,6.95,7.2,6.45,79375,53991249.0,11.63,7.75,0.5,5.86
193,2000-06-02,7.2,7.33,7.45,6.95,98129,70636882.0,7.19,5.47,0.38,7.25
194,2000-06-09,7.33,7.19,7.52,7.0,99347,71828806.0,7.09,-1.91,-0.14,7.34
195,2000-06-16,7.2,7.22,7.57,7.05,145226,107761621.0,7.23,0.42,0.03,10.73
196,2000-06-23,7.22,7.35,7.4,7.02,59597,42839005.0,5.26,1.8,0.13,4.4
197,2000-06-30,7.48,7.49,7.75,7.22,150332,112915617.0,7.21,1.9,0.14,11.11
198,2000-07-07,7.5,8.1,8.16,7.37,252472,199077034.0,10.55,8.14,0.61,18.65
199,2000-07-14,8.26,7.86,8.32,7.64,185955,149491225.0,8.4,-2.96,-0.24,13.74
200,2000-07-21,7.81,8.14,8.28,7.6,106912,85383161.0,8.65,3.56,0.28,7.9
201,2000-07-28,8.18,8.39,8.49,8.03,148961,123341904.0,5.65,3.07,0.25,11.01
202,2000-08-04,8.45,8.18,8.48,8.08,110003,90538741.0,4.77,-2.5,-0.21,8.13
203,2000-08-11,8.13,8.51,9.0,8.01,235929,203653152.0,12.1,4.03,0.33,17.43
204,2000-08-18,8.51,8.89,9.13,8.51,169436,150451772.0,7.29,4.47,0.38,12.52
205,2000-08-25,8.89,9.03,9.4,8.17,267159,239112244.0,13.84,1.57,0.14,19.74
206,2000-09-01,9.1,8.22,9.36,8.2,167050,148191890.0,12.85,-8.97,-0.81,12.34
207,2000-09-08,8.2,8.68,8.69,8.01,117676,97894042.0,8.27,5.6,0.46,8.69
208,2000-09-15,8.8,8.81,9.16,8.6,190004,169365762.0,6.45,1.5,0.13,14.04
209,2000-09-22,8.82,8.39,8.9,8.1,73439,62533211.0,9.08,-4.77,-0.42,5.43
210,2000-09-29,8.4,8.25,8.46,8.11,37596,31019196.0,4.17,-1.67,-0.14,2.78
211,2000-10-13,8.31,8.87,8.9,8.1,80925,69361187.5,9.7,7.52,0.62,5.98
212,2000-10-20,8.88,8.46,8.95,8.35,83315,72695488.0,6.76,-4.62,-0.41,6.16
213,2000-10-27,8.46,9.2,9.25,8.4,171565,154632209.5,10.05,8.75,0.74,12.68
214,2000-11-03,9.28,9.07,9.38,8.93,156238,143613295.0,4.89,-1.41,-0.13,11.54
215,2000-11-10,9.05,9.56,9.77,9.03,185435,177288158.0,8.16,5.4,0.49,13.7
216,2000-11-17,9.6,10.0,10.27,9.51,199625,196583146.0,7.95,4.6,0.44,14.75
217,2000-11-24,10.0,10.71,11.6,10.0,298788,324403524.0,16.0,7.1,0.71,22.08
218,2000-12-01,10.61,10.8,11.35,10.4,245278,266407832.0,8.87,0.84,0.09,18.12
219,2000-12-08,10.85,10.55,10.95,10.3,107764,114034318.0,6.02,-2.31,-0.25,7.96
220,2000-12-15,10.5,10.06,10.65,9.88,80429,81960946.0,7.3,-4.64,-0.49,5.94
221,2000-12-22,9.38,10.24,10.32,9.38,67469,67236746.0,9.34,1.79,0.18,4.98
222,2000-12-29,10.2,9.85,10.3,9.75,51195,50681716.5,5.37,-3.81,-0.39,3.78
223,2001-01-05,9.9,10.05,10.3,9.85,54003,54612044.0,4.57,2.03,0.2,3.99
224,2001-01-12,10.05,10.08,10.28,9.74,62145,62258472.0,5.37,0.3,0.03,4.59
225,2001-01-19,10.02,9.33,10.02,9.25,65764,62759646.0,7.64,-7.44,-0.75,4.86
226,2001-02-09,9.34,8.79,9.4,8.56,39756,35279989.5,9.0,-5.79,-0.54,2.94
227,2001-02-16,8.8,8.72,8.98,8.58,18537,16332083.5,4.55,-0.8,-0.07,1.37
228,2001-02-23,8.73,8.44,8.99,8.21,33992,28927788.0,8.94,-3.21,-0.28,2.51
229,2001-03-02,8.45,8.8,8.85,8.35,27839,24052074.5,5.92,4.27,0.36,2.06
230,2001-03-09,8.83,9.06,9.2,8.5,40827,36329146.5,7.95,2.95,0.26,3.02
231,2001-03-16,9.15,9.02,9.35,8.96,49312,45190099.0,4.3,-0.44,-0.04,3.64
232,2001-03-23,9.02,9.05,9.37,8.9,50163,46094069.0,5.21,0.33,0.03,3.71
233,2001-03-30,9.0,9.56,9.78,8.96,77050,73617044.0,9.06,5.64,0.51,5.69
234,2001-04-06,9.56,9.21,9.61,9.1,47725,44494102.5,5.33,-3.66,-0.35,3.53
235,2001-04-13,9.35,9.6,9.7,9.21,61679,58866011.5,5.32,4.23,0.39,4.56
236,2001-04-20,9.61,9.16,9.64,9.14,71912,67274483.0,5.21,-4.58,-0.44,5.31
237,2001-04-27,9.14,9.5,9.55,9.01,77923,72611424.5,5.9,3.71,0.34,5.76
238,2001-04-30,9.6,9.65,9.73,9.5,30520,29449062.0,2.42,1.58,0.15,2.25
239,2001-05-11,9.8,10.09,10.3,9.71,141214,141633558.0,6.11,4.56,0.44,10.43
240,2001-05-18,10.1,9.95,10.2,9.89,91466,91743371.0,3.07,-1.39,-0.14,6.76
241,2001-05-25,9.85,10.4,10.6,9.85,137136,140877713.0,7.54,4.52,0.45,10.13
242,2001-06-01,10.45,10.63,10.81,10.21,79528,83046850.0,5.77,2.21,0.23,5.88
243,2001-06-08,10.64,10.34,10.73,9.81,81079,84777783.0,8.65,-2.73,-0.29,5.99
244,2001-06-15,10.34,10.02,10.37,9.95,55641,56389444.0,4.06,-3.09,-0.32,4.11
245,2001-06-22,10.02,10.0,10.15,9.75,46382,46022266.0,3.99,-0.2,-0.02,3.43
246,2001-06-29,10.0,10.0,10.2,9.97,45843,46127461.5,2.3,0.0,0.0,3.39
247,2001-07-06,10.0,9.43,10.05,9.42,34022,33122213.5,6.3,-5.7,-0.57,2.51
248,2001-07-13,9.41,9.38,9.7,9.3,25802,24363093.75,4.24,-0.53,-0.05,1.91
249,2001-07-20,9.42,9.6,9.6,9.14,21112,19807863.0,4.9,2.35,0.22,1.56
250,2001-07-27,9.72,9.52,9.75,9.3,31742,30258588.75,4.69,-0.83,-0.08,2.35
251,2001-08-03,9.55,9.29,9.55,8.75,34049,30952017.75,8.4,-2.42,-0.23,2.52
252,2001-08-10,9.29,9.54,9.65,8.9,51163,48088194.0,8.07,2.69,0.25,3.78
253,2001-08-17,9.52,9.66,9.77,9.3,64445,61948473.5,4.93,1.26,0.12,4.76
254,2001-08-24,9.7,9.54,9.9,9.42,46041,44755758.5,4.97,-1.24,-0.12,3.4
255,2001-08-31,9.5,9.1,9.63,8.95,30932,28611713.25,7.13,-4.61,-0.44,2.29
256,2001-09-07,9.09,9.0,9.41,9.0,18997,17444331.5,4.51,-1.1,-0.1,1.4
257,2001-09-14,8.92,8.75,9.3,8.75,27279,24503050.5,6.11,-2.78,-0.25,2.02
258,2001-09-21,8.7,8.15,8.7,8.15,22436,18777156.25,6.29,-6.86,-0.6,1.66
259,2001-09-28,8.08,7.55,8.14,7.51,20536,16004154.75,7.73,-7.36,-0.6,1.52
260,2001-10-12,7.55,7.29,7.65,6.8,18476,13355057.5,11.26,-3.44,-0.26,1.37
261,2001-10-19,7.32,6.88,7.38,6.7,11892,8437422.31,9.33,-5.62,-0.41,0.88
262,2001-10-26,6.8,7.25,7.62,6.4,44829,32357607.25,17.73,5.38,0.37,3.31
263,2001-11-02,7.27,7.43,7.58,7.21,19686,14598558.25,5.1,2.48,0.18,1.45
264,2001-11-09,7.46,7.01,7.5,6.58,16025,11297050.25,12.38,-5.65,-0.42,1.18
265,2001-11-16,7.06,7.15,7.7,6.81,13448,9699805.88,12.7,2.0,0.14,0.99
266,2001-11-23,7.15,7.45,7.55,7.11,23156,17107688.5,6.15,4.2,0.3,1.71
267,2001-11-30,7.48,7.93,8.12,7.35,49037,38343653.0,10.34,6.44,0.48,3.62
268,2001-12-07,7.95,7.99,8.13,7.78,40390,32312505.75,4.41,0.76,0.06,2.98
269,2001-12-14,7.99,7.46,8.02,7.4,18125,14000319.25,7.76,-6.63,-0.53,1.34
270,2001-12-21,7.42,7.25,7.64,7.1,12881,9475651.75,7.24,-2.82,-0.21,0.95
271,2001-12-28,7.25,7.18,7.33,7.1,9225,6642706.12,3.17,-0.97,-0.07,0.68
272,2002-01-04,7.2,7.07,7.29,7.05,3545,2547083.44,3.34,-1.53,-0.11,0.26
273,2002-01-11,6.98,6.69,7.05,6.6,15385,10450873.5,6.36,-5.37,-0.38,1.14
274,2002-01-18,6.58,6.03,6.72,5.86,19905,12668663.0,12.86,-9.87,-0.66,1.47
275,2002-01-25,5.8,5.7,5.99,4.8,45229,24736416.25,19.73,-5.47,-0.33,3.34
276,2002-02-01,5.59,5.98,6.15,4.9,51741,29667044.25,21.93,4.91,0.28,3.82
277,2002-02-08,5.98,6.04,6.24,5.84,33544,20336389.75,6.69,1.0,0.06,2.48
278,2002-03-01,6.18,6.05,6.35,6.02,29173,18133522.25,5.46,0.17,0.01,2.16
279,2002-03-08,6.03,7.07,7.24,5.97,119425,80841711.0,20.99,16.86,1.02,8.82
280,2002-03-15,7.03,6.77,7.3,6.7,84384,59687318.0,8.49,-4.24,-0.3,6.23
281,2002-03-22,6.88,7.14,7.37,6.71,78726,55981402.0,9.75,5.47,0.37,5.82
282,2002-03-29,7.14,6.85,7.25,6.8,40832,28833543.5,6.3,-4.06,-0.29,3.02
283,2002-04-05,6.85,7.4,7.58,6.76,97288,70577919.0,11.97,8.03,0.55,7.19
284,2002-04-12,7.5,7.4,7.65,7.3,74425,55663296.0,4.73,0.0,0.0,5.5
285,2002-04-19,7.35,7.25,7.54,7.02,32073,23285325.25,7.03,-2.03,-0.15,2.37
286,2002-04-26,7.21,7.25,7.29,7.0,20151,14357604.5,4.0,0.0,0.0,1.49
287,2002-04-30,7.22,7.41,7.42,7.19,15031,11015835.0,3.17,2.21,0.16,1.11
288,2002-05-10,7.36,7.29,7.4,7.1,17393,12591037.75,4.05,-1.62,-0.12,1.29
289,2002-05-17,7.26,7.16,7.49,6.91,77484,56491298.0,7.96,-1.78,-0.13,5.72
290,2002-05-24,7.1,7.41,7.99,6.84,312335,241237376.0,16.06,3.49,0.25,23.08
291,2002-05-30,7.41,7.17,7.57,6.95,61654,44644659.5,8.37,-3.24,-0.24,4.56
292,2002-06-07,7.0,6.94,7.08,6.3,77179,52417987.5,10.88,-3.21,-0.23,5.7
293,2002-06-14,6.89,6.66,7.0,6.65,31122,21357698.75,5.04,-4.03,-0.28,2.3
294,2002-06-21,6.66,7.23,7.25,6.62,53644,37750615.0,9.46,8.56,0.57,3.96
295,2002-06-28,7.95,7.68,8.28,7.55,196426,154780233.0,10.1,6.22,0.45,14.51
296,2002-07-05,7.68,7.92,8.23,7.61,134716,107617924.5,8.07,3.13,0.24,9.95
297,2002-07-12,7.95,7.75,8.13,7.7,48931,38552143.0,5.43,-2.15,-0.17,3.62
298,2002-07-19,7.75,8.04,8.1,7.7,121836,97064897.0,5.16,3.74,0.29,9.0
299,2002-07-26,8.02,7.99,8.4,7.89,208462,170079176.0,6.34,-0.62,-0.05,15.4
300,2002-08-02,7.99,7.79,8.0,7.61,60150,46781561.75,4.88,-2.5,-0.2,4.44
301,2002-08-09,7.8,7.66,7.88,7.62,28500,22088230.25,3.34,-1.67,-0.13,2.11
302,2002-08-16,7.66,7.52,7.74,7.3,32105,24192176.75,5.74,-1.83,-0.14,2.37
303,2002-08-23,7.5,7.58,7.7,7.35,30146,22776189.75,4.65,0.8,0.06,2.23
304,2002-08-29,7.6,7.51,7.62,7.4,23163,17343021.5,2.9,-0.92,-0.07,1.71
305,2002-09-06,7.58,7.42,7.69,7.4,25848,19570517.25,3.86,-1.2,-0.09,1.91
306,2002-09-13,7.4,7.16,7.4,7.06,18815,13522420.62,4.58,-3.5,-0.26,1.39
307,2002-09-20,7.1,7.09,7.2,6.9,15863,11217885.75,4.19,-0.98,-0.07,1.17
308,2002-09-27,7.09,7.05,7.29,7.0,21408,15359330.38,4.09,-0.56,-0.04,1.58
309,2002-10-11,7.08,6.68,7.08,6.51,11276,7631325.25,8.09,-5.25,-0.37,0.83
310,2002-10-18,6.68,6.59,6.82,6.51,13262,8855028.12,4.64,-1.35,-0.09,0.98
311,2002-10-25,6.6,6.54,6.83,6.53,20726,13844995.5,4.55,-0.76,-0.05,1.53
312,2002-11-01,6.54,6.38,6.55,6.28,13329,8497458.81,4.13,-2.45,-0.16,0.98
313,2002-11-08,6.46,6.37,6.8,6.37,23443,15344046.38,6.74,-0.16,-0.01,1.73
314,2002-11-15,6.37,5.84,6.42,5.75,24427,14680139.75,10.52,-8.32,-0.53,1.8
315,2002-11-22,5.88,5.4,5.92,5.26,24070,13347165.25,11.3,-7.53,-0.44,1.78
316,2002-11-29,5.42,6.12,6.29,5.35,187001,110661087.0,17.41,13.33,0.72,13.82
317,2002-12-06,6.08,6.13,6.26,5.84,87657,53566361.0,6.86,0.16,0.01,6.48
318,2002-12-13,6.13,6.1,6.23,5.78,59589,35779164.5,7.34,-0.49,-0.03,4.4
319,2002-12-20,6.08,6.29,6.34,6.05,85753,53642304.0,4.75,3.11,0.19,6.34
320,2002-12-27,6.3,5.81,6.38,5.7,45213,27422710.75,10.81,-7.63,-0.48,3.34
321,2003-01-03,5.78,5.54,5.8,5.41,22043,12366658.25,6.71,-4.65,-0.27,1.63
322,2003-01-10,5.5,5.8,5.99,5.5,32563,18795826.25,8.84,4.69,0.26,2.41
323,2003-01-17,5.7,6.32,6.5,5.7,88371,54889957.5,13.79,8.97,0.52,6.53
324,2003-01-24,6.31,6.23,6.38,6.06,39855,24750525.75,5.06,-1.42,-0.09,2.94
325,2003-01-29,6.23,6.3,6.36,6.21,20925,13164028.5,2.41,1.12,0.07,1.55
326,2003-02-14,6.33,6.39,6.58,6.16,58865,37766770.75,6.67,1.43,0.09,4.35
327,2003-02-21,6.38,6.24,6.49,6.22,30941,19597667.0,4.23,-2.35,-0.15,2.29
328,2003-02-28,6.21,6.46,6.54,6.2,38005,24356510.25,5.45,3.53,0.22,2.81
329,2003-03-07,6.45,6.22,6.52,6.16,26688,16960093.25,5.57,-3.72,-0.24,1.97
330,2003-03-14,6.26,6.16,6.28,6.06,25612,15820192.0,3.54,-0.96,-0.06,1.89
331,2003-03-21,6.15,6.03,6.21,5.92,20233,12263225.62,4.71,-2.11,-0.13,1.49
332,2003-03-28,6.09,5.99,6.14,5.8,18324,10948205.12,5.64,-0.66,-0.04,1.35
333,2003-04-04,6.0,6.04,6.16,5.96,21288,12903883.62,3.34,0.83,0.05,1.57
334,2003-04-11,6.04,6.24,6.28,5.83,52812,31704004.25,7.45,3.31,0.2,3.9
335,2003-04-18,6.29,6.26,6.47,6.0,97703,61049118.5,7.53,0.32,0.02,7.22
336,2003-04-25,6.26,6.05,6.74,5.95,120076,76636695.5,12.62,-3.35,-0.21,8.87
337,2003-04-30,6.05,5.86,6.14,5.82,39460,23444891.0,5.29,-3.14,-0.19,2.92
338,2003-05-16,5.88,6.08,6.2,5.52,56700,33453309.75,11.6,3.75,0.22,4.19
339,2003-05-23,6.1,6.35,6.38,6.02,60485,37518911.5,5.92,4.44,0.27,4.47
340,2003-05-29,6.38,6.33,6.47,6.17,56482,35694133.5,4.72,-0.31,-0.02,4.17
341,2003-06-06,6.5,6.12,6.5,6.1,35010,21835797.75,6.32,-3.32,-0.21,2.59
342,2003-06-13,6.12,6.44,6.66,5.96,73497,46558347.0,11.44,5.23,0.32,5.43
343,2003-06-20,6.41,6.66,6.88,6.34,187927,124605546.0,8.39,3.42,0.22,13.88
344,2003-06-27,6.7,6.41,6.86,6.4,115384,76431781.5,6.91,-3.75,-0.25,8.52
345,2003-07-04,6.38,6.79,6.82,6.35,102701,68353357.5,7.33,5.93,0.38,7.59
346,2003-07-11,6.78,7.08,7.13,6.69,199031,137945052.0,6.48,4.27,0.29,14.71
347,2003-07-18,7.08,6.83,7.24,6.8,160611,113480332.0,6.21,-3.53,-0.25,11.87
348,2003-07-25,6.8,7.12,7.18,6.71,89226,62106749.0,6.88,4.25,0.29,6.59
349,2003-08-01,7.12,6.67,7.37,6.6,149948,105516199.0,10.81,-6.32,-0.45,11.08
350,2003-08-08,6.65,6.93,7.15,6.55,109301,74898751.5,9.0,3.9,0.26,8.08
351,2003-08-15,7.0,6.81,7.12,6.7,72143,50163199.0,6.06,-1.73,-0.12,5.33
352,2003-08-22,6.83,6.65,6.83,6.48,38180,25297749.25,5.14,-2.35,-0.16,2.82
353,2003-08-29,6.62,6.59,6.72,6.45,42337,27825591.5,4.06,-0.9,-0.06,3.13
354,2003-09-05,6.6,7.05,7.1,6.53,93471,64653616.0,8.65,6.98,0.46,6.91
355,2003-09-12,7.12,6.88,7.25,6.84,85984,60499924.5,5.82,-2.41,-0.17,6.35
356,2003-09-19,6.92,7.87,7.96,6.85,329923,245090064.0,16.13,14.39,0.99,24.38
357,2003-09-26,7.86,7.38,8.12,7.36,276754,215196944.0,9.66,-6.23,-0.49,20.45
358,2003-09-30,7.34,8.17,8.17,7.21,175795,138088146.0,13.01,10.7,0.79,12.99
359,2003-10-10,8.3,8.83,9.1,8.21,372764,319474440.0,10.89,8.08,0.66,27.54
360,2003-10-17,8.83,8.21,9.2,8.15,409023,352892128.0,11.89,-7.02,-0.62,30.22
361,2003-10-24,8.2,7.91,8.52,7.7,355475,288169804.0,9.99,-3.65,-0.3,26.26
362,2003-10-31,7.85,7.55,7.97,7.1,288897,219143414.0,11.0,-4.55,-0.36,21.34
363,2003-11-07,7.6,7.82,8.15,7.53,232405,182729746.0,8.21,3.58,0.27,17.17
364,2003-11-14,7.82,8.26,8.35,7.53,253041,204817894.0,10.49,5.63,0.44,18.7
365,2003-11-21,8.3,7.89,8.35,7.43,321810,256082150.0,11.14,-4.48,-0.37,23.78
366,2003-11-28,7.8,8.4,8.94,7.7,410482,344101360.0,15.72,6.46,0.51,30.33
367,2003-12-05,8.45,8.65,9.03,8.2,263557,226380896.0,9.88,2.98,0.25,19.47
368,2003-12-12,8.67,8.4,8.79,8.31,136883,116773776.0,5.55,-2.89,-0.25,10.11
369,2003-12-19,8.41,7.82,8.61,7.75,139607,114042155.0,10.24,-6.9,-0.58,10.31
370,2003-12-26,7.72,8.13,8.45,7.44,210498,169735488.0,12.92,3.96,0.31,15.55
371,2004-01-02,8.0,7.96,8.05,7.75,58008,45756631.0,3.69,-2.09,-0.17,4.29
372,2004-01-09,7.8,8.63,9.24,7.76,295032,251474354.0,18.59,8.42,0.67,21.8
373,2004-01-16,8.65,8.78,9.03,8.35,192438,167763954.0,7.88,1.74,0.15,14.22
374,2004-01-30,8.88,9.66,10.26,8.88,244464,237557872.0,15.72,10.02,0.88,18.06
375,2004-02-06,9.97,10.04,10.65,9.38,383486,380115352.0,13.15,3.93,0.38,28.33
376,2004-02-13,10.1,9.46,10.38,9.43,228923,225700878.0,9.46,-5.78,-0.58,16.91
377,2004-02-20,9.5,10.49,10.7,9.5,452400,463601100.0,12.68,10.89,1.03,33.42
378,2004-02-27,10.5,11.49,11.5,9.65,720870,768790832.0,17.64,9.53,1.0,53.26
379,2004-03-05,11.55,11.48,12.45,11.43,629126,749469760.0,8.88,-0.09,-0.01,46.48
380,2004-03-12,11.4,11.53,11.99,10.3,507766,568514920.0,14.72,0.44,0.05,37.52
381,2004-03-19,11.45,12.1,12.6,11.3,466451,565608920.0,11.27,4.94,0.57,34.46
382,2004-03-26,12.12,11.94,12.25,11.6,177879,212296408.0,5.37,-1.32,-0.16,13.14
383,2004-04-02,11.85,11.27,11.85,11.08,221491,252420976.0,6.45,-5.61,-0.67,16.36
384,2004-04-09,11.25,11.19,11.59,10.82,256097,286464040.0,6.83,-0.71,-0.08,18.92
385,2004-04-16,11.25,9.98,11.55,9.51,162399,167115044.0,18.23,-10.81,-1.21,12.0
386,2004-04-23,9.98,9.0,10.0,8.82,174837,162386816.0,11.82,-9.82,-0.98,12.92
387,2004-04-30,8.94,8.89,9.14,8.34,143463,125623204.0,8.89,-1.22,-0.11,10.6
388,2004-05-14,8.92,9.05,9.59,8.55,150143,138493926.0,11.7,1.8,0.16,11.09
389,2004-05-21,9.0,8.99,9.55,8.82,76728,70598114.0,8.07,-0.66,-0.06,5.67
390,2004-05-28,9.0,8.77,9.09,8.52,58783,51513869.0,6.34,-2.45,-0.22,4.34
391,2004-06-04,8.76,8.74,9.22,8.65,83875,74768696.5,6.5,-0.34,-0.03,6.2
392,2004-06-11,8.8,7.79,8.86,7.55,83637,68088446.0,14.99,-10.87,-0.95,6.18
393,2004-06-18,7.7,7.49,7.9,7.37,69786,53014176.5,6.8,-3.85,-0.3,5.16
394,2004-06-25,7.15,6.19,7.15,6.01,207423,135484193.0,15.22,-17.36,-1.3,15.32
395,2004-07-02,6.08,6.75,6.87,5.92,224530,144452482.0,15.35,9.05,0.56,16.59
396,2004-07-09,6.75,6.3,6.87,6.22,142501,94350352.0,9.63,-6.67,-0.45,10.53
397,2004-07-16,6.25,6.6,6.7,5.9,123657,77888689.0,12.7,4.76,0.3,9.14
398,2004-07-23,6.64,6.59,7.04,6.31,171468,115536797.0,11.06,-0.15,-0.01,12.67
399,2004-07-30,6.54,6.72,7.0,6.31,136369,92225908.5,10.47,1.97,0.13,10.08
400,2004-08-06,6.7,6.75,7.15,6.61,152693,106018700.0,8.04,0.45,0.03,11.28
401,2004-08-13,6.79,7.25,7.35,6.71,201671,143521815.0,9.48,7.41,0.5,14.9
402,2004-08-20,7.23,7.14,7.55,7.01,193839,142237374.0,7.45,-1.52,-0.11,14.32
403,2004-08-27,7.06,6.31,7.18,6.3,156170,102197188.0,12.32,-11.62,-0.83,11.54
404,2004-09-03,6.25,6.67,6.84,6.05,102392,67536804.0,12.52,5.71,0.36,7.56
405,2004-09-09,6.67,6.35,6.75,6.1,61530,39857511.0,9.75,-4.8,-0.32,4.55
406,2004-09-17,6.27,7.07,7.1,6.03,171701,115079542.0,16.85,11.34,0.72,12.69
407,2004-09-24,7.18,7.66,8.36,7.03,398002,312091696.0,18.81,8.35,0.59,29.41
408,2004-09-30,7.91,7.71,8.38,7.4,207491,166421990.0,12.79,0.65,0.05,15.33
409,2004-10-08,7.71,8.0,8.06,7.48,26183,20324304.0,7.52,3.76,0.29,1.93
410,2004-10-15,7.99,7.37,8.32,7.2,167858,132709098.0,14.0,-7.88,-0.63,12.4
411,2004-10-22,7.4,7.5,7.68,7.11,91777,67998996.0,7.73,1.76,0.13,6.78
412,2004-10-29,7.62,7.38,7.89,7.15,118933,90770110.0,9.87,-1.6,-0.12,8.79
413,2004-11-05,7.35,6.8,7.45,6.68,92412,64135631.0,10.43,-7.86,-0.58,6.83
414,2004-11-12,6.8,7.1,7.4,6.6,97180,68818986.5,11.76,4.41,0.3,7.18
415,2004-11-19,7.1,7.48,7.86,7.0,119647,88924020.0,12.11,5.35,0.38,8.84
416,2004-11-26,7.5,7.26,7.55,7.17,62370,45838143.0,5.08,-2.94,-0.22,4.61
417,2004-12-03,7.25,7.3,7.34,7.01,46540,33291208.5,4.55,0.55,0.04,3.44
418,2004-12-10,7.32,7.04,7.37,7.01,42039,30175583.5,4.93,-3.56,-0.26,3.11
419,2004-12-17,7.0,6.66,7.08,6.65,41714,28709368.75,6.11,-5.4,-0.38,3.08
420,2004-12-24,6.62,6.77,6.98,6.58,21568,14608245.75,6.01,1.65,0.11,1.59
421,2004-12-31,6.81,6.24,6.81,6.06,32526,21115328.5,11.08,-7.83,-0.53,2.4
422,2005-01-07,6.16,5.97,6.36,5.65,31831,19292603.0,11.38,-4.33,-0.27,2.35
423,2005-01-14,5.96,6.0,6.15,5.8,37041,22291659.25,5.86,0.5,0.03,2.74
424,2005-01-21,5.9,5.9,5.96,5.65,35597,20677856.75,5.17,-1.67,-0.1,2.63
425,2005-01-28,6.2,5.83,6.27,5.8,34732,20672707.75,7.97,-1.19,-0.07,2.57
426,2005-02-04,5.83,6.05,6.2,5.4,71448,41920082.0,13.72,3.77,0.22,5.28
427,2005-02-18,6.18,6.0,6.18,5.99,20431,12422400.0,3.14,-0.83,-0.05,1.51
428,2005-02-25,6.0,6.29,6.39,6.0,83423,52350402.0,6.5,4.83,0.29,6.16
429,2005-03-04,6.26,6.87,6.97,6.15,228714,152129453.0,13.04,9.22,0.58,16.9
430,2005-03-11,6.94,6.5,7.09,6.17,164497,111551362.0,13.39,-5.39,-0.37,12.15
431,2005-03-18,6.44,5.79,6.44,5.78,85707,52657783.5,10.15,-10.92,-0.71,6.33
432,2005-03-25,5.78,5.94,6.1,5.67,56073,32887493.5,7.43,2.59,0.15,4.14
433,2005-04-01,5.9,6.36,6.43,5.82,103619,63321059.5,10.27,7.07,0.42,7.66
434,2005-04-08,6.28,6.16,6.28,5.74,93032,56327699.0,8.49,-3.14,-0.2,6.87
435,2005-04-15,6.22,6.74,6.79,6.07,214953,139641390.0,11.69,9.42,0.58,15.88
436,2005-04-22,6.74,6.62,6.75,6.26,146286,96097764.0,7.27,-1.78,-0.12,10.81
437,2005-04-29,6.65,6.48,6.83,6.26,221221,146274246.0,8.61,-2.11,-0.14,16.34
438,2005-05-13,6.48,5.9,6.62,5.7,79622,47716743.0,14.2,-8.95,-0.58,5.88
439,2005-05-20,5.86,6.19,6.22,5.63,59975,35945603.0,10.0,4.92,0.29,4.43
440,2005-05-27,6.19,5.91,6.49,5.8,129541,80312260.0,11.15,-4.52,-0.28,9.57
441,2005-06-03,5.93,5.8,6.02,5.65,45149,26355015.5,6.26,-1.86,-0.11,3.34
442,2005-06-10,5.81,6.34,6.48,5.65,138714,85933989.0,14.31,9.31,0.54,10.25
443,2005-06-17,6.27,5.94,6.32,5.8,78356,47575311.5,8.2,-6.31,-0.4,5.79
444,2005-06-24,5.92,5.99,6.18,5.75,56841,34091651.5,7.24,0.84,0.05,4.2
445,2005-07-01,6.0,5.99,6.36,5.88,132345,81969918.0,8.01,0.0,0.0,9.78
446,2005-07-08,5.9,5.81,6.08,5.77,52746,31249230.5,5.18,-3.01,-0.18,3.9
447,2005-07-15,5.82,5.88,6.14,5.79,65091,38850226.0,6.02,1.2,0.07,4.81
448,2005-07-22,5.85,5.94,5.97,5.7,53848,31476551.5,4.59,1.02,0.06,3.98
449,2005-07-29,5.94,6.36,6.39,5.85,190036,118311917.0,9.09,7.07,0.42,14.04
450,2005-08-05,6.36,6.45,6.46,6.15,220251,139753419.0,4.87,1.42,0.09,16.27
451,2005-08-12,6.5,6.68,6.95,6.41,244397,161026044.0,8.37,3.57,0.23,18.06
452,2005-08-19,6.69,6.5,6.99,6.41,229238,154986666.0,8.68,-2.69,-0.18,16.94
453,2005-08-26,6.5,6.5,6.63,6.37,93806,61025923.0,4.0,0.0,0.0,6.93
454,2005-09-02,6.5,6.72,6.78,6.38,113716,74930575.5,6.15,3.38,0.22,8.4
455,2005-09-09,6.75,6.75,6.95,6.51,163803,110981657.0,6.55,0.45,0.03,12.1
456,2005-09-16,6.77,7.09,7.24,6.71,169342,119068799.0,7.85,5.04,0.34,12.51
457,2005-09-23,7.1,6.87,7.19,6.8,188351,131453932.0,5.5,-3.1,-0.22,13.92
458,2005-09-30,6.87,7.24,7.32,6.81,146781,104514540.0,7.42,5.39,0.37,10.84
459,2005-10-14,7.24,7.39,7.57,7.18,173293,128509270.0,5.39,2.07,0.15,12.8
460,2005-10-21,7.39,7.6,7.78,7.2,167332,125716152.0,7.85,2.84,0.21,12.36
461,2005-10-28,7.55,7.58,8.05,7.43,165025,127777526.0,8.16,-0.26,-0.02,12.19
462,2005-11-04,7.58,7.24,7.64,6.97,119308,86687699.5,8.84,-4.49,-0.34,8.81
463,2005-11-11,7.24,7.22,7.51,7.1,89915,65992053.5,5.66,-0.28,-0.02,6.64
464,2005-11-18,7.17,7.14,7.36,6.86,88080,62352604.5,6.93,-1.11,-0.08,6.51
465,2005-11-25,7.14,7.22,7.23,6.88,66912,47633446.5,4.9,1.12,0.08,4.94
466,2005-12-02,7.2,7.17,7.32,7.03,57927,41787328.5,4.02,-0.69,-0.05,4.28
467,2005-12-09,7.13,6.89,7.13,6.66,76619,52352546.5,6.56,-3.91,-0.28,5.66
468,2005-12-16,6.9,7.25,7.33,6.8,101673,71854357.5,7.69,5.22,0.36,7.51
469,2005-12-23,7.25,7.41,7.45,7.16,81976,59767442.0,4.0,2.21,0.16,6.06
470,2005-12-30,7.41,7.77,8.07,7.29,247132,189925429.0,10.53,4.86,0.36,18.26
471,2006-01-20,8.55,8.91,9.2,8.55,113669,102258376.25,8.37,14.67,1.14,8.4
472,2006-01-25,8.85,9.46,9.65,8.72,112827,104180384.0,10.44,6.17,0.55,8.34
473,2006-02-06,9.5,9.62,9.67,9.3,37796,36259532.0,3.91,1.69,0.16,2.79
474,2006-03-03,7.5,7.18,7.8,6.97,299649,222223404.0,8.63,-25.36,-2.44,16.64
475,2006-03-10,7.2,7.17,7.35,6.88,130700,93239975.0,6.55,-0.14,-0.01,7.26
476,2006-03-17,7.18,7.28,7.46,7.02,178402,129594496.0,6.14,1.53,0.11,9.91
477,2006-03-24,7.25,8.4,8.7,7.18,269978,215290048.0,20.88,15.38,1.12,15.0
478,2006-03-31,8.42,8.37,8.55,8.06,129421,107295636.0,5.83,-0.36,-0.03,7.19
479,2006-04-07,8.35,9.14,9.28,8.3,255495,229861032.0,11.71,9.2,0.77,14.19
480,2006-04-14,9.08,8.62,9.37,8.26,153621,136834534.0,12.14,-5.69,-0.52,8.53
481,2006-04-21,8.73,8.59,9.35,8.39,205598,182286648.0,11.14,-0.35,-0.03,11.42
482,2006-04-28,8.57,9.76,9.76,8.0,409047,371458930.0,20.49,13.62,1.17,22.72
483,2006-05-12,10.0,11.77,12.12,10.0,469468,531823408.0,21.72,20.59,2.01,26.08
484,2006-05-19,11.76,12.04,14.25,11.55,321909,400090260.0,22.94,2.29,0.27,17.88
485,2006-05-26,12.0,11.59,12.6,10.35,235590,263803532.0,18.69,-3.74,-0.45,13.09
486,2006-06-02,11.61,12.48,13.09,11.3,263132,317907616.0,15.44,7.68,0.89,14.61
487,2006-06-09,12.45,10.7,12.8,10.5,151200,174244546.0,18.43,-14.26,-1.78,8.4
488,2006-06-16,10.56,11.25,11.5,10.0,128570,136803370.0,14.02,5.14,0.55,7.14
489,2006-06-23,11.09,11.96,12.29,10.88,142474,167966662.0,12.53,6.31,0.71,7.91
490,2006-06-30,12.0,13.81,14.0,12.0,256662,337645992.0,16.72,15.47,1.85,14.26
491,2006-07-07,13.86,13.5,14.3,13.32,200678,277889316.0,7.1,-2.24,-0.31,11.15
492,2006-07-14,13.32,13.36,14.65,12.8,234474,317388068.0,13.7,-1.04,-0.14,13.02
493,2006-07-21,13.65,13.07,14.36,12.69,138430,187349425.0,12.5,-2.17,-0.29,7.69
494,2006-07-28,12.89,12.99,13.87,12.5,118624,159010840.0,10.48,-0.61,-0.08,6.59
495,2006-08-04,13.29,11.48,13.29,11.43,111633,136689058.0,14.32,-11.62,-1.51,6.2
496,2006-08-11,11.39,12.35,12.55,11.13,68637,82103215.0,12.37,7.58,0.87,3.81
497,2006-08-18,12.28,12.5,12.69,11.7,63533,78029663.0,8.02,1.21,0.15,3.53
498,2006-08-25,12.15,13.3,13.55,12.1,117546,153157259.0,11.6,6.4,0.8,6.53
499,2006-09-01,13.72,12.78,13.9,12.78,76317,102049472.0,8.42,-3.91,-0.52,4.24
500,2006-09-08,12.75,12.78,13.53,12.64,72509,94611768.0,6.96,0.0,0.0,4.03
501,2006-09-15,12.8,12.27,13.05,12.08,130759,162701060.0,7.59,-3.99,-0.51,7.26
502,2006-09-22,12.3,13.25,13.44,12.3,129774,167629410.0,9.29,7.99,0.98,7.21
503,2006-09-29,13.21,14.24,14.55,13.07,163259,226894346.0,11.17,7.47,0.99,9.07
504,2006-10-13,14.33,14.85,15.65,14.33,170362,257252301.0,9.27,4.28,0.61,9.46
505,2006-10-20,14.84,13.91,15.06,13.8,293139,421121497.0,8.48,-6.33,-0.94,16.28
506,2006-10-27,13.78,13.55,14.92,13.45,178445,253320104.0,10.57,-2.59,-0.36,9.91
507,2006-11-03,13.55,13.31,13.88,12.79,159937,211056690.0,8.04,-1.77,-0.24,8.88
508,2006-11-10,13.15,12.48,13.36,12.4,181813,234045676.0,7.21,-6.24,-0.83,10.1
509,2006-11-17,12.45,12.4,12.82,11.7,137925,169826992.0,8.97,-0.64,-0.08,7.66
510,2006-11-24,12.42,12.98,13.29,11.71,174569,219725682.0,12.74,4.68,0.58,9.7
511,2006-12-01,13.03,14.46,15.02,12.7,230642,323829794.0,17.87,11.4,1.48,12.81
512,2006-12-08,14.5,13.1,15.09,13.1,243318,340061072.0,13.76,-9.41,-1.36,13.51
513,2006-12-15,13.1,14.85,15.15,13.1,276362,385808952.0,15.65,13.36,1.75,15.35
514,2006-12-22,14.78,17.28,17.67,14.62,438701,706140696.0,20.54,16.36,2.43,24.37
515,2006-12-29,17.6,20.05,20.2,16.6,299989,548788016.0,20.83,16.03,2.77,16.66
516,2007-01-04,20.11,22.0,22.06,20.11,82106,179399856.0,9.73,9.73,1.95,4.56
517,2007-01-12,22.31,23.0,24.15,20.8,279579,634263368.0,15.23,4.55,1.0,15.53
518,2007-01-19,22.96,27.91,28.0,22.8,224976,586643200.0,22.61,21.35,4.91,12.5
519,2007-01-26,27.9,26.08,29.44,24.77,164754,447402000.0,16.73,-6.56,-1.83,9.15
520,2007-02-02,26.09,23.36,27.15,22.7,142631,358200404.0,17.06,-10.43,-2.72,7.92
521,2007-02-09,22.51,26.9,27.2,22.51,81104,200805160.0,20.08,15.15,3.54,4.5
522,2007-02-16,26.88,28.65,29.1,26.26,114992,315861544.0,10.56,6.51,1.75,6.39
523,2007-03-02,29.3,22.97,29.36,22.3,135925,332951616.0,24.64,-19.83,-5.68,7.55
524,2007-03-09,22.98,23.88,25.17,22.8,182663,436302412.0,10.32,3.96,0.91,9.79
525,2007-03-16,23.9,25.82,26.0,23.36,194870,483275024.0,11.06,8.12,1.94,10.44
526,2007-03-23,24.51,23.49,27.05,23.0,269478,664994496.0,15.69,-9.02,-2.33,14.44
527,2007-03-30,23.81,24.92,24.97,23.1,278004,672162120.0,7.96,6.09,1.43,14.9
528,2007-04-06,25.31,20.25,30.03,17.9,515022,1267616048.0,48.68,-18.74,-4.67,17.25
529,2007-04-13,22.28,22.28,22.28,21.0,57976,127261528.0,6.32,10.02,2.03,1.94
530,2007-04-20,23.0,20.54,23.2,19.26,575858,1220670032.0,17.68,-7.81,-1.74,19.29
531,2007-04-27,21.0,19.8,22.09,19.6,398968,836219832.0,12.12,-3.6,-0.74,13.36
532,2007-04-30,19.65,20.23,20.5,19.63,74055,147942352.0,4.39,2.17,0.43,2.48
533,2007-05-11,20.36,24.06,24.7,20.28,617075,1402722240.0,21.85,18.93,3.83,20.67
534,2007-05-18,23.5,22.84,24.7,20.96,620660,1402509552.0,15.54,-5.07,-1.22,20.79
535,2007-05-25,24.2,24.53,25.7,23.31,488793,1203254192.0,10.46,7.4,1.69,16.37
536,2007-06-15,26.98,28.98,31.0,26.98,325871,967821088.0,16.39,18.14,4.45,10.92
537,2007-06-22,29.26,25.9,30.4,25.3,559860,1604556304.0,17.6,-10.63,-3.08,18.75
538,2007-06-29,25.82,24.0,27.8,23.5,416403,1082792208.0,16.6,-7.34,-1.9,13.95
539,2007-07-06,23.87,22.86,24.5,19.8,358867,813844912.0,19.58,-4.75,-1.14,12.02
540,2007-07-13,22.95,21.21,23.92,20.98,202077,448666680.0,12.86,-7.22,-1.65,6.77
541,2007-07-20,21.3,22.69,22.99,19.9,200162,434406488.0,14.57,6.98,1.48,6.7
542,2007-07-27,22.5,23.8,24.96,22.5,331517,786746488.0,10.84,4.89,1.11,11.1
543,2007-08-03,23.91,24.9,25.84,23.25,529431,1302929024.0,10.88,4.62,1.1,17.73
544,2007-08-10,25.1,25.19,28.57,24.5,689885,1833650576.0,16.35,1.16,0.29,23.11
545,2007-08-17,25.2,23.93,26.08,23.9,311953,780028384.0,8.65,-5.0,-1.26,10.45
546,2007-08-24,24.6,27.01,28.1,24.21,544454,1443344448.0,16.26,12.87,3.08,18.24
547,2007-08-31,27.6,26.25,27.8,25.48,308577,808255792.0,8.59,-2.81,-0.76,10.34
548,2007-09-07,26.8,27.3,28.9,26.55,447937,1228359680.0,8.95,4.0,1.05,14.88
549,2007-09-14,27.27,26.25,28.88,24.88,409578,1111034080.0,14.65,-3.85,-1.05,13.61
550,2007-09-21,26.2,26.02,27.2,24.9,443585,1144064896.0,8.76,-0.88,-0.23,14.74
551,2007-09-28,26.05,25.1,26.1,23.96,261144,651683624.0,8.22,-3.54,-0.92,8.68
552,2007-10-12,25.65,23.89,26.68,22.88,344422,867206448.0,15.14,-4.82,-1.21,11.44
553,2007-10-19,23.9,23.25,24.5,23.0,285759,672973976.0,6.28,-2.68,-0.64,9.49
554,2007-10-26,23.65,19.0,24.4,18.98,301650,649495744.0,23.31,-18.28,-4.25,10.02
555,2007-11-02,19.04,18.59,20.88,18.0,324498,631488952.0,15.16,-2.16,-0.41,10.78
556,2007-11-09,18.58,17.53,19.59,17.2,163721,304859496.0,12.86,-5.7,-1.06,5.44
557,2007-11-16,17.0,16.9,17.65,16.08,226144,381929688.0,8.96,-3.59,-0.63,7.51
558,2007-11-23,17.0,17.01,19.0,16.51,242144,429612980.0,14.73,0.65,0.11,8.04
559,2007-11-30,17.5,15.92,17.62,15.2,248401,404641236.0,14.23,-6.41,-1.09,8.25
560,2007-12-07,16.38,18.18,18.58,16.21,358945,629244748.0,14.89,14.2,2.26,11.93
561,2007-12-14,17.95,18.57,19.83,17.67,412931,778259520.0,11.88,2.15,0.39,13.72
562,2007-12-21,18.58,20.0,20.07,17.8,297883,562852008.0,12.22,7.7,1.43,9.9
563,2007-12-28,20.48,20.43,21.71,20.0,309831,640392760.0,8.55,2.15,0.43,10.29
564,2008-01-04,20.22,21.83,22.45,20.22,205651,443537664.0,10.92,6.85,1.4,6.83
565,2008-01-11,22.12,22.64,23.87,21.68,401516,923476112.0,10.03,3.71,0.81,13.25
566,2008-01-18,22.75,21.75,23.45,21.2,245435,550810552.0,9.94,-3.93,-0.89,8.1
567,2008-01-25,21.75,19.5,21.9,17.91,371539,720142576.0,18.34,-10.34,-2.25,12.26
568,2008-02-01,19.37,18.0,19.37,17.0,170563,316011792.0,12.15,-7.69,-1.5,5.63
569,2008-02-05,18.54,19.44,19.98,18.5,47815,92778420.0,8.22,8.0,1.44,1.58
570,2008-02-15,19.59,19.13,19.88,18.99,38210,74227572.0,4.58,-1.59,-0.31,1.26
571,2008-02-22,19.25,18.7,20.3,18.18,127578,245671128.0,11.08,-2.25,-0.43,4.21
572,2008-02-29,18.72,17.92,18.98,17.6,92312,168676387.0,7.38,-4.17,-0.78,3.05
573,2008-03-07,17.99,18.72,18.94,17.4,159458,290937412.0,8.59,4.46,0.8,5.26
574,2008-03-14,18.56,15.04,18.68,14.57,202664,326739320.0,21.96,-19.66,-3.68,6.69
575,2008-03-21,15.0,14.0,15.0,12.3,338494,457539164.0,17.95,-6.91,-1.04,11.17
576,2008-03-28,14.19,13.91,14.49,12.68,289963,399198504.0,12.93,-0.64,-0.09,9.57
577,2008-04-03,13.33,11.15,13.65,10.5,194668,229370928.0,22.65,-19.84,-2.76,6.43
578,2008-04-11,11.0,12.05,12.66,10.68,230758,275203368.0,17.76,8.07,0.9,7.62
579,2008-04-18,11.7,9.4,11.79,9.35,225769,235867992.0,20.25,-21.99,-2.65,7.45
580,2008-04-25,10.32,11.27,11.56,8.58,504674,519167900.0,31.7,19.89,1.87,16.66
581,2008-04-30,11.0,11.8,11.91,10.82,224743,255489280.0,9.67,4.7,0.53,7.42
582,2008-05-09,12.06,11.12,12.66,10.85,410674,479516744.0,15.34,-5.76,-0.68,13.56
583,2008-05-16,10.6,11.74,12.66,10.52,401374,478718192.0,19.24,5.58,0.62,13.25
584,2008-05-23,11.68,10.46,12.0,10.31,181365,199902832.0,14.4,-10.9,-1.28,5.99
585,2008-05-29,10.3,10.03,10.55,9.9,85894,87368995.0,6.21,-4.11,-0.43,2.84
586,2008-06-06,10.0,10.06,10.48,9.8,87971,89205507.0,6.78,0.3,0.03,2.9
587,2008-06-13,9.56,8.08,9.67,8.03,87043,76217378.0,16.3,-19.68,-1.98,2.87
588,2008-06-20,8.08,7.05,8.3,6.4,201088,145453106.0,23.51,-12.75,-1.03,6.64
589,2008-06-27,7.0,7.25,7.94,6.8,126668,94463747.0,16.17,2.84,0.2,4.18
590,2008-07-04,7.2,7.49,7.62,6.83,83193,60388331.0,10.9,3.31,0.24,2.75
591,2008-07-11,7.49,8.06,8.57,7.49,192213,155461560.0,14.42,7.61,0.57,6.34
592,2008-07-18,8.05,7.36,8.25,6.96,112629,84806726.0,16.0,-8.68,-0.7,3.72
593,2008-07-25,7.4,8.92,8.92,7.2,338284,288042818.0,23.37,21.2,1.56,11.17
594,2008-08-01,8.9,8.84,9.66,8.26,562238,510460248.0,15.7,-0.9,-0.08,18.56
595,2008-08-08,8.61,8.26,9.2,8.15,227540,197771258.0,11.88,-6.56,-0.58,7.51
596,2008-08-15,8.26,7.25,8.43,7.13,176339,133031466.0,15.74,-12.23,-1.01,5.82
597,2008-08-22,7.28,7.56,7.74,6.46,220057,157696138.0,17.66,4.28,0.31,7.26
598,2008-08-29,7.7,6.75,7.7,6.5,161461,110161454.0,15.87,-10.71,-0.81,5.33
599,2008-09-05,6.68,6.07,6.68,5.8,254735,157335756.0,13.04,-10.07,-0.68,8.41
600,2008-09-12,6.07,6.05,6.19,5.75,125214,74435058.0,7.25,-0.33,-0.02,4.13
601,2008-09-19,6.05,7.16,7.16,5.9,216203,139274712.0,20.83,18.35,1.11,7.14
602,2008-09-26,7.7,6.64,7.88,6.27,427634,293847290.0,22.49,-7.26,-0.52,14.12
603,2008-10-10,6.48,6.36,6.6,5.2,236392,138666074.0,21.08,-4.22,-0.28,7.8
604,2008-10-17,5.72,4.8,6.12,4.63,336359,182049064.0,23.43,-24.53,-1.56,11.1
605,2008-10-24,4.4,4.6,4.97,4.37,345827,160133386.0,12.5,-4.17,-0.2,11.42
606,2008-10-31,4.46,3.81,4.5,3.8,209531,84749066.0,15.22,-17.17,-0.79,6.92
607,2008-11-07,3.84,3.81,3.91,3.56,156721,58465515.0,9.19,0.0,0.0,5.17
608,2008-11-14,3.87,4.69,4.69,3.87,443082,193251256.0,21.52,23.1,0.88,14.63
609,2008-11-21,4.64,4.74,5.26,4.29,711560,339382900.0,20.68,1.07,0.05,23.49
610,2008-11-28,4.7,4.72,4.76,4.15,412197,186376642.0,12.87,-0.42,-0.02,13.61
611,2008-12-05,4.72,5.05,5.26,4.48,683558,337319888.0,16.53,6.99,0.33,22.56
612,2008-12-12,5.07,4.91,5.63,4.91,570075,302205136.0,14.26,-2.77,-0.14,18.82
613,2008-12-19,5.07,5.32,5.49,4.7,405204,207798222.0,16.09,8.35,0.41,13.38
614,2008-12-26,5.3,4.64,5.35,4.46,348650,169126610.0,16.73,-12.78,-0.68,11.51
615,2008-12-31,4.51,4.82,4.92,4.32,411029,192571338.0,12.93,3.88,0.18,13.57
616,2009-01-09,4.93,5.09,5.58,4.85,694604,358607844.0,15.15,5.6,0.27,22.93
617,2009-01-16,5.05,5.47,5.57,4.86,670421,353311896.0,13.95,7.47,0.38,22.12
618,2009-01-23,5.55,5.93,6.16,5.33,624718,358216794.0,15.17,8.41,0.46,20.61
619,2009-02-06,6.01,6.89,7.41,5.88,951650,639666404.0,25.8,16.19,0.96,31.4
620,2009-02-13,6.93,7.17,7.33,6.61,918298,637342448.0,10.45,4.06,0.28,30.3
621,2009-02-20,7.19,6.91,7.64,6.53,884718,628032488.0,15.48,-3.63,-0.26,29.19
622,2009-02-27,7.03,6.02,7.5,6.01,837632,592183576.0,21.56,-12.88,-0.89,27.63
623,2009-03-06,5.93,7.6,7.7,5.8,644113,445431536.0,31.56,26.25,1.58,21.25
624,2009-03-13,7.5,6.85,8.0,6.84,560858,413719028.0,15.26,-9.87,-0.75,18.5
625,2009-03-20,6.9,7.27,7.55,6.59,672313,484875240.0,14.01,6.13,0.42,22.18
626,2009-03-27,7.39,7.96,8.36,7.39,1226528,965563440.0,13.34,9.49,0.69,40.47
627,2009-04-03,7.9,7.57,8.0,7.51,602484,470042528.0,6.16,-4.9,-0.39,19.88
628,2009-04-10,7.59,7.91,7.95,7.37,551114,427408364.0,7.66,4.49,0.34,18.18
629,2009-04-17,7.98,7.69,8.19,7.68,712323,565351808.0,6.45,-2.78,-0.22,23.5
630,2009-04-24,7.65,7.35,7.83,7.21,427145,324651724.0,8.06,-4.42,-0.34,7.99
631,2009-04-30,7.32,7.22,7.38,6.67,269191,187404720.0,9.66,-1.77,-0.13,5.04
632,2009-05-08,7.24,7.62,7.78,7.15,374394,282297256.0,8.73,5.54,0.4,7.01
633,2009-05-15,7.74,7.97,8.4,7.12,696202,547728604.0,16.8,4.59,0.35,13.03
634,2009-05-21,7.88,7.66,8.44,7.65,526390,424755864.0,9.91,-3.89,-0.31,9.85
635,2009-05-27,7.41,8.44,8.44,7.41,563182,457490224.0,13.45,10.18,0.78,10.54
636,2009-06-05,8.62,8.49,9.16,8.33,1093506,948335576.0,9.83,0.59,0.05,20.46
637,2009-06-12,8.48,7.99,8.86,7.88,409358,340582608.0,11.54,-5.89,-0.5,7.66
638,2009-06-19,7.82,8.0,8.1,7.64,510259,401704072.0,5.76,0.13,0.01,9.55
639,2009-06-26,8.05,7.88,8.14,7.74,350004,278272152.0,5.0,-1.5,-0.12,6.55
640,2009-07-03,7.87,7.8,8.05,7.61,406617,317141260.0,5.58,-1.02,-0.08,7.61
641,2009-07-10,7.92,8.27,8.52,7.63,835111,681279680.0,11.41,6.03,0.47,15.63
642,2009-07-17,8.19,8.6,8.7,8.17,715323,603898248.0,6.41,3.99,0.33,13.39
643,2009-07-24,8.59,8.59,9.3,8.42,950268,845595248.0,10.23,-0.12,-0.01,17.78
644,2009-07-31,8.59,8.78,9.04,8.03,701764,605811560.0,11.76,2.21,0.19,13.13
645,2009-08-07,8.84,9.24,10.44,8.84,1531572,1497025360.0,18.22,5.24,0.46,28.62
646,2009-08-14,9.4,8.42,9.79,8.38,559449,513088736.0,15.26,-8.87,-0.82,10.45
647,2009-08-21,8.34,8.18,8.38,7.6,510607,409997348.0,9.26,-2.85,-0.24,9.54
648,2009-08-28,8.18,7.99,8.39,7.65,418603,338344196.0,9.05,-2.32,-0.19,7.82
649,2009-09-04,7.96,7.72,7.96,7.2,292384,219411934.0,9.51,-3.38,-0.27,5.46
650,2009-09-11,7.74,8.08,8.15,7.64,287037,227919640.0,6.61,4.66,0.36,5.36
651,2009-09-18,8.18,8.0,8.49,7.9,483649,397365516.0,7.3,-0.99,-0.08,9.04
652,2009-09-25,7.89,8.25,8.34,7.6,406669,324913452.0,9.25,3.13,0.25,7.6
653,2009-09-30,8.25,8.58,8.75,7.65,557534,464975120.0,13.33,4.0,0.33,10.42
654,2009-10-09,8.66,8.79,8.88,8.51,260849,228119376.0,4.31,2.45,0.21,4.87
655,2009-10-16,8.74,8.81,8.85,8.3,659428,565387952.0,6.26,0.23,0.02,12.31
656,2009-10-23,8.75,8.61,9.05,8.46,671565,586368296.0,6.7,-2.27,-0.2,12.54
657,2009-10-30,8.63,10.11,10.11,8.17,1286875,1199736896.0,22.53,17.42,1.5,24.02
658,2009-11-06,10.35,11.3,11.88,10.15,2562972,2859162400.0,17.11,11.77,1.19,47.85
659,2009-11-13,11.2,11.11,11.89,10.72,1361248,1520686928.0,10.35,-1.68,-0.19,25.41
660,2009-11-20,10.9,13.2,13.9,10.83,1551438,1880132800.0,27.63,18.81,2.09,28.96
661,2009-11-27,13.11,11.81,13.28,10.96,1152156,1405315040.0,17.58,-10.53,-1.39,21.51
662,2009-12-04,11.83,12.53,12.99,11.68,845425,1035071552.0,11.09,6.1,0.72,15.78
663,2009-12-11,12.61,11.77,12.68,11.56,627048,760383264.0,8.94,-6.07,-0.76,11.71
664,2009-12-18,11.64,10.6,11.8,10.58,331006,377133300.0,10.37,-9.94,-1.17,6.18
665,2009-12-25,10.65,11.4,12.19,10.51,484569,557074028.0,15.85,7.55,0.8,9.05
666,2009-12-31,11.4,11.32,11.5,10.89,354732,398900384.0,5.35,-0.7,-0.08,6.62
667,2010-01-08,11.35,11.2,11.69,10.79,429704,481626660.0,7.95,-1.06,-0.12,8.02
668,2010-01-15,11.35,11.95,12.15,10.92,586790,672887028.0,10.98,6.7,0.75,10.95
669,2010-01-22,11.96,10.76,12.23,10.3,539015,626001280.0,16.15,-9.96,-1.19,10.06
670,2010-01-29,10.63,10.35,10.88,10.1,188875,197267184.0,7.25,-3.81,-0.41,3.52
671,2010-02-05,10.41,10.67,10.9,9.95,220224,230194508.0,9.18,3.09,0.32,4.11
672,2010-02-12,10.66,10.97,11.38,10.45,248335,268896796.0,8.72,2.81,0.3,4.63
673,2010-02-26,10.9,11.37,11.61,10.68,363615,406256140.0,8.48,3.65,0.4,6.78
674,2010-03-05,11.4,10.82,11.69,10.7,465262,524035836.0,8.71,-4.84,-0.55,8.68
675,2010-03-12,10.82,10.75,11.32,10.74,259848,285236268.0,5.36,-0.65,-0.07,4.85
676,2010-03-19,10.75,11.74,11.98,10.51,644815,739731264.0,13.67,9.21,0.99,12.02
677,2010-03-26,11.82,12.37,12.66,11.53,879741,1058933832.0,9.63,5.37,0.63,16.39
678,2010-04-02,12.34,12.65,12.83,12.1,693140,856315200.0,5.9,2.26,0.28,12.92
679,2010-04-09,12.66,12.95,13.5,12.56,718433,935192560.0,7.43,2.37,0.3,13.39
680,2010-04-16,13.35,15.03,16.1,13.04,1564219,2323200320.0,23.63,16.06,2.08,29.15
681,2010-04-23,14.82,13.8,14.95,13.69,992764,1409683696.0,8.38,-8.18,-1.23,18.5
682,2010-04-30,13.75,13.39,14.28,12.75,492569,670222424.0,11.09,-2.97,-0.41,9.18
683,2010-05-07,13.2,13.44,14.49,13.02,423378,589084344.0,10.98,0.37,0.05,7.89
684,2010-05-14,13.46,12.25,13.69,11.3,435677,533398496.0,17.78,-8.85,-1.19,8.12
685,2010-05-21,11.48,11.4,11.75,10.72,303551,343589336.0,8.41,-6.94,-0.85,5.66
686,2010-05-28,11.57,12.57,12.97,11.5,439975,538107792.0,12.89,10.26,1.17,8.2
687,2010-06-04,12.43,12.0,12.6,11.28,329877,394164876.0,10.5,-4.53,-0.57,6.15
688,2010-06-11,11.79,12.77,13.13,11.65,566560,715166144.0,12.33,6.42,0.77,10.56
689,2010-06-18,12.95,11.8,13.09,11.61,177471,219063160.0,11.59,-7.6,-0.97,3.31
690,2010-06-25,11.78,11.97,12.36,11.66,252314,304129656.0,5.93,1.44,0.17,4.7
691,2010-07-02,11.9,10.16,11.98,9.58,255362,273033462.0,20.05,-15.12,-1.81,4.76
692,2010-07-09,10.0,10.93,11.13,9.82,214610,227012696.0,12.89,7.58,0.77,4.0
693,2010-07-16,10.98,11.09,11.86,10.7,494640,558569572.0,10.61,1.46,0.16,9.22
694,2010-07-22,11.09,11.36,11.55,10.91,339751,383648688.0,5.77,2.43,0.27,6.33
695,2010-07-30,11.48,12.3,12.99,11.35,689954,825753328.0,14.44,8.27,0.94,12.86
696,2010-08-06,12.1,12.58,12.68,12.0,709101,875438752.0,5.53,2.28,0.28,13.21
697,2010-08-13,12.59,12.47,12.8,11.82,589120,726028176.0,7.79,-0.87,-0.11,10.98
698,2010-08-20,12.31,13.16,13.97,12.3,1050600,1369478432.0,13.39,5.53,0.69,19.58
699,2010-08-27,13.06,12.76,13.26,12.6,426690,549338088.0,5.02,-3.04,-0.4,7.95
700,2010-09-03,12.8,13.31,13.5,12.69,634345,833533760.0,6.35,4.31,0.55,11.82
701,2010-09-10,13.48,12.9,13.59,12.66,552075,729146360.0,6.99,-3.08,-0.41,10.29
702,2010-09-17,12.95,12.35,13.37,12.29,430663,556313880.0,8.37,-4.26,-0.55,8.03
703,2010-09-21,12.38,12.31,12.52,12.13,80562,99567116.0,3.16,-0.32,-0.04,1.5
704,2010-09-30,12.5,12.75,12.89,12.32,246061,309838576.0,4.63,3.57,0.44,4.59
705,2010-10-08,12.85,13.21,13.28,12.77,105382,137870064.0,4.0,3.61,0.46,1.96
706,2010-10-15,13.28,14.84,15.11,13.13,1189140,1675482080.0,14.99,12.34,1.63,22.16
707,2010-10-22,14.87,14.77,16.0,14.3,1327170,2010791936.0,11.46,-0.47,-0.07,24.73
708,2010-10-29,14.76,14.92,15.36,14.23,891770,1319524816.0,7.65,1.02,0.15,16.62
709,2010-11-05,14.99,14.65,15.48,14.16,775806,1151444160.0,8.85,-1.81,-0.27,14.46
710,2010-11-12,14.8,13.76,15.48,13.7,743318,1108809136.0,12.15,-6.08,-0.89,13.85
711,2010-11-19,13.88,13.22,14.0,12.6,393171,522057040.0,10.17,-3.92,-0.54,7.33
712,2010-11-26,13.0,13.75,13.87,12.6,544600,725793504.0,9.61,4.01,0.53,10.15
713,2010-12-03,13.7,13.03,13.97,12.85,413211,547778776.0,8.15,-5.24,-0.72,7.7
714,2010-12-10,13.0,13.16,13.48,12.7,389590,508555080.0,5.99,1.0,0.13,7.26
715,2010-12-17,13.2,13.49,13.69,13.2,475073,639388628.0,3.72,2.51,0.33,8.85
716,2010-12-24,13.49,12.9,13.55,12.6,285611,373517824.0,7.04,-4.37,-0.59,5.32
717,2010-12-31,12.86,12.1,12.98,11.71,336136,407119992.0,9.84,-6.2,-0.8,6.26
718,2011-01-07,12.13,12.2,12.38,12.01,230155,280964832.0,3.06,0.83,0.1,4.29
719,2011-01-14,12.26,12.0,12.71,11.88,348493,431295752.0,6.8,-1.64,-0.2,6.49
720,2011-01-21,11.8,11.2,11.86,10.76,346952,385946564.0,9.17,-6.67,-0.8,6.47
721,2011-01-28,11.3,12.58,12.88,11.18,546378,662435888.0,15.18,12.32,1.38,10.18
722,2011-02-01,12.54,12.76,13.04,12.4,175810,224073760.0,5.09,1.43,0.18,3.28
723,2011-02-11,12.56,13.56,14.04,12.47,443629,594231352.0,12.3,6.27,0.8,8.27
724,2011-02-18,13.64,13.72,14.55,13.3,845628,1174009312.0,9.22,1.18,0.16,15.76
725,2011-02-25,13.85,13.51,14.62,13.23,668840,920645304.0,10.13,-1.53,-0.21,12.46
726,2011-03-04,13.47,13.3,14.1,12.95,563288,763818872.0,8.51,-1.55,-0.21,10.5
727,2011-03-11,13.29,13.8,14.06,13.25,666447,916501928.0,6.09,3.76,0.5,12.42
728,2011-03-17,14.06,13.29,14.47,13.15,679551,948900304.0,9.57,-3.7,-0.51,12.66
729,2011-03-25,13.3,13.53,13.56,13.01,300740,401692216.0,4.14,1.81,0.24,5.6
730,2011-04-01,13.53,12.53,13.58,12.4,387560,501277496.0,8.72,-7.39,-1.0,7.22
731,2011-04-08,12.48,12.74,12.75,12.1,165145,205785612.0,5.19,1.68,0.21,3.08
732,2011-04-15,12.7,12.4,12.73,12.18,233042,288950936.0,4.32,-2.67,-0.34,4.34
733,2011-04-22,12.38,12.45,13.0,12.3,397050,504190048.0,5.65,0.4,0.05,7.4
734,2011-04-29,12.4,11.68,12.44,11.35,190252,225523496.0,8.76,-6.18,-0.77,3.55
735,2011-05-06,11.87,11.62,11.91,11.39,101154,117468092.0,4.45,-0.51,-0.06,1.89
736,2011-05-13,11.62,11.59,11.92,11.38,120978,141287248.0,4.65,-0.26,-0.03,2.25
737,2011-05-20,11.57,11.81,11.93,11.28,174648,204729936.0,5.61,1.9,0.22,3.25
738,2011-05-27,11.7,10.6,11.8,10.4,163582,181200114.0,11.85,-10.25,-1.21,3.05
739,2011-06-03,10.51,10.86,10.9,10.38,103522,110455362.0,4.91,2.45,0.26,1.93
740,2011-06-10,10.82,10.83,11.21,10.5,175208,191317236.0,6.54,-0.28,-0.03,3.27
741,2011-06-17,10.66,10.32,10.94,10.28,99931,106523808.0,6.09,-4.71,-0.51,1.86
742,2011-06-24,10.32,10.89,11.09,10.25,127242,136038254.0,8.14,5.52,0.57,2.37
743,2011-07-01,10.88,11.09,11.15,10.86,154982,170615360.0,2.66,1.84,0.2,2.89
744,2011-07-08,11.15,11.35,11.51,11.08,203886,230639056.0,3.88,2.34,0.26,3.8
745,2011-07-15,11.3,12.03,12.24,11.23,465312,552551880.0,8.9,5.99,0.68,8.67
746,2011-07-22,11.98,11.78,12.15,11.58,211257,250131774.0,4.74,-2.08,-0.25,3.94
747,2011-07-29,11.74,11.69,11.92,11.31,130558,152226204.0,5.18,-0.76,-0.09,2.43
748,2011-08-05,11.74,12.09,12.32,10.76,238073,280285189.0,13.34,3.42,0.4,4.44
749,2011-08-12,12.06,11.71,12.22,10.81,292515,341487396.0,11.66,-3.14,-0.38,5.45
750,2011-08-19,11.76,12.43,12.54,11.76,456566,561663048.0,6.66,6.15,0.72,8.51
751,2011-08-26,12.43,12.36,12.46,11.97,207371,254796956.0,3.94,-0.56,-0.07,3.86
752,2011-09-02,12.26,12.15,12.78,11.95,328889,406968520.0,6.72,-1.7,-0.21,6.13
753,2011-09-09,12.01,11.38,12.06,11.07,173358,198660292.0,8.15,-6.34,-0.77,3.23
754,2011-09-16,11.1,11.45,11.58,11.1,67640,76701131.0,4.22,0.62,0.07,1.26
755,2011-09-23,11.3,11.19,11.59,10.95,160972,181041564.0,5.59,-2.27,-0.26,3.0
756,2011-09-30,11.21,9.96,11.39,9.8,142488,150162034.0,14.21,-10.99,-1.23,2.66
757,2011-10-14,10.0,10.55,10.97,9.9,118652,122744187.0,10.74,5.92,0.59,2.21
758,2011-10-21,10.6,8.36,10.78,8.27,311763,296508820.0,23.79,-20.76,-2.19,5.81
759,2011-10-28,8.41,9.03,9.11,8.25,222662,196250460.0,10.29,8.01,0.67,4.15
760,2011-11-04,9.02,9.27,9.44,8.88,201384,184823120.0,6.2,2.66,0.24,3.75
761,2011-11-11,9.26,8.95,9.29,8.87,111164,100529713.0,4.53,-3.45,-0.32,2.07
762,2011-11-18,9.03,9.06,9.64,8.99,317489,295406260.0,7.26,1.23,0.11,5.92
763,2011-11-25,9.0,8.65,9.08,8.6,142059,125916736.0,5.3,-4.53,-0.41,2.65
764,2011-12-02,8.69,8.38,8.8,8.18,141082,120127378.0,7.17,-3.12,-0.27,2.63
765,2011-12-09,8.38,8.06,8.38,7.98,60891,49450614.5,4.77,-3.82,-0.32,1.13
766,2011-12-16,8.0,6.97,8.14,6.64,130146,94359506.5,18.61,-13.52,-1.09,2.43
767,2011-12-23,6.95,6.96,7.3,6.66,137795,96250668.0,9.18,-0.14,-0.01,2.57
768,2011-12-30,6.9,6.88,7.09,6.7,112678,78103819.0,5.6,-1.15,-0.08,2.09
769,2012-01-06,6.95,6.19,6.99,6.01,69060,44690047.0,14.24,-10.03,-0.69,1.28
770,2012-01-13,6.23,6.5,6.95,6.12,248048,165492756.0,13.41,5.01,0.31,4.6
771,2012-01-20,6.41,6.93,7.0,6.17,213248,143131691.0,12.77,6.62,0.43,3.96
772,2012-02-03,6.93,7.09,7.12,6.7,149606,103174310.0,6.06,2.31,0.16,2.78
773,2012-02-10,7.07,7.17,7.32,6.84,198524,141213746.0,6.77,1.13,0.08,3.68
774,2012-02-17,7.12,7.72,7.75,7.06,298997,222209336.0,9.62,7.67,0.55,5.55
775,2012-02-24,7.81,7.96,8.05,7.38,266360,207245446.0,8.68,3.11,0.24,4.94
776,2012-03-02,7.95,8.23,8.27,7.82,340081,274064124.0,5.65,3.39,0.27,6.31
777,2012-03-09,8.26,8.44,8.48,7.8,274548,223619698.0,8.26,2.55,0.21,5.09
778,2012-03-16,8.37,8.48,9.1,8.02,408607,343742032.0,12.8,0.47,0.04,7.58
779,2012-03-23,8.43,7.83,8.58,7.8,271373,223322890.0,9.2,-7.67,-0.65,5.04
780,2012-03-30,7.83,7.16,7.93,7.11,130404,97991948.0,10.47,-8.56,-0.67,2.42
781,2012-04-05,7.15,7.88,7.88,7.15,63391,48236032.0,10.2,10.06,0.72,1.18
782,2012-04-13,8.35,8.83,8.92,7.7,551633,468437201.0,15.48,12.06,0.95,10.24
783,2012-04-20,8.82,8.53,9.26,8.28,488174,423981169.0,11.1,-3.4,-0.3,9.06
784,2012-04-27,8.53,8.27,8.68,8.08,189645,159664811.0,7.03,-3.05,-0.26,3.52
785,2012-05-04,8.47,8.7,8.85,8.12,189967,162565962.0,8.83,5.2,0.43,3.53
786,2012-05-11,8.7,8.28,8.93,8.28,224756,194390567.0,7.47,-4.83,-0.42,4.17
787,2012-05-18,8.35,8.29,8.44,8.15,119750,99333738.0,3.5,0.12,0.01,2.22
788,2012-05-25,8.25,8.03,8.65,7.98,152842,127971583.0,8.08,-3.14,-0.26,2.84
789,2012-06-01,8.05,8.52,8.6,7.79,192557,161075558.0,10.09,6.1,0.49,3.57
790,2012-06-08,8.32,7.8,8.37,7.8,119274,96284551.0,6.69,-8.45,-0.72,2.21
791,2012-06-15,8.03,8.17,8.38,7.92,119428,97781398.0,5.9,4.74,0.37,2.22
792,2012-06-21,8.22,7.89,8.3,7.8,71858,58193214.0,6.12,-3.43,-0.28,1.33
793,2012-06-29,7.87,7.57,7.87,7.34,70296,53278603.0,6.72,-4.06,-0.32,1.3
794,2012-07-06,7.58,7.35,7.68,7.15,54482,40500777.0,7.0,-2.91,-0.22,1.01
795,2012-07-13,7.35,6.99,7.36,6.74,86994,60563116.0,8.44,-4.9,-0.36,1.61
796,2012-07-20,7.08,6.89,7.08,6.61,67025,46034982.0,6.72,-1.43,-0.1,1.24
797,2012-07-27,6.89,6.77,6.89,6.71,38564,26167710.0,2.61,-1.74,-0.12,0.72
798,2012-08-03,6.77,6.44,6.82,6.04,86634,54608527.0,11.52,-4.87,-0.33,1.61
799,2012-08-10,6.46,6.84,6.98,6.41,96232,63745069.0,8.85,6.21,0.4,1.79
800,2012-08-17,6.84,6.32,6.84,6.22,78994,51490233.0,9.06,-7.6,-0.52,1.47
801,2012-08-24,6.23,6.17,6.38,6.16,98020,61421634.0,3.48,-2.37,-0.15,1.82
802,2012-08-31,6.16,6.02,6.25,5.89,97170,59027043.0,5.83,-2.43,-0.15,1.8
803,2012-09-07,6.07,6.46,6.55,5.99,109689,68542451.0,9.3,7.31,0.44,2.04
804,2012-09-14,6.46,6.24,6.5,6.19,191853,121750511.0,4.8,-3.41,-0.22,3.56
805,2012-09-21,6.21,5.8,6.27,5.72,95379,57091762.0,8.81,-7.05,-0.44,1.77
806,2012-09-28,5.8,5.89,5.94,5.65,78255,45424915.0,5.0,1.55,0.09,1.45
807,2012-10-12,5.9,6.03,6.19,5.86,82038,49497688.0,5.6,2.38,0.14,1.52
808,2012-10-19,6.03,6.03,6.06,5.8,83725,49871614.0,4.31,0.0,0.0,1.55
809,2012-10-26,6.03,5.9,6.16,5.88,87069,52571926.0,4.64,-2.16,-0.13,1.62
810,2012-11-02,5.92,5.99,5.99,5.77,44130,25958826.0,3.73,1.53,0.09,0.82
811,2012-11-09,6.01,5.79,6.13,5.71,55295,32870104.0,7.01,-3.34,-0.2,1.03
812,2012-11-16,5.81,5.59,5.84,5.53,39310,22392188.0,5.35,-3.45,-0.2,0.73
813,2012-11-23,5.58,5.69,5.77,5.57,34940,19852257.0,3.58,1.79,0.1,0.65
814,2012-11-30,5.69,5.2,5.69,5.1,43236,23015591.0,10.37,-8.61,-0.49,0.8
815,2012-12-07,5.21,5.41,5.45,5.0,84127,44435330.0,8.65,4.04,0.21,1.56
816,2012-12-14,5.4,5.84,5.88,5.4,182609,103758210.0,8.87,7.95,0.43,3.39
817,2012-12-21,5.82,5.76,5.93,5.73,147505,85836652.0,3.42,-1.37,-0.08,2.74
818,2012-12-28,5.73,5.96,6.08,5.71,142555,84550676.0,6.42,3.47,0.2,2.64
819,2013-01-04,5.98,6.1,6.2,5.88,76911,46587472.0,5.37,2.35,0.14,1.43
820,2013-01-11,6.09,5.95,6.21,5.95,128515,78532889.0,4.26,-2.46,-0.15,2.38
821,2013-01-18,5.9,6.79,6.86,5.88,256395,163288473.0,16.47,14.12,0.84,4.75
822,2013-01-25,6.53,6.24,6.77,6.16,220822,142214537.0,8.98,-8.1,-0.55,4.1
823,2013-02-01,6.24,6.88,7.14,6.22,395948,266900256.0,14.74,10.26,0.64,7.34
824,2013-02-08,6.8,6.6,6.82,6.47,205757,135935578.0,5.09,-4.07,-0.28,3.82
825,2013-02-22,6.61,6.37,6.75,6.31,178937,116861723.0,6.67,-3.48,-0.23,3.32
826,2013-03-01,6.37,6.79,6.81,6.36,348288,231477032.0,7.06,6.59,0.42,6.46
827,2013-03-08,6.71,6.73,6.97,6.37,344366,230158512.0,8.84,-0.88,-0.06,6.39
828,2013-03-15,6.78,6.44,6.94,6.39,190536,126961051.0,8.17,-4.31,-0.29,3.53
829,2013-03-22,6.43,6.28,6.46,6.19,160867,101478146.0,4.19,-2.48,-0.16,2.98
830,2013-03-29,6.26,6.24,6.5,5.94,173043,106934059.0,8.92,-0.64,-0.04,3.21
831,2013-04-03,6.24,6.35,6.55,6.11,94836,60036666.0,7.05,1.76,0.11,1.76
832,2013-04-12,6.2,6.01,6.21,6.0,108923,66625759.0,3.31,-5.35,-0.34,2.02
833,2013-04-19,5.98,5.95,6.01,5.74,123764,72600948.0,4.49,-1.0,-0.06,2.3
834,2013-04-26,5.91,5.54,5.94,5.52,122616,70204581.0,7.06,-6.89,-0.41,2.27
835,2013-05-03,5.55,5.67,5.7,5.53,23773,13392952.0,3.07,2.35,0.13,0.44
836,2013-05-10,5.7,5.85,5.89,5.66,95357,55309811.0,4.06,3.17,0.18,1.77
837,2013-05-17,5.93,5.97,5.99,5.7,136014,79776516.0,4.96,2.05,0.12,2.52
838,2013-05-24,5.98,6.11,6.22,5.95,224284,136973646.0,4.52,2.35,0.14,4.16
839,2013-05-31,6.11,6.19,6.38,6.05,170872,106394971.0,5.4,1.31,0.08,3.17
840,2013-06-07,6.19,5.74,6.27,5.68,116617,70145028.0,9.53,-7.27,-0.45,2.16
841,2013-06-14,5.71,5.58,5.71,5.48,40060,22197769.0,4.01,-2.79,-0.16,0.74
842,2013-06-21,5.56,5.31,5.68,5.19,83511,45777752.0,8.78,-4.84,-0.27,1.55
843,2013-06-28,5.3,5.14,5.4,4.86,181139,92685804.0,10.17,-3.2,-0.17,3.36
844,2013-07-05,5.2,5.17,5.32,5.02,148418,76793400.0,5.84,0.58,0.03,2.75
845,2013-07-12,5.15,5.11,5.27,4.9,143723,72970915.0,7.16,-1.16,-0.06,2.67
846,2013-07-19,5.1,5.17,5.44,5.08,189005,99166071.0,7.05,1.17,0.06,3.51
847,2013-07-26,5.15,5.18,5.38,5.06,139718,73411270.0,6.19,0.19,0.01,2.59
848,2013-08-02,5.17,5.16,5.21,4.95,92059,46651072.0,5.02,-0.39,-0.02,1.71
849,2013-08-09,5.17,5.29,5.34,5.12,101325,53051129.0,4.26,2.52,0.13,1.88
850,2013-08-16,5.35,5.19,5.45,5.17,183472,98096229.0,5.29,-1.89,-0.1,3.4
851,2013-08-23,5.18,5.21,5.5,5.14,190050,100597001.0,6.94,0.39,0.02,3.52
852,2013-08-30,5.21,5.67,5.72,5.2,260826,143111808.0,9.98,8.83,0.46,4.84
853,2013-09-06,5.8,5.75,6.24,5.62,541151,320511861.0,10.93,1.41,0.08,10.04
854,2013-09-13,5.74,5.79,6.13,5.65,328297,192681600.0,8.35,0.7,0.04,6.09
855,2013-09-18,5.81,5.71,5.95,5.64,77292,44499647.0,5.35,-1.38,-0.08,1.43
856,2013-09-27,5.72,5.57,5.84,5.53,113957,64930145.0,5.43,-2.45,-0.14,2.11
857,2013-09-30,5.61,5.66,5.67,5.6,14337,8083640.0,1.26,1.62,0.09,0.27
858,2013-10-11,5.65,5.89,6.07,5.61,176011,103352053.0,8.13,4.06,0.23,3.26
859,2013-10-18,5.9,6.0,6.05,5.78,198485,117193847.0,4.58,1.87,0.11,3.68
860,2013-10-25,5.99,5.62,6.09,5.54,186368,108801657.0,9.17,-6.33,-0.38,3.46
861,2013-11-01,5.62,5.46,5.69,5.36,99278,54524420.0,5.87,-2.85,-0.16,1.84
862,2013-11-08,5.48,5.42,5.72,5.36,115578,63831775.0,6.59,-0.73,-0.04,2.14
863,2013-11-15,5.47,5.66,5.79,5.39,104203,58185237.0,7.38,4.43,0.24,1.93
864,2013-11-22,5.66,5.79,5.81,5.62,125104,71783382.0,3.36,2.3,0.13,2.32
865,2013-11-29,5.77,5.91,5.94,5.73,139766,81837369.0,3.63,2.07,0.12,2.59
866,2013-12-06,5.8,5.91,6.01,5.57,204873,119381638.0,7.45,0.0,0.0,3.8
867,2013-12-13,5.9,5.94,6.04,5.81,166918,98907568.0,3.89,0.51,0.03,3.1
868,2013-12-20,5.9,5.64,5.99,5.6,124717,72321144.0,6.57,-5.05,-0.3,2.31
869,2013-12-27,5.63,5.62,5.69,5.48,115396,64291391.0,3.72,-0.35,-0.02,2.14
870,2014-01-03,5.65,5.93,6.09,5.59,246495,144687214.0,8.9,5.52,0.31,4.57
871,2014-01-10,5.92,5.52,5.92,5.43,160064,91644046.0,8.26,-6.91,-0.41,2.97
872,2014-01-17,5.52,5.49,5.65,5.29,157929,86775384.0,6.52,-0.54,-0.03,2.93
873,2014-01-24,5.49,5.69,5.73,5.4,157362,87990103.0,6.01,3.64,0.2,2.92
874,2014-01-30,5.6,5.7,5.84,5.6,106008,60676267.0,4.22,0.18,0.01,1.97
875,2014-02-07,5.65,5.71,5.71,5.61,26443,14972608.0,1.75,0.18,0.01,0.49
876,2014-02-14,5.67,6.13,6.24,5.67,696162,413235680.0,9.98,7.36,0.42,12.91
877,2014-02-21,6.13,6.79,6.87,6.02,803450,520983893.0,13.87,10.77,0.66,14.9
878,2014-02-28,6.79,7.53,8.02,6.48,1334365,971647376.0,22.68,10.9,0.74,24.75
879,2014-03-07,7.45,7.17,7.58,6.96,817675,591140881.0,8.23,-4.78,-0.36,15.16
880,2014-03-14,7.08,6.64,7.08,6.43,393424,263242542.0,9.07,-7.39,-0.53,7.28
881,2014-03-21,6.64,6.76,7.04,6.51,390068,265123372.0,7.98,1.81,0.12,7.22
882,2014-03-28,6.78,6.46,6.9,6.45,231700,155572520.0,6.66,-4.44,-0.3,4.29
883,2014-04-04,6.48,6.45,6.52,6.19,162884,103864850.0,5.11,-0.15,-0.01,3.01
884,2014-04-11,6.42,6.71,6.86,6.42,181950,121550305.0,6.82,4.03,0.26,3.37
885,2014-04-18,6.71,6.62,6.85,6.53,150800,101077227.0,4.77,-1.34,-0.09,2.79
886,2014-04-25,6.59,6.04,6.73,5.99,155292,98283975.0,11.18,-8.76,-0.58,2.87
887,2014-04-30,6.0,6.02,6.06,5.81,81022,47837523.0,4.14,-0.33,-0.02,1.5
888,2014-05-09,6.07,6.1,6.34,5.9,121526,74257099.0,7.31,1.33,0.08,2.25
889,2014-05-16,6.15,6.03,6.31,5.89,205468,126033525.0,6.89,-1.15,-0.07,2.78
890,2014-05-23,6.03,6.13,6.44,5.95,335847,205505723.0,8.13,1.66,0.1,4.55
891,2014-05-30,6.13,5.97,6.2,5.91,252731,154196364.0,4.73,-2.61,-0.16,3.42
892,2014-06-06,5.99,6.12,6.18,5.84,229054,138370292.0,5.7,2.51,0.15,3.1
893,2014-06-13,6.11,6.14,6.19,6.03,246609,150767232.0,2.61,0.33,0.02,3.34
894,2014-06-20,6.1,6.48,6.93,6.1,1300112,842653471.0,13.52,5.54,0.34,17.61
895,2014-06-27,6.49,6.12,6.58,6.1,1248898,784400460.0,7.41,-5.56,-0.36,16.92
896,2014-07-04,6.08,6.88,7.25,6.04,2515521,1671217049.0,19.77,12.42,0.76,34.07
897,2014-07-11,6.85,6.69,7.07,6.45,1880614,1264868506.0,9.01,-2.76,-0.19,25.47
898,2014-07-18,6.68,6.67,6.93,6.54,1438082,965785754.0,5.83,-0.3,-0.02,19.48
899,2014-07-25,6.65,6.78,6.81,6.35,1131750,742652917.0,6.9,1.65,0.11,15.32
900,2014-08-01,6.83,7.15,7.85,6.75,2628222,1879298122.0,16.22,5.46,0.37,35.58
901,2014-08-08,7.04,7.15,7.25,6.92,1416270,1005419509.0,4.62,0.0,0.0,19.17
902,2014-08-15,7.2,7.47,7.57,7.08,1695797,1244856150.0,6.85,4.48,0.32,22.95
903,2014-08-22,7.51,7.55,8.0,7.39,1529919,1165994238.0,8.17,1.07,0.08,20.71
904,2014-08-29,7.58,7.28,7.59,7.18,666485,487687006.0,5.43,-3.58,-0.27,9.02
905,2014-09-05,7.28,7.58,7.61,7.25,980761,733536135.0,4.95,4.12,0.3,13.28
906,2014-09-12,7.67,7.8,7.97,7.63,1130606,879949156.0,4.49,2.9,0.22,15.3
907,2014-09-19,7.87,7.62,7.95,7.41,1000200,769718334.0,6.92,-2.31,-0.18,13.54
908,2014-09-26,7.63,7.8,7.82,7.3,960146,726934654.0,6.82,2.36,0.18,13.0
909,2014-09-30,7.79,7.77,7.85,7.72,357223,277802439.0,1.67,-0.38,-0.03,4.84
910,2014-10-10,7.79,7.85,8.17,7.66,885622,704834938.0,6.56,1.03,0.08,11.99
911,2014-10-17,7.84,7.8,8.3,7.6,1192882,952975570.0,8.92,-0.64,-0.05,16.15
912,2014-10-24,7.83,7.62,7.98,7.48,680153,525253494.0,6.41,-2.31,-0.18,9.21
913,2014-10-31,7.6,7.92,8.19,7.54,1120788,891652069.0,8.53,3.94,0.3,15.17
914,2014-11-07,7.91,8.08,8.55,7.89,1471565,1212377595.0,8.33,2.02,0.16,19.92
915,2014-11-14,8.12,7.91,8.44,7.78,988082,796431185.0,8.17,-2.1,-0.17,13.37
916,2014-11-21,7.93,8.3,8.35,7.88,776317,635485005.0,5.94,4.93,0.39,10.51
917,2014-11-28,8.35,12.25,12.25,8.23,5423963,5776278490.0,48.43,47.59,3.95,73.42
918,2014-12-05,12.0,11.84,12.99,11.5,6719194,8209552608.0,12.16,-3.35,-0.41,90.95
919,2014-12-12,11.67,12.0,13.02,10.7,5631384,6819745152.0,19.59,1.35,0.16,76.23
920,2014-12-19,11.86,13.05,14.36,11.8,5245662,6934308992.0,21.33,8.75,1.05,71.0
921,2014-12-26,12.81,12.97,13.2,11.81,3417588,4288955008.0,10.65,-0.61,-0.08,46.26
922,2014-12-31,12.97,12.53,13.79,12.24,1988995,2593396528.0,11.95,-3.39,-0.44,26.92
923,2015-01-09,12.36,14.0,15.15,12.01,4969719,6896185712.0,25.06,11.73,1.47,67.27
924,2015-01-16,13.64,13.9,14.18,12.82,2276280,3085704064.0,9.71,-0.71,-0.1,30.81
925,2015-01-23,13.1,14.44,15.25,12.6,3804615,5419656000.0,19.06,3.88,0.54,51.5
926,2015-01-30,14.47,15.37,15.95,14.21,3531884,5360146160.0,12.05,6.44,0.93,47.81
927,2015-02-06,15.0,14.59,15.93,14.4,2851624,4309525264.0,9.95,-5.07,-0.78,38.6
928,2015-02-13,14.5,14.23,14.75,13.88,1608654,2297909264.0,5.96,-2.47,-0.36,21.77
929,2015-02-17,14.24,14.8,15.15,14.19,771338,1134991904.0,6.75,4.01,0.57,10.44
930,2015-02-27,14.9,16.98,16.98,14.69,1723354,2719982400.0,15.47,14.73,2.18,23.33
931,2015-03-02,17.79,18.68,18.68,17.56,1169640,2138440768.0,6.6,10.01,1.7,15.83
932,2015-04-17,20.55,20.55,20.55,20.55,3400,6986321.0,0.0,10.01,1.87,0.05
933,2015-04-24,22.61,29.74,30.6,22.61,3525224,10199658255.0,38.88,44.72,9.19,47.72
934,2015-04-30,29.74,29.68,31.91,27.45,4086448,12198281360.0,15.0,-0.2,-0.06,55.24
935,2015-05-08,29.01,29.44,35.33,28.5,4274696,13419848976.0,23.01,-0.81,-0.24,57.78
936,2015-05-15,29.44,37.4,39.25,28.99,5024829,16982234304.0,34.85,27.04,7.96,67.92
937,2015-05-22,36.43,37.63,43.49,36.28,4606176,17947748064.0,19.28,0.61,0.23,62.26
938,2015-05-29,36.9,33.92,40.89,31.9,3515784,13335969792.0,23.89,-9.86,-3.71,47.52
939,2015-06-05,34.39,36.96,40.68,34.18,2740926,10253691056.0,19.16,8.96,3.04,37.05
940,2015-06-12,36.51,37.53,39.0,34.81,2311288,8475906224.0,11.34,1.54,0.57,31.24
941,2015-06-19,37.99,28.36,39.92,28.36,2744527,9542775840.0,30.8,-24.43,-9.17,37.1
942,2015-06-26,28.2,26.27,31.51,25.52,1933013,5547474512.0,21.12,-7.37,-2.09,26.13
943,2015-07-03,27.3,18.43,27.34,18.43,2713120,6094537024.0,33.92,-29.84,-7.84,36.67
944,2015-07-10,20.1,16.26,20.1,12.1,2756979,4202571664.0,43.41,-11.77,-2.17,37.27
945,2015-07-17,17.0,19.14,19.68,15.94,4753189,8656440688.0,23.0,17.71,2.88,64.25
946,2015-07-24,19.88,24.0,25.5,19.8,6229569,14032254352.0,29.78,25.39,4.86,84.2
947,2015-07-31,23.0,25.19,26.9,19.75,5844016,14088923232.0,29.79,4.96,1.19,78.99
948,2015-08-07,24.2,25.06,26.5,21.56,4981576,12289226048.0,19.61,-0.52,-0.13,67.33
949,2015-08-14,25.8,27.11,28.48,25.28,4861580,13101958176.0,12.77,8.18,2.05,65.71
950,2015-08-21,27.19,27.55,30.62,25.0,5665102,15977994784.0,20.73,1.62,0.44,76.57
951,2015-08-28,26.0,20.9,26.76,18.08,3652530,7589227104.0,31.51,-24.14,-6.65,49.37
952,2015-09-02,21.06,16.5,21.73,16.5,2158053,4147961216.0,25.02,-21.05,-4.4,29.17
953,2015-09-11,17.25,19.33,19.95,16.0,3395291,6248014272.0,23.94,17.15,2.83,45.89
954,2015-09-18,19.8,18.03,20.33,15.6,3765468,6642748448.0,24.47,-6.73,-1.3,50.9
955,2015-09-25,17.8,17.72,19.93,17.54,3815807,7227955936.0,13.26,-1.72,-0.31,51.58
956,2015-09-30,17.8,17.52,18.47,17.0,1055082,1870266848.0,8.3,-1.13,-0.2,14.26
957,2015-10-09,18.49,21.2,21.2,18.1,1977647,3983487456.0,17.69,21.0,3.68,26.73
958,2015-10-16,21.2,24.2,24.5,21.08,5728807,13106091856.0,16.13,14.15,3.0,77.43
959,2015-10-23,24.18,25.28,26.18,21.49,5978500,14268194368.0,19.38,4.46,1.08,80.81
960,2015-10-30,25.5,26.43,30.0,25.43,6363206,17442898048.0,18.08,4.55,1.15,86.01
961,2015-11-06,25.11,27.08,28.22,24.72,4062755,10811806096.0,13.24,2.46,0.65,54.92
962,2015-11-13,26.3,27.88,29.25,25.75,4562032,12679588800.0,12.92,2.95,0.8,61.66
963,2015-11-20,27.0,28.95,31.99,27.0,4679375,13890642400.0,17.9,3.84,1.07,63.25
964,2015-11-27,29.08,25.49,29.14,25.17,3019414,8433036720.0,13.71,-11.95,-3.46,40.81
965,2015-12-04,25.49,25.9,26.5,23.26,1708326,4368196016.0,12.71,1.61,0.41,23.09
966,2015-12-11,25.95,24.62,26.39,24.5,1346015,3410205024.0,7.3,-4.94,-1.28,18.19
967,2015-12-18,24.2,25.79,26.75,23.94,2001578,5075869760.0,11.41,4.75,1.17,27.05
968,2015-12-25,25.52,25.34,26.49,25.01,1398234,3590712128.0,5.74,-1.74,-0.45,18.9
969,2015-12-31,25.37,25.02,26.4,24.6,1196767,3052566960.0,7.1,-1.26,-0.32,16.18
970,2016-01-08,24.55,19.22,24.8,17.5,1249764,2653751409.0,29.18,-23.18,-5.8,16.89
971,2016-01-15,18.59,17.26,18.9,15.51,1453531,2524414112.0,17.64,-10.2,-1.96,19.65
972,2016-01-22,16.5,18.22,19.51,16.49,2369260,4421991056.0,17.5,5.56,0.96,32.02
973,2016-01-29,18.49,15.41,18.75,14.4,1788220,2954262976.0,23.87,-15.42,-2.81,24.17
974,2016-02-05,15.41,15.43,16.2,14.26,1317496,2042165264.0,12.59,0.13,0.02,17.81
975,2016-02-19,14.54,17.11,17.71,14.54,1899200,3140527825.0,20.54,10.89,1.68,25.67
976,2016-02-26,17.37,15.29,17.59,14.93,1596931,2676937792.0,15.55,-10.64,-1.82,21.59
977,2016-03-04,15.2,14.62,16.08,13.76,1677476,2487380992.0,15.17,-4.38,-0.67,22.67
978,2016-03-11,14.87,15.09,17.11,14.3,2031990,3202347200.0,19.22,3.21,0.47,27.47
979,2016-03-18,15.45,17.77,17.93,15.2,3204688,5342271680.0,18.09,17.76,2.68,43.32
980,2016-03-25,17.76,17.97,19.19,17.52,3417870,6203908096.0,9.4,1.13,0.2,46.2
981,2016-04-01,18.15,17.75,19.0,16.95,2029967,3637604448.0,11.41,-1.22,-0.22,27.44
982,2016-04-08,17.74,18.79,19.6,17.7,2258081,4227395152.0,10.7,5.86,1.04,30.52
983,2016-04-22,19.0,17.4,20.47,16.6,2096892,3871788000.0,20.6,-7.4,-1.39,28.34
984,2016-04-29,17.37,16.98,18.28,16.53,1265533,2188826864.0,10.06,-2.41,-0.42,17.11
985,2016-05-06,17.01,16.76,17.93,16.68,1279373,2232685664.0,7.36,-1.3,-0.22,17.29
986,2016-05-13,16.6,15.15,16.6,14.79,1025804,1615492880.0,10.8,-9.61,-1.61,13.87
987,2016-05-20,15.0,15.36,15.5,14.6,900355,1368930964.0,5.94,1.39,0.21,12.17
988,2016-05-27,15.55,15.32,15.87,15.01,1072647,1653562074.0,5.6,-0.26,-0.04,14.5
989,2016-06-03,15.14,16.37,16.65,14.88,1489857,2381839394.0,11.55,6.85,1.05,20.14
990,2016-06-08,16.49,18.16,18.18,16.37,1474271,2558699632.0,11.06,10.93,1.79,19.93
991,2016-06-17,17.75,16.82,17.86,15.84,1884686,3178526400.0,11.12,-7.38,-1.34,25.47
992,2016-06-24,16.98,16.11,17.09,15.25,1074153,1773963136.0,10.94,-4.22,-0.71,14.52
993,2016-07-01,15.91,16.66,17.24,15.83,1254055,2091463568.0,8.75,3.41,0.55,16.95
994,2016-07-08,16.48,16.9,17.5,16.35,1354333,2309684704.0,6.9,1.44,0.24,18.31
995,2016-07-15,16.92,16.62,17.49,16.4,1468559,2488559200.0,6.45,-1.66,-0.28,19.85
996,2016-07-22,16.53,16.04,16.53,16.02,701620,1142298231.0,3.07,-3.49,-0.58,9.48
997,2016-07-29,16.0,15.22,16.45,15.11,682809,1079477561.0,8.35,-5.11,-0.82,9.23
998,2016-08-05,15.15,15.0,15.15,14.79,416820,624544333.0,2.37,-1.45,-0.22,5.63
999,2016-08-12,15.01,15.16,15.69,14.75,519292,793461839.0,6.27,1.07,0.16,7.02
1000,2016-08-19,15.12,15.88,16.38,15.12,946170,1496848591.0,8.31,4.75,0.72,12.79
1001,2016-08-26,15.89,15.63,16.26,15.49,770760,1223028567.0,4.85,-1.57,-0.25,10.42
1002,2016-09-02,15.59,15.21,16.1,15.11,613894,960169816.0,6.33,-2.69,-0.42,8.3
1003,2016-09-09,15.25,15.1,15.5,15.0,427670,652500833.0,3.29,-0.72,-0.11,5.78
1004,2016-09-14,14.92,14.73,14.94,14.64,232808,344214527.0,1.99,-2.45,-0.37,3.15
1005,2016-09-23,14.8,14.65,14.9,14.62,268871,397275868.0,1.9,-0.54,-0.08,3.63
1006,2016-09-30,14.6,14.15,14.65,14.1,300064,427220854.0,3.75,-3.41,-0.5,4.06
1007,2016-10-14,14.16,15.08,15.55,14.16,963832,1448201824.0,9.82,6.57,0.93,13.03
1008,2016-10-21,15.01,14.95,15.48,14.7,825430,1243238838.0,5.17,-0.86,-0.13,11.16
1009,2016-10-28,14.94,14.65,15.08,14.64,490231,729157878.0,2.94,-2.01,-0.3,6.63
1010,2016-11-04,14.5,14.43,14.64,14.31,406333,588927568.0,2.25,-1.5,-0.22,5.49
1011,2016-11-11,14.43,14.72,15.0,14.31,684090,1001250198.0,4.78,2.01,0.29,9.25
1012,2016-11-18,14.72,15.28,15.8,14.61,1634960,2508813948.0,8.08,3.8,0.56,22.1
1013,2016-11-25,15.48,14.91,15.55,14.46,810539,1228042306.0,7.13,-2.42,-0.37,10.96
1014,2016-12-02,14.91,14.67,15.15,14.62,518911,770334348.0,3.55,-1.61,-0.24,7.01
1015,2016-12-09,14.49,14.48,14.93,14.41,380671,557118953.0,3.54,-1.3,-0.19,5.15
1016,2016-12-16,14.46,13.77,14.52,13.42,448749,618896514.0,7.6,-4.9,-0.71,6.07
1017,2016-12-23,13.7,13.58,14.07,13.55,288746,398415915.0,3.78,-1.38,-0.19,3.9
1018,2016-12-30,13.59,13.36,13.73,13.3,249403,335938375.0,3.17,-1.62,-0.22,3.37
1019,2017-01-06,13.36,13.42,13.65,13.36,220681,298251130.0,2.17,0.45,0.06,2.98
1020,2017-01-13,13.33,13.03,13.96,13.01,676526,902457366.0,7.08,-2.91,-0.39,9.14
1021,2017-01-20,13.0,12.33,13.17,11.73,474295,593541737.0,11.05,-5.37,-0.7,6.41
1022,2017-01-26,12.32,11.29,12.47,10.96,514833,592312826.0,12.25,-8.43,-1.04,6.96
1023,2017-02-03,11.29,11.14,11.31,11.07,76884,85773369.0,2.13,-1.33,-0.15,1.04
1024,2017-02-10,11.13,11.72,12.12,11.1,700881,811044310.0,9.16,5.21,0.58,9.47
1025,2017-02-17,11.66,11.44,11.97,11.41,508975,594884185.0,4.78,-2.39,-0.28,6.88
1026,2017-02-24,11.6,11.82,11.96,11.41,552170,649270989.0,4.81,3.32,0.38,7.46
1027,2017-03-03,11.81,11.7,12.09,11.64,505419,599609252.0,3.81,-1.02,-0.12,6.83
1028,2017-03-10,11.7,11.86,12.25,11.7,710526,851735710.0,4.7,1.37,0.16,9.6
1029,2017-03-17,11.9,11.92,12.35,11.64,618856,738967954.0,5.99,0.51,0.06,8.36
1030,2017-03-24,11.94,11.6,12.14,11.5,480888,567173179.0,5.37,-2.68,-0.32,6.5
1031,2017-03-31,11.62,11.16,11.62,11.01,423322,480063769.0,5.26,-3.79,-0.44,5.72
1032,2017-04-07,11.16,11.35,11.44,11.16,229041,259110964.0,2.51,1.7,0.19,3.1
1033,2017-04-14,11.3,11.18,11.5,10.72,565114,628270992.0,6.87,-1.5,-0.17,7.64
1034,2017-04-21,10.8,9.16,10.87,9.01,771159,746434519.0,16.64,-18.07,-2.02,10.42
1035,2017-04-28,9.08,7.96,9.08,7.68,642974,528703813.0,15.28,-13.1,-1.2,8.69
1036,2017-05-05,7.56,7.57,8.35,7.55,749661,581044040.0,10.05,-4.9,-0.39,10.13
1037,2017-05-12,7.52,6.91,7.52,6.7,596335,418052841.0,10.83,-8.72,-0.66,8.06
1038,2017-05-19,6.86,7.14,7.34,6.86,385111,274528494.0,6.95,3.33,0.23,5.21
1039,2017-05-26,7.14,6.7,7.16,6.45,271283,183492298.0,9.94,-6.16,-0.44,3.67
1040,2017-06-02,6.75,6.24,6.85,6.08,256513,165494902.0,11.49,-6.87,-0.46,3.47
1041,2017-06-09,6.55,7.37,7.58,6.55,661914,492706474.0,16.51,18.11,1.13,8.95
1042,2017-06-16,7.31,7.4,7.57,7.2,388045,285351607.0,5.02,0.41,0.03,5.25
1043,2017-06-23,7.41,7.03,7.47,6.93,302259,219333975.0,7.3,-5.0,-0.37,4.09
1044,2017-06-30,7.03,7.11,7.28,7.03,200706,143445609.0,3.56,1.14,0.08,2.71
1045,2017-07-07,7.12,8.05,8.05,7.08,560280,432939629.0,13.64,13.22,0.94,7.57
1046,2017-07-14,8.04,8.41,8.87,7.99,891899,753554521.0,10.93,4.47,0.36,12.06
1047,2017-07-21,8.08,8.44,8.76,7.88,611515,507824132.0,10.46,0.36,0.03,8.26
1048,2017-07-28,8.43,8.08,8.66,8.02,370857,307195674.0,7.58,-4.27,-0.36,5.01
1049,2017-08-04,8.11,8.22,8.55,8.11,348423,290293878.0,5.45,1.73,0.14,4.71
1050,2017-08-11,8.23,8.16,8.29,7.96,259365,210671529.0,4.01,-0.73,-0.06,3.5
1051,2017-08-18,8.17,8.4,8.45,8.15,271521,225308043.0,3.68,2.94,0.24,3.67
1052,2017-08-25,8.42,8.98,9.25,8.42,701000,624258893.0,9.88,6.9,0.58,9.47
1053,2017-09-01,9.15,9.21,9.4,9.09,397433,366179406.0,3.45,2.56,0.23,5.37
1054,2017-09-08,9.21,9.4,9.67,9.05,382745,357166489.0,6.73,2.06,0.19,5.17
1055,2017-09-15,9.41,9.24,9.41,9.03,275524,253537364.0,4.04,-1.7,-0.16,3.72
1056,2017-09-22,9.38,9.13,9.47,9.05,249615,230277440.0,4.55,-1.19,-0.11,3.37
1057,2017-09-29,9.12,8.9,9.16,8.56,242174,213815834.0,6.57,-2.52,-0.23,3.27
1058,2017-10-13,8.94,9.51,9.6,8.84,347755,321597321.0,8.54,6.85,0.61,4.7
1059,2017-10-16,9.36,9.39,9.45,9.13,102517,95665180.0,3.36,-1.26,-0.12,1.38
1060,2017-11-03,9.85,9.15,9.85,8.92,468108,438990074.0,9.9,-2.56,-0.24,6.32
1061,2017-11-10,9.06,9.35,9.48,8.96,284641,262354943.0,5.68,2.19,0.2,3.84
1062,2017-11-17,9.3,8.56,9.38,8.56,261886,234178724.0,8.77,-8.45,-0.79,3.54
1063,2017-11-24,8.42,7.78,8.45,7.2,388211,303884027.0,14.6,-9.11,-0.78,5.24
1064,2017-12-01,7.78,8.06,8.35,7.7,276319,224643804.0,8.35,3.6,0.28,3.73
1065,2017-12-08,8.04,9.25,9.53,8.04,578150,523820298.0,18.49,14.76,1.19,7.81
1066,2017-12-15,9.33,9.43,9.66,9.09,338345,315977621.0,6.16,1.95,0.18,4.57
1067,2017-12-22,9.42,10.03,10.54,9.38,652908,658952856.0,12.3,6.36,0.6,8.82
1068,2017-12-29,10.25,9.76,10.5,9.13,597627,579938171.0,13.66,-2.69,-0.27,8.07
1069,2018-01-05,10.2,10.48,10.63,9.9,621541,640442648.0,7.48,7.38,0.72,8.4
1070,2018-01-12,10.41,10.45,10.66,10.14,463944,480995291.0,4.96,-0.29,-0.03,6.27
1071,2018-01-19,10.48,10.07,10.54,10.02,338394,346139092.0,4.98,-3.64,-0.38,4.57
1072,2018-01-26,10.1,10.5,10.73,10.01,462501,481957758.0,7.15,4.27,0.43,6.25
1073,2018-02-02,10.68,9.19,10.75,9.13,569791,570183516.0,15.43,-12.48,-1.31,7.7
1074,2018-02-09,8.82,8.62,9.65,8.62,441284,402717774.0,11.21,-6.2,-0.57,5.96
1075,2018-02-14,8.68,9.14,9.32,8.33,193039,173227925.0,11.48,6.03,0.52,2.61
1076,2018-02-23,9.16,9.27,9.4,9.16,90652,83785530.0,2.63,1.42,0.13,1.22
1077,2018-03-02,9.15,11.56,11.56,9.15,1333617,1448744521.0,26.0,24.7,2.29,18.02
1078,2018-03-09,12.11,12.08,12.72,11.6,4198771,5068369936.0,9.69,4.5,0.52,56.72
1079,2018-03-16,12.39,11.25,13.13,11.11,3110873,3752050160.0,16.72,-6.87,-0.83,42.03
1080,2018-03-23,11.13,9.74,11.63,9.74,1838282,2027626960.0,16.8,-13.42,-1.51,24.83
1081,2018-03-30,9.55,11.41,11.7,9.34,1988646,2112811099.0,24.23,17.15,1.67,26.87
1082,2018-04-04,11.25,10.76,11.54,10.66,893328,986027319.0,7.71,-5.7,-0.65,12.07
1083,2018-04-13,10.74,10.28,10.92,10.25,819381,869025087.0,6.23,-4.46,-0.48,11.07
1084,2018-04-20,10.28,11.03,11.46,10.01,1258591,1363056364.0,14.11,7.3,0.75,17.0
1085,2018-04-27,11.13,10.54,11.59,10.5,1395999,1561894928.0,9.88,-4.44,-0.49,18.86
1086,2018-05-04,10.5,10.19,10.5,10.03,416361,428269637.0,4.46,-3.32,-0.35,5.62
1087,2018-05-11,10.29,10.25,10.79,10.2,694910,731615503.0,5.79,0.59,0.06,9.39
1088,2018-05-18,10.3,10.16,10.48,10.0,426416,436686116.0,4.68,-0.88,-0.09,5.76
1089,2018-05-25,10.3,9.66,10.66,9.65,508089,517117317.0,9.94,-4.92,-0.5,6.86
1090,2018-06-01,9.66,9.24,9.81,8.69,443648,409443618.0,11.59,-4.35,-0.42,5.99
1091,2018-06-08,9.24,8.95,9.37,8.88,291878,267051405.0,5.3,-3.14,-0.29,3.94
1092,2018-06-15,8.82,8.4,8.93,8.3,297431,256797909.0,7.04,-6.15,-0.55,4.02
1093,2018-06-22,8.14,7.26,8.15,6.9,380825,282982814.0,14.88,-13.57,-1.14,5.14
1094,2018-06-29,7.39,8.0,8.0,7.04,324455,243212129.0,13.22,10.19,0.74,4.38
1095,2018-07-06,8.3,8.01,8.78,7.66,759466,626113214.0,14.0,0.13,0.01,10.26
1096,2018-07-13,8.0,7.94,8.2,7.45,377536,299740102.0,9.36,-0.87,-0.07,5.1
1097,2018-07-20,7.94,8.18,8.43,7.76,461154,376930849.0,8.44,3.02,0.24,6.23
1098,2018-07-27,8.33,8.36,8.57,8.13,455278,378152890.0,5.38,2.2,0.18,6.15
1099,2018-08-03,8.3,8.0,8.36,7.74,479144,390479580.0,7.42,-4.31,-0.36,6.47
1100,2018-08-10,7.94,7.67,7.94,7.36,342416,260159649.0,7.25,-4.13,-0.33,4.63
1101,2018-08-17,7.49,7.82,8.5,7.46,527193,422712599.0,13.56,1.96,0.15,7.12
1102,2018-08-24,7.84,7.65,7.9,7.54,216811,167728200.0,4.6,-2.17,-0.17,2.93
1103,2018-08-31,7.67,7.72,7.87,7.63,195791,152222999.0,3.14,0.92,0.07,2.64
1104,2018-09-07,7.73,7.29,7.77,7.24,195331,147162559.0,6.87,-5.57,-0.43,2.64
1105,2018-09-14,7.34,7.09,7.35,6.94,159651,113761158.0,5.62,-2.74,-0.2,2.16
1106,2018-09-21,7.09,7.27,7.45,6.97,206306,148333364.0,6.77,2.54,0.18,2.79
1107,2018-09-28,7.25,7.67,8.0,7.21,408359,315182821.0,10.87,5.5,0.4,5.52
1108,2018-10-12,7.55,6.99,8.3,6.64,487956,365747335.0,21.64,-8.87,-0.68,6.59
1109,2018-10-19,6.4,6.26,6.94,6.02,316925,203781669.0,13.16,-10.44,-0.73,4.28
1110,2018-10-26,6.3,6.49,6.65,6.21,293698,189327535.0,7.03,3.67,0.23,3.97
1111,2018-11-02,6.49,6.58,6.68,6.11,328472,209881089.0,8.78,1.39,0.09,4.44
1112,2018-11-09,6.56,6.62,7.0,6.45,376842,251157048.0,8.36,0.61,0.04,5.09
1113,2018-11-16,6.56,6.98,7.04,6.55,400766,274861563.0,7.4,5.44,0.36,5.41
1114,2018-11-23,6.96,6.58,7.35,6.57,438592,303683529.0,11.17,-5.73,-0.4,5.92
1115,2018-11-30,6.56,6.51,6.78,6.35,232663,152515213.0,6.53,-1.06,-0.07,3.14
1116,2018-12-07,6.65,6.58,6.8,6.53,259039,172145725.0,4.15,1.08,0.07,3.5
1117,2018-12-14,6.53,6.58,6.76,6.46,197535,130592862.0,4.56,0.0,0.0,2.67
1118,2018-12-21,6.48,6.53,6.55,6.27,169770,109127363.0,4.26,-0.76,-0.05,2.29
1119,2018-12-28,6.5,6.31,6.75,6.26,263220,171133003.0,7.5,-3.37,-0.22,3.56
1120,2019-01-04,6.22,6.14,6.31,5.71,140285,84961949.0,9.51,-2.69,-0.17,1.89
1121,2019-01-11,6.29,6.37,6.45,6.17,260937,164287626.0,4.56,3.75,0.23,3.52
1122,2019-01-18,6.7,8.44,9.33,6.61,1945088,1673153877.0,42.7,32.5,2.07,26.27
1123,2019-01-25,8.24,7.17,8.3,7.14,1397651,1084993773.0,13.74,-15.05,-1.27,18.88
1124,2019-02-01,7.25,6.6,7.25,6.2,734296,500367609.0,14.64,-7.95,-0.57,9.92
1125,2019-02-15,6.5,7.16,7.28,6.49,722241,505015798.0,11.97,8.48,0.56,9.76
1126,2019-02-22,7.28,7.41,7.58,7.13,1010352,743503791.0,6.28,3.49,0.25,13.65
1127,2019-03-01,7.53,8.34,8.68,7.41,1862541,1498569130.0,17.14,12.55,0.93,25.16
1128,2019-03-08,8.36,7.76,9.17,7.75,1961991,1674169392.0,17.03,-6.95,-0.58,26.5
1129,2019-03-15,7.85,7.91,8.9,7.74,1315995,1085229784.0,14.95,1.93,0.15,17.78
1130,2019-03-22,7.92,8.09,8.19,7.82,692204,557337030.0,4.68,2.28,0.18,9.35
1131,2019-03-29,8.06,7.99,8.63,7.59,1078770,883750984.0,12.86,-1.24,-0.1,14.57
1132,2019-04-04,8.0,8.28,8.49,7.96,708236,586843251.0,6.63,3.63,0.29,9.57
1133,2019-04-12,8.44,8.87,8.87,8.05,1004753,846977781.0,9.9,7.13,0.59,13.57
1134,2019-04-19,8.9,8.59,9.34,8.25,1464872,1273737676.0,12.29,-3.16,-0.28,19.79
1135,2019-04-26,8.59,7.67,8.69,7.6,658354,535776084.0,12.69,-10.71,-0.92,8.89
1136,2019-04-30,7.6,7.36,7.65,7.04,222794,163079206.0,7.95,-4.04,-0.31,3.01
1137,2019-05-10,7.23,7.33,7.45,6.8,425097,302504089.0,8.83,-0.41,-0.03,5.74
1138,2019-05-17,7.27,7.14,7.5,7.1,343095,251780943.0,5.46,-2.59,-0.19,4.63
1139,2019-05-24,7.1,7.18,7.85,7.06,410471,303410264.0,11.06,0.56,0.04,5.54
1140,2019-05-31,7.25,7.16,7.5,7.15,240023,175144003.0,4.87,-0.28,-0.02,3.24
1141,2019-06-06,7.15,7.06,7.33,6.72,260084,180797358.0,8.52,-1.4,-0.1,3.51
1142,2019-06-14,6.99,6.85,7.13,6.83,252669,176901192.0,4.25,-2.97,-0.21,3.41
1143,2019-06-21,6.85,7.21,7.38,6.8,288169,203738522.0,8.47,5.26,0.36,3.89
1144,2019-06-28,7.24,6.92,7.24,6.9,206966,145753307.0,4.72,-4.02,-0.29,2.8
1145,2019-07-05,7.01,7.04,7.24,7.01,224810,159137331.0,3.32,1.73,0.12,3.04
1146,2019-07-12,7.06,6.79,7.06,6.71,153095,105060421.0,4.97,-3.55,-0.25,2.07
1147,2019-07-19,6.11,5.68,6.23,5.5,647948,374544724.0,10.75,-16.35,-1.11,8.75
1148,2019-07-26,5.6,5.57,5.78,5.17,453821,251142480.0,10.74,-1.94,-0.11,6.13
1149,2019-08-02,5.6,5.7,6.13,5.6,423741,248419970.0,9.52,2.33,0.13,5.72
1150,2019-08-09,5.65,5.23,5.73,5.16,296846,160875992.0,10.0,-8.25,-0.47,4.01
1151,2019-08-16,5.22,5.3,5.36,5.03,282298,146248964.0,6.31,1.34,0.07,3.81
1152,2019-08-23,5.04,4.32,5.04,4.32,61502,28040580.0,13.58,-18.49,-0.98,0.83
1153,2019-08-30,4.35,5.48,5.48,4.35,643324,323235371.0,26.16,26.85,1.16,8.69
1154,2019-09-06,5.55,5.31,5.78,5.27,733287,404953326.0,9.31,-3.1,-0.17,9.9
1155,2019-09-12,5.36,6.38,6.38,5.29,548293,324536789.0,20.53,20.15,1.07,7.41
1156,2019-09-20,6.58,7.52,7.86,6.28,1046507,741287135.0,24.76,17.87,1.14,14.14
1157,2019-09-27,7.45,6.61,7.48,6.61,806996,566458545.0,11.57,-12.1,-0.91,10.9
1158,2019-09-30,6.6,6.68,6.91,6.57,72910,49082234.0,5.14,1.06,0.07,0.98
1159,2019-10-11,6.77,7.04,7.04,6.16,451853,303284505.0,13.17,5.39,0.36,6.1
1160,2019-10-18,7.2,6.8,7.29,6.52,491462,341856366.0,10.94,-3.41,-0.24,6.64
1161,2019-10-25,6.8,6.78,6.92,6.59,256008,172680636.0,4.85,-0.29,-0.02,3.46
1162,2019-11-01,6.67,6.45,6.82,5.91,456648,292818821.0,13.42,-4.87,-0.33,6.17
1163,2019-11-08,6.4,6.46,6.6,6.2,206822,132826161.0,6.2,0.16,0.01,2.79
1164,2019-11-12,6.54,6.78,6.78,6.41,138981,92029968.0,5.73,4.95,0.32,1.88
1165,2019-11-22,7.12,7.18,7.65,6.75,535311,383632779.0,13.27,5.9,0.4,7.23
1166,2019-11-29,7.07,6.61,7.14,6.55,253830,175049119.0,8.22,-7.94,-0.57,3.43
1167,2019-12-06,6.57,6.8,6.86,6.4,247722,164560716.0,6.96,2.87,0.19,3.25
1168,2019-12-13,6.77,6.88,7.13,6.72,251929,173727340.0,6.03,1.18,0.08,3.3
1169,2019-12-20,6.9,6.95,7.08,6.65,412690,283204804.0,6.25,1.02,0.07,5.41
1170,2019-12-27,7.2,6.88,7.2,6.82,380005,264835292.0,5.47,-1.01,-0.07,2.26
1171,2020-01-03,6.86,6.93,7.04,6.68,225780,155440257.0,5.23,0.73,0.05,1.34
1172,2020-01-10,6.92,6.71,6.92,6.66,283420,192459389.0,3.75,-3.17,-0.22,1.69
1173,2020-01-17,6.66,6.49,6.7,6.39,212273,139890879.0,4.62,-3.28,-0.22,1.26
1174,2020-01-23,6.46,6.63,6.85,6.17,266845,173202229.0,10.48,2.16,0.14,1.59
1175,2020-02-07,6.3,5.54,6.3,5.45,393794,226156647.0,12.82,-16.44,-1.09,2.34
1176,2020-02-14,5.5,5.69,6.0,5.41,324986,186046498.0,10.65,2.71,0.15,1.93
1177,2020-02-21,5.67,5.78,5.85,5.59,286574,164753925.0,4.57,1.58,0.09,1.7
1178,2020-02-28,5.75,5.29,5.77,5.27,402627,223009090.0,8.65,-8.48,-0.49,2.4
1179,2020-03-06,5.3,5.85,5.85,5.3,301053,168836855.0,10.4,10.59,0.56,1.79
1180,2020-03-13,5.79,5.25,5.79,5.1,335756,183868242.0,11.79,-10.26,-0.6,2.0
1181,2020-03-20,5.35,5.25,5.35,4.92,267235,137317062.0,8.19,0.0,0.0,1.59
1182,2020-03-27,5.15,5.03,5.22,5.0,185086,94307340.0,4.19,-4.19,-0.22,1.1
1183,2020-04-03,4.98,5.07,5.16,4.86,161178,80113425.0,5.96,0.8,0.04,0.96
1184,2020-04-10,5.1,5.06,5.22,5.02,108194,55501661.0,3.94,-0.2,-0.01,0.64
1185,2020-04-17,5.02,4.96,5.13,4.9,131237,65418530.0,4.55,-1.98,-0.1,0.78
1186,2020-04-24,4.96,4.72,4.97,4.68,125150,60618628.0,5.85,-4.84,-0.24,0.74
1187,2020-04-30,4.74,4.72,4.88,4.41,128818,59342419.0,9.96,0.0,0.0,0.77
1188,2020-05-08,4.66,4.72,4.78,4.63,67784,31990498.0,3.18,0.0,0.0,0.4
1189,2020-05-15,4.71,4.61,4.76,4.51,117663,54628480.0,5.3,-2.33,-0.11,0.7
1190,2020-05-22,4.61,4.51,4.69,4.46,116560,53226983.0,4.99,-2.17,-0.1,0.69
1191,2020-05-29,4.5,4.62,4.62,4.35,141887,63810589.0,5.99,2.44,0.11,0.84
1192,2020-06-05,4.63,4.86,5.1,4.51,281607,137175801.0,12.77,5.19,0.24,1.68
1193,2020-06-12,4.85,4.78,4.9,4.58,176049,83808684.0,6.58,-1.65,-0.08,1.05
1194,2020-06-19,4.76,4.87,4.95,4.68,135908,65678325.0,5.65,1.88,0.09,0.81
1195,2020-06-24,4.63,4.36,4.63,4.36,231306,103043084.0,5.54,-10.47,-0.51,1.38
1196,2020-07-03,4.38,4.46,4.53,4.36,200921,88704495.0,3.9,2.29,0.1,1.2
1197,2020-07-10,4.47,4.63,4.79,4.46,432714,197897626.0,7.4,3.81,0.17,2.57
1198,2020-07-17,4.59,4.42,4.74,4.38,361182,164356106.0,7.78,-4.54,-0.21,2.15
1199,2020-07-24,4.46,4.6,4.66,4.37,282289,127554767.0,6.56,4.07,0.18,1.68
1200,2020-07-31,4.6,4.56,4.75,4.5,287692,132360989.0,5.43,-0.87,-0.04,1.71
1201,2020-08-07,4.53,4.57,4.7,4.53,286948,132564675.0,3.73,0.22,0.01,1.71
1202,2020-08-14,4.57,4.86,5.1,4.54,503811,244819582.0,12.25,6.35,0.29,3.0
1203,2020-08-21,4.88,4.85,5.03,4.78,275515,134045504.0,5.14,-0.21,-0.01,1.64
1204,2020-08-28,4.84,4.71,4.86,4.68,175807,83282282.0,3.71,-2.89,-0.14,1.05
1205,2020-09-04,4.72,4.7,4.86,4.65,163222,77690563.0,4.46,-0.21,-0.01,0.97
1206,2020-09-11,4.8,4.51,4.85,4.43,208619,97012861.0,8.94,-4.04,-0.19,1.24
1207,2020-09-18,4.51,4.55,4.59,4.48,100235,45282341.0,2.44,0.89,0.04,0.6
1208,2020-09-25,4.54,4.47,4.6,4.45,105110,47420946.0,3.3,-1.76,-0.08,0.63
1209,2020-09-30,4.49,4.41,4.54,4.36,64938,28756136.0,4.03,-1.34,-0.06,0.39
1210,2020-10-09,4.45,4.45,4.47,4.41,20331,9024170.0,1.36,0.91,0.04,0.12
1211,2020-10-16,4.45,4.41,4.59,4.38,120959,54079169.0,4.72,-0.9,-0.04,0.72
1212,2020-10-23,4.41,4.36,4.42,4.35,85051,37313523.0,1.59,-1.13,-0.05,0.51
1213,2020-10-30,4.33,4.16,4.36,3.93,256121,105038416.0,9.86,-4.59,-0.2,1.52
1214,2020-11-06,4.1,4.07,4.15,3.96,118403,47960468.0,4.57,-2.16,-0.09,0.7
1215,2020-11-13,4.06,4.16,4.27,4.05,119164,49490691.0,5.41,2.21,0.09,0.71
1216,2020-11-20,4.19,4.25,4.36,4.16,118489,50576250.0,4.81,2.16,0.09,0.7
1217,2020-11-27,4.3,4.34,4.5,4.17,206724,89538468.0,7.76,2.12,0.09,1.23
1218,2020-12-04,4.35,4.3,4.42,4.25,124724,54058377.0,3.92,-0.92,-0.04,0.74
1219,2020-12-11,4.26,4.26,4.38,4.2,101721,43483422.0,4.19,-0.93,-0.04,0.61
1220,2020-12-18,4.22,4.0,4.36,3.88,213478,85888201.0,11.27,-6.1,-0.26,1.27
1221,2020-12-25,4.0,3.92,4.11,3.89,173710,68861561.0,5.5,-2.0,-0.08,1.03
1222,2020-12-31,3.92,3.69,4.02,3.58,186479,70871191.0,11.22,-5.87,-0.23,1.11
1223,2021-01-08,3.68,3.64,3.83,3.57,182098,67364590.0,7.05,-1.36,-0.05,1.08
1224,2021-01-15,3.64,3.32,3.65,3.23,226883,76823883.0,11.54,-8.79,-0.32,1.35
1225,2021-01-22,3.32,3.29,3.5,3.29,156023,52893019.0,6.33,-0.9,-0.03,0.93
1226,2021-01-29,3.25,3.0,3.28,2.97,193172,59962950.0,9.42,-8.81,-0.29,1.15
1227,2021-02-05,2.97,2.98,3.14,2.77,255665,75800052.0,12.33,-0.67,-0.02,1.52
1228,2021-02-10,3.01,3.06,3.12,3.01,71336,21904121.0,3.69,2.68,0.08,0.42
1229,2021-02-19,3.07,3.17,3.2,3.07,47477,14837647.0,4.25,3.59,0.11,0.28
1230,2021-02-26,3.19,3.51,3.68,3.16,369765,129430405.0,16.4,10.73,0.34,2.2
1231,2021-03-05,3.51,3.64,3.89,3.51,267092,97939778.0,10.83,3.7,0.13,1.59
1232,2021-03-12,3.65,3.59,3.67,3.37,168939,59137334.0,8.24,-1.37,-0.05,1.01
1233,2021-03-19,3.66,3.79,4.07,3.6,366193,140009907.0,13.09,5.57,0.2,2.18
1234,2021-03-26,3.74,3.95,4.18,3.74,274300,110102508.0,11.61,4.22,0.16,1.63
1235,2021-04-02,3.97,3.81,4.07,3.78,144012,55698980.0,7.34,-3.54,-0.14,0.86
1236,2021-04-09,3.82,4.0,4.11,3.8,111958,43966219.0,8.14,4.99,0.19,0.67
1237,2021-04-16,3.98,3.79,4.06,3.68,130962,50386035.0,9.5,-5.25,-0.21,0.78
1238,2021-04-23,3.8,3.73,3.96,3.73,129289,49759628.0,6.07,-1.58,-0.06,0.77
1239,2021-04-30,3.72,3.7,3.78,3.61,93313,34414904.0,4.56,-0.8,-0.03,0.56
1240,2021-05-07,3.66,3.65,3.76,3.6,47464,17490798.0,4.32,-1.35,-0.05,0.28
1241,2021-05-14,3.65,4.23,4.23,3.62,95942,37040016.0,16.71,15.89,0.58,0.57
1242,2021-05-21,4.28,4.06,4.35,4.02,279175,116008168.0,7.8,-4.02,-0.17,1.66
1243,2021-05-28,4.08,4.2,4.3,4.06,147106,61718493.0,5.91,3.45,0.14,0.88
1244,2021-06-04,4.2,4.15,4.23,4.07,134575,55679611.0,3.81,-1.19,-0.05,0.8
1245,2021-06-11,4.11,4.41,4.61,4.05,263203,113312901.0,13.49,6.27,0.26,1.57
1246,2021-06-18,4.4,4.35,4.41,4.27,132852,57637733.0,3.17,-1.36,-0.06,0.79
1247,2021-06-25,4.33,4.39,4.6,4.32,203147,90208174.0,6.44,0.92,0.04,1.21
1248,2021-07-02,4.3,4.08,4.33,4.05,183537,76629119.0,6.38,-7.06,-0.31,1.09
1249,2021-07-09,4.07,4.1,4.2,4.0,119689,49068955.0,4.9,0.49,0.02,0.71
1250,2021-07-16,4.14,4.16,4.31,4.07,154457,64868605.0,5.85,1.46,0.06,0.92
1251,2021-07-23,4.16,4.06,4.16,4.05,93056,38082630.0,2.64,-2.4,-0.1,0.55
1252,2021-07-30,4.05,4.03,4.28,4.01,151469,62330594.0,6.65,-0.74,-0.03,0.9
1253,2021-08-06,4.04,4.15,4.21,3.99,134647,55348794.0,5.46,2.98,0.12,0.8
1254,2021-08-13,4.18,4.37,4.58,4.12,275624,120034019.0,11.08,5.3,0.22,1.64
1255,2021-08-20,4.37,4.84,4.84,4.25,387460,176399960.0,13.5,10.76,0.47,2.31
1256,2021-08-27,5.08,5.5,5.9,5.08,1315528,736715051.0,16.94,13.64,0.66,7.83
1257,2021-09-03,5.38,5.16,5.9,5.11,1286412,709487583.0,14.36,-6.18,-0.34,7.65
1258,2021-09-10,5.1,5.38,5.68,5.06,680881,361371432.0,12.02,4.26,0.22,4.05
1259,2021-09-17,5.35,5.18,5.66,5.16,657776,356446776.0,9.29,-3.72,-0.2,3.91
1260,2021-09-24,5.05,5.08,5.21,5.05,153604,79007598.0,3.09,-1.93,-0.1,0.91
1261,2021-09-30,5.05,4.68,5.06,4.59,247145,118034769.0,9.25,-7.87,-0.4,1.47
1262,2021-10-08,4.69,4.7,4.78,4.64,33056,15496337.0,2.99,0.43,0.02,0.2
1263,2021-10-15,4.69,4.83,4.98,4.52,290225,139490454.0,9.79,2.77,0.13,1.73
1264,2021-10-22,4.78,4.65,4.89,4.62,167479,80192461.0,5.59,-3.73,-0.18,1.0
1265,2021-10-29,4.65,4.5,4.79,4.43,133772,61765584.0,7.74,-3.23,-0.15,0.8
1266,2021-11-05,4.51,4.48,4.58,4.27,159362,70401483.0,6.89,-0.44,-0.02,0.95
1267,2021-11-12,4.47,4.61,4.75,4.47,204980,94561040.0,6.25,2.9,0.13,1.22
1268,2021-11-19,4.6,4.6,4.76,4.53,170607,78790196.0,4.99,-0.22,-0.01,1.01
1269,2021-11-26,4.6,4.67,4.67,4.44,188049,86179390.0,5.0,1.52,0.07,1.12
1270,2021-12-03,4.67,4.85,5.06,4.6,394173,190002109.0,9.85,3.85,0.18,2.34
1271,2021-12-10,4.91,5.22,5.26,4.8,462661,233642745.0,9.48,7.63,0.37,2.75
1272,2021-12-17,5.23,4.98,5.28,4.94,248864,125842726.0,6.51,-4.6,-0.24,1.48
1273,2021-12-24,4.98,4.98,5.13,4.91,175131,88035373.0,4.42,0.0,0.0,1.04
1274,2021-12-31,4.97,5.04,5.06,4.9,144748,71954149.0,3.21,1.2,0.06,0.86
1275,2022-01-07,5.09,4.91,5.09,4.82,144021,71285443.0,5.36,-2.58,-0.13,0.86
1276,2022-01-14,4.93,4.78,4.95,4.77,141078,68480577.0,3.67,-2.65,-0.13,0.84
1277,2022-01-21,4.76,5.02,5.07,4.75,176438,86925681.0,6.69,5.02,0.24,1.05
1278,2022-01-28,5.02,4.69,5.15,4.34,214840,103096258.0,16.14,-6.57,-0.33,1.28
1279,2022-02-11,4.7,4.95,5.11,4.66,207521,101621656.0,9.59,5.54,0.26,1.23
1280,2022-02-18,4.92,5.04,5.16,4.89,122545,61472782.0,5.45,1.82,0.09,0.73
1281,2022-02-25,5.04,4.89,5.08,4.86,159160,78974396.0,4.37,-2.98,-0.15,0.95
1282,2022-03-04,4.93,5.04,5.15,4.79,216165,108168296.0,7.36,3.07,0.15,1.29
1283,2022-03-11,5.05,4.92,5.08,4.81,176695,86859988.0,5.36,-2.38,-0.12,1.05
1284,2022-03-18,4.92,4.81,4.92,4.58,174307,82667499.0,6.91,-2.24,-0.11,1.04
1285,2022-03-25,4.78,4.81,4.99,4.74,145922,71033883.0,5.2,0.0,0.0,0.87
1286,2022-04-01,4.82,4.71,4.83,4.67,130396,61653980.0,3.33,-2.08,-0.1,0.78
1287,2022-04-08,4.71,4.56,4.74,4.46,72383,33472166.0,5.94,-3.18,-0.15,0.43
1288,2022-04-15,4.55,4.33,4.57,4.25,185985,81638308.0,7.02,-5.04,-0.23,1.11
1289,2022-04-22,4.11,3.97,4.33,3.96,187023,77556085.0,8.55,-8.31,-0.36,1.11
1290,2022-04-29,3.96,3.83,3.96,3.4,226750,82567878.0,14.11,-3.53,-0.14,1.35
1291,2022-05-06,4.02,4.12,4.22,3.85,115799,48073284.0,9.66,7.57,0.29,0.69
1292,2022-05-13,4.11,4.16,4.54,3.98,260098,111706068.0,13.59,0.97,0.04,1.55
